"REGION","COUNTRY","REPORTYEAR","POPULATION","donor_status","donor_type","donors"
"Europe","Albania",2010,3.2,"Actual","DBD",0
"Europe","Albania",2010,3.2,"Actual","DCD",0
"Europe","Albania",2011,3.2,"Actual","DBD",0
"Europe","Albania",2011,3.2,"Actual","DCD",0
"Europe","Albania",2011,3.2,"Utilized","DBD",0
"Europe","Albania",2011,3.2,"Utilized","DCD",0
"Europe","Albania",2012,3.2,"Actual","DBD",0
"Europe","Albania",2012,3.2,"Actual","DCD",0
"Europe","Albania",2012,3.2,"Utilized","DBD",0
"Europe","Albania",2012,3.2,"Utilized","DCD",0
"Europe","Albania",2014,3.2,"Actual","DBD",0
"Europe","Albania",2014,3.2,"Actual","DCD",0
"Africa","Algeria",2009,34.9,"Actual","DBD",0
"Africa","Algeria",2009,34.9,"Actual","DCD",0
"Africa","Algeria",2011,36,"Actual","DBD",0
"Africa","Algeria",2011,36,"Actual","DCD",0
"Africa","Algeria",2012,36.5,"Actual","DBD",1
"Africa","Algeria",2012,36.5,"Actual","DCD",0
"Africa","Algeria",2013,39.2,"Actual","DBD",0
"Africa","Algeria",2013,39.2,"Actual","DCD",0
"Africa","Algeria",2013,39.2,"Utilized","DBD",0
"Africa","Algeria",2013,39.2,"Utilized","DCD",0
"Africa","Algeria",2014,39.9,"Actual","DBD",1
"Africa","Algeria",2014,39.9,"Actual","DCD",0
"Africa","Algeria",2014,39.9,"Utilized","DBD",1
"Africa","Algeria",2014,39.9,"Utilized","DCD",0
"America","Argentina",2004,38.9,"Actual","DBD",403
"America","Argentina",2005,38.7,"Actual","DBD",407
"America","Argentina",2007,39.5,"Actual","DBD",486
"America","Argentina",2009,40.3,"Actual","DBD",500
"America","Argentina",2009,40.3,"Actual","DCD",0
"America","Argentina",2010,40.7,"Actual","DBD",583
"America","Argentina",2010,40.7,"Actual","DCD",0
"America","Argentina",2011,40.8,"Actual","DBD",604
"America","Argentina",2011,40.8,"Actual","DCD",0
"America","Argentina",2012,41.1,"Actual","DBD",630
"America","Argentina",2012,41.1,"Actual","DCD",0
"America","Argentina",2013,41.4,"Actual","DBD",568
"America","Argentina",2013,41.4,"Actual","DCD",0
"America","Argentina",2013,41.4,"Utilized","DBD",516
"America","Argentina",2013,41.4,"Utilized","DCD",0
"America","Argentina",2014,41.8,"Actual","DBD",555
"America","Argentina",2014,41.8,"Actual","DCD",0
"America","Argentina",2014,41.8,"Utilized","DBD",507
"America","Argentina",2014,41.8,"Utilized","DCD",0
"Europe","Armenia",2005,3,"Actual","DBD",0
"Europe","Armenia",2005,3,"Actual","DCD",0
"Europe","Armenia",2012,3.1,"Actual","DBD",0
"Europe","Armenia",2012,3.1,"Actual","DCD",0
"Europe","Armenia",2013,3,"Actual","DBD",0
"Europe","Armenia",2013,3,"Actual","DCD",0
"Europe","Armenia",2013,3,"Utilized","DBD",0
"Europe","Armenia",2013,3,"Utilized","DCD",0
"Europe","Armenia",2014,3,"Actual","DBD",0
"Europe","Armenia",2014,3,"Actual","DCD",0
"Europe","Armenia",2014,3,"Utilized","DBD",0
"Europe","Armenia",2014,3,"Utilized","DCD",0
"Western Pacific","Australia",2000,18.9,"Actual","DBD",195
"Western Pacific","Australia",2001,19.3,"Actual","DBD",180
"Western Pacific","Australia",2002,19.5,"Actual","DBD",206
"Western Pacific","Australia",2003,19.7,"Actual","DBD",178
"Western Pacific","Australia",2003,19.7,"Actual","DCD",1
"Western Pacific","Australia",2004,19.9,"Actual","DBD",214
"Western Pacific","Australia",2004,19.9,"Actual","DCD",4
"Western Pacific","Australia",2005,20.2,"Actual","DBD",195
"Western Pacific","Australia",2005,20.2,"Actual","DCD",9
"Western Pacific","Australia",2007,20.6,"Actual","DBD",179
"Western Pacific","Australia",2007,20.6,"Actual","DCD",19
"Western Pacific","Australia",2008,21,"Actual","DBD",236
"Western Pacific","Australia",2008,21,"Actual","DCD",23
"Western Pacific","Australia",2009,21.3,"Actual","DBD",205
"Western Pacific","Australia",2009,21.3,"Actual","DCD",42
"Western Pacific","Australia",2010,21.5,"Actual","DBD",235
"Western Pacific","Australia",2010,21.5,"Actual","DCD",67
"Western Pacific","Australia",2011,22.6,"Actual","DBD",251
"Western Pacific","Australia",2011,22.6,"Actual","DCD",86
"Western Pacific","Australia",2011,22.6,"Utilized","DBD",84
"Western Pacific","Australia",2011,22.6,"Utilized","DCD",329
"Western Pacific","Australia",2012,22.9,"Actual","DBD",277
"Western Pacific","Australia",2012,22.9,"Actual","DCD",77
"Western Pacific","Australia",2013,23.3,"Actual","DBD",305
"Western Pacific","Australia",2013,23.3,"Actual","DCD",86
"Western Pacific","Australia",2013,23.3,"Utilized","DBD",285
"Western Pacific","Australia",2013,23.3,"Utilized","DCD",77
"Europe","Austria",2000,8.2,"Actual","DBD",194
"Europe","Austria",2000,8.2,"Actual","DCD",0
"Europe","Austria",2001,8.1,"Actual","DBD",191
"Europe","Austria",2002,8.1,"Actual","DBD",195
"Europe","Austria",2003,8.1,"Actual","DBD",187
"Europe","Austria",2003,8.1,"Actual","DCD",2
"Europe","Austria",2004,8.1,"Actual","DBD",182
"Europe","Austria",2004,8.1,"Actual","DCD",3
"Europe","Austria",2005,8.2,"Actual","DBD",201
"Europe","Austria",2005,8.2,"Actual","DCD",2
"Europe","Austria",2006,8.2,"Actual","DBD",203
"Europe","Austria",2006,8.2,"Actual","DCD",4
"Europe","Austria",2007,8.2,"Actual","DBD",180
"Europe","Austria",2007,8.2,"Actual","DCD",5
"Europe","Austria",2008,8.4,"Actual","DBD",169
"Europe","Austria",2008,8.4,"Actual","DCD",3
"Europe","Austria",2009,8.4,"Actual","DBD",213
"Europe","Austria",2009,8.4,"Actual","DCD",1
"Europe","Austria",2009,8.4,"Utilized","DBD",209
"Europe","Austria",2009,8.4,"Utilized","DCD",1
"Europe","Austria",2010,8.4,"Actual","DBD",196
"Europe","Austria",2011,8.4,"Actual","DBD",199
"Europe","Austria",2011,8.4,"Actual","DCD",6
"Europe","Austria",2012,8.4,"Actual","DBD",194
"Europe","Austria",2012,8.4,"Actual","DCD",4
"Europe","Austria",2013,8.5,"Actual","DBD",203
"Europe","Austria",2013,8.5,"Actual","DCD",5
"Europe","Austria",2013,8.5,"Utilized","DBD",184
"Europe","Austria",2013,8.5,"Utilized","DCD",3
"Europe","Austria",2014,8.5,"Actual","DBD",206
"Europe","Austria",2014,8.5,"Actual","DCD",6
"Europe","Austria",2014,8.5,"Utilized","DBD",201
"Europe","Austria",2014,8.5,"Utilized","DCD",6
"Europe","Azerbaijan",2011,9.3,"Actual","DBD",0
"Europe","Azerbaijan",2011,9.3,"Actual","DCD",0
"Europe","Azerbaijan",2011,9.3,"Utilized","DBD",0
"Europe","Azerbaijan",2011,9.3,"Utilized","DCD",0
"Europe","Azerbaijan",2012,9.4,"Actual","DBD",0
"Europe","Azerbaijan",2012,9.4,"Actual","DCD",0
"Europe","Azerbaijan",2012,9.4,"Utilized","DBD",0
"Europe","Azerbaijan",2012,9.4,"Utilized","DCD",0
"Europe","Azerbaijan",2013,9.4,"Actual","DBD",0
"Europe","Azerbaijan",2013,9.4,"Actual","DCD",0
"Europe","Azerbaijan",2013,9.4,"Utilized","DBD",0
"Europe","Azerbaijan",2013,9.4,"Utilized","DCD",0
"Europe","Azerbaijan",2014,9.5,"Actual","DBD",0
"Europe","Azerbaijan",2014,9.5,"Actual","DCD",0
"Europe","Azerbaijan",2014,9.5,"Utilized","DBD",0
"Europe","Azerbaijan",2014,9.5,"Utilized","DCD",0
"Eastern Mediterranean","Bahrain",2006,0.7,"Actual","DCD",0
"Europe","Belarus",2005,9.8,"Actual","DBD",4
"Europe","Belarus",2011,9.6,"Actual","DBD",96
"Europe","Belarus",2011,9.6,"Actual","DCD",0
"Europe","Belarus",2012,9.5,"Actual","DBD",106
"Europe","Belarus",2012,9.5,"Actual","DCD",0
"Europe","Belarus",2013,9.4,"Actual","DBD",170
"Europe","Belarus",2013,9.4,"Actual","DCD",0
"Europe","Belarus",2013,9.4,"Utilized","DBD",165
"Europe","Belarus",2013,9.4,"Utilized","DCD",0
"Europe","Belarus",2014,9.3,"Actual","DBD",165
"Europe","Belarus",2014,9.3,"Actual","DCD",0
"Europe","Belarus",2014,9.3,"Utilized","DBD",160
"Europe","Belarus",2014,9.3,"Utilized","DCD",0
"Europe","Belgium",2000,10.2,"Actual","DBD",256
"Europe","Belgium",2001,10.3,"Actual","DBD",222
"Europe","Belgium",2002,10.3,"Actual","DBD",223
"Europe","Belgium",2003,10.3,"Actual","DBD",223
"Europe","Belgium",2003,10.3,"Actual","DCD",14
"Europe","Belgium",2004,10.3,"Actual","DBD",222
"Europe","Belgium",2004,10.3,"Actual","DCD",5
"Europe","Belgium",2005,10.4,"Actual","DBD",238
"Europe","Belgium",2005,10.4,"Actual","DCD",10
"Europe","Belgium",2006,10.4,"Actual","DBD",249
"Europe","Belgium",2006,10.4,"Actual","DCD",33
"Europe","Belgium",2007,10.5,"Actual","DBD",259
"Europe","Belgium",2007,10.5,"Actual","DCD",39
"Europe","Belgium",2008,10.5,"Actual","DBD",232
"Europe","Belgium",2008,10.5,"Actual","DCD",42
"Europe","Belgium",2009,10.6,"Actual","DBD",224
"Europe","Belgium",2009,10.6,"Actual","DCD",61
"Europe","Belgium",2009,10.6,"Utilized","DBD",216
"Europe","Belgium",2009,10.6,"Utilized","DCD",60
"Europe","Belgium",2010,10.7,"Actual","DBD",171
"Europe","Belgium",2010,10.7,"Actual","DCD",50
"Europe","Belgium",2011,10.8,"Actual","DBD",267
"Europe","Belgium",2011,10.8,"Actual","DCD",64
"Europe","Belgium",2012,10.8,"Actual","DBD",255
"Europe","Belgium",2012,10.8,"Actual","DCD",71
"Europe","Belgium",2013,11.1,"Actual","DBD",246
"Europe","Belgium",2013,11.1,"Actual","DCD",78
"Europe","Belgium",2013,11.1,"Utilized","DBD",241
"Europe","Belgium",2013,11.1,"Utilized","DCD",65
"Europe","Belgium",2014,11.1,"Actual","DBD",216
"Europe","Belgium",2014,11.1,"Actual","DCD",83
"South-East Asia","Bhutan",2009,0.7,"Actual","DBD",0
"South-East Asia","Bhutan",2009,0.7,"Actual","DCD",0
"South-East Asia","Bhutan",2010,0.7,"Actual","DBD",0
"South-East Asia","Bhutan",2010,0.7,"Actual","DCD",0
"South-East Asia","Bhutan",2011,0.7,"Actual","DBD",0
"South-East Asia","Bhutan",2011,0.7,"Actual","DCD",0
"South-East Asia","Bhutan",2011,0.7,"Utilized","DBD",0
"South-East Asia","Bhutan",2011,0.7,"Utilized","DCD",0
"South-East Asia","Bhutan",2012,0.8,"Actual","DBD",0
"South-East Asia","Bhutan",2012,0.8,"Actual","DCD",0
"South-East Asia","Bhutan",2012,0.8,"Utilized","DBD",0
"South-East Asia","Bhutan",2012,0.8,"Utilized","DCD",0
"South-East Asia","Bhutan",2013,0.8,"Actual","DBD",0
"South-East Asia","Bhutan",2013,0.8,"Actual","DCD",0
"South-East Asia","Bhutan",2013,0.8,"Utilized","DBD",0
"South-East Asia","Bhutan",2013,0.8,"Utilized","DCD",0
"South-East Asia","Bhutan",2014,0.8,"Actual","DBD",0
"South-East Asia","Bhutan",2014,0.8,"Actual","DCD",0
"South-East Asia","Bhutan",2014,0.8,"Utilized","DBD",0
"South-East Asia","Bhutan",2014,0.8,"Utilized","DCD",0
"America","Bolivia (Plurinational State of)",2010,10.7,"Actual","DBD",15
"America","Bolivia (Plurinational State of)",2010,10.7,"Actual","DCD",0
"America","Bolivia (Plurinational State of)",2004,9,"Actual","DBD",3
"America","Bolivia (Plurinational State of)",2011,10.1,"Actual","DBD",10
"America","Bolivia (Plurinational State of)",2011,10.1,"Actual","DCD",0
"America","Bolivia (Plurinational State of)",2012,10.2,"Actual","DBD",10
"America","Bolivia (Plurinational State of)",2012,10.2,"Actual","DCD",0
"America","Bolivia (Plurinational State of)",2013,10.7,"Actual","DBD",10
"America","Bolivia (Plurinational State of)",2013,10.7,"Actual","DCD",0
"America","Bolivia (Plurinational State of)",2014,10.8,"Actual","DBD",9
"America","Bolivia (Plurinational State of)",2014,10.8,"Actual","DCD",0
"America","Bolivia (Plurinational State of)",2014,10.8,"Utilized","DBD",9
"America","Bolivia (Plurinational State of)",2014,10.8,"Utilized","DCD",0
"Europe","Bosnia and Herzegovina",2013,3.8,"Actual","DBD",1
"Europe","Bosnia and Herzegovina",2013,3.8,"Actual","DCD",0
"Europe","Bosnia and Herzegovina",2013,3.8,"Utilized","DBD",1
"Europe","Bosnia and Herzegovina",2013,3.8,"Utilized","DCD",0
"Europe","Bosnia and Herzegovina",2014,3.8,"Actual","DBD",4
"Europe","Bosnia and Herzegovina",2014,3.8,"Actual","DCD",0
"Europe","Bosnia and Herzegovina",2014,3.8,"Utilized","DBD",4
"Europe","Bosnia and Herzegovina",2014,3.8,"Utilized","DCD",0
"America","Brazil",2004,180.7,"Actual","DBD",1408
"America","Brazil",2005,186.4,"Actual","DBD",1688
"America","Brazil",2010,195.4,"Actual","DBD",1934
"America","Brazil",2011,196.7,"Actual","DBD",2207
"America","Brazil",2011,196.7,"Actual","DCD",0
"America","Brazil",2012,198.4,"Actual","DBD",2451
"America","Brazil",2012,198.4,"Actual","DCD",0
"America","Brazil",2013,200.4,"Actual","DBD",2541
"America","Brazil",2013,200.4,"Actual","DCD",0
"America","Brazil",2013,200.4,"Utilized","DBD",2418
"America","Brazil",2013,200.4,"Utilized","DCD",0
"America","Brazil",2014,202,"Actual","DBD",2710
"America","Brazil",2014,202,"Actual","DCD",0
"America","Brazil",2014,202,"Utilized","DBD",2465
"America","Brazil",2014,202,"Utilized","DCD",0
"Europe","Bulgaria",2000,8.2,"Actual","DBD",26
"Europe","Bulgaria",2001,7.9,"Actual","DBD",2
"Europe","Bulgaria",2002,7.8,"Actual","DBD",8
"Europe","Bulgaria",2003,7.9,"Actual","DBD",12
"Europe","Bulgaria",2004,7.8,"Actual","DBD",7
"Europe","Bulgaria",2005,7.7,"Actual","DBD",6
"Europe","Bulgaria",2007,7.6,"Actual","DBD",9
"Europe","Bulgaria",2007,7.6,"Actual","DCD",0
"Europe","Bulgaria",2008,7.6,"Actual","DBD",8
"Europe","Bulgaria",2009,7.5,"Actual","DBD",11
"Europe","Bulgaria",2009,7.5,"Actual","DCD",0
"Europe","Bulgaria",2009,7.5,"Utilized","DBD",11
"Europe","Bulgaria",2009,7.5,"Utilized","DCD",0
"Europe","Bulgaria",2010,7.5,"Actual","DBD",20
"Europe","Bulgaria",2010,7.5,"Actual","DCD",0
"Europe","Bulgaria",2011,7.4,"Actual","DBD",4
"Europe","Bulgaria",2011,7.4,"Actual","DCD",0
"Europe","Bulgaria",2012,7.4,"Actual","DBD",2
"Europe","Bulgaria",2012,7.4,"Actual","DCD",0
"Europe","Bulgaria",2013,7.2,"Actual","DBD",21
"Europe","Bulgaria",2013,7.2,"Actual","DCD",0
"Europe","Bulgaria",2013,7.2,"Utilized","DBD",10
"Europe","Bulgaria",2013,7.2,"Utilized","DCD",0
"Europe","Bulgaria",2014,7.2,"Actual","DBD",38
"Europe","Bulgaria",2014,7.2,"Actual","DCD",0
"Europe","Bulgaria",2014,7.2,"Utilized","DBD",22
"Europe","Bulgaria",2014,7.2,"Utilized","DCD",0
"Africa","Cameroon",2009,19.5,"Actual","DBD",0
"Africa","Cameroon",2009,19.5,"Actual","DCD",0
"Africa","Cameroon",2011,20,"Actual","DBD",0
"Africa","Cameroon",2011,20,"Actual","DCD",0
"Africa","Cameroon",2011,20,"Utilized","DBD",0
"Africa","Cameroon",2011,20,"Utilized","DCD",0
"Africa","Cameroon",2012,20.5,"Actual","DBD",0
"Africa","Cameroon",2012,20.5,"Actual","DCD",0
"Africa","Cameroon",2012,20.5,"Utilized","DBD",0
"Africa","Cameroon",2012,20.5,"Utilized","DCD",0
"Africa","Cameroon",2013,22.3,"Actual","DBD",0
"Africa","Cameroon",2013,22.3,"Actual","DCD",0
"Africa","Cameroon",2013,22.3,"Utilized","DBD",0
"Africa","Cameroon",2013,22.3,"Utilized","DCD",0
"Africa","Cameroon",2014,22.8,"Actual","DBD",0
"Africa","Cameroon",2014,22.8,"Actual","DCD",0
"Africa","Cameroon",2014,22.8,"Utilized","DBD",0
"Africa","Cameroon",2014,22.8,"Utilized","DCD",0
"America","Canada",2000,31.1,"Actual","DBD",475
"America","Canada",2000,31.1,"Utilized","DCD",0
"America","Canada",2001,31,"Actual","DBD",420
"America","Canada",2001,31,"Utilized","DCD",0
"America","Canada",2002,31.3,"Actual","DBD",411
"America","Canada",2002,31.3,"Actual","DCD",0
"America","Canada",2002,31.3,"Utilized","DCD",0
"America","Canada",2003,31.5,"Actual","DBD",428
"America","Canada",2003,31.5,"Actual","DCD",0
"America","Canada",2003,31.5,"Utilized","DCD",0
"America","Canada",2004,31.7,"Actual","DBD",414
"America","Canada",2004,31.7,"Utilized","DCD",0
"America","Canada",2005,32.3,"Actual","DBD",414
"America","Canada",2005,32.3,"Utilized","DCD",0
"America","Canada",2006,32.6,"Actual","DBD",464
"America","Canada",2006,32.6,"Actual","DCD",4
"America","Canada",2006,32.6,"Utilized","DCD",4
"America","Canada",2007,32.9,"Actual","DBD",471
"America","Canada",2007,32.9,"Actual","DCD",22
"America","Canada",2007,32.9,"Utilized","DCD",22
"America","Canada",2008,33.2,"Actual","DBD",446
"America","Canada",2008,33.2,"Actual","DCD",40
"America","Canada",2008,33.2,"Utilized","DCD",40
"America","Canada",2009,33.6,"Actual","DBD",444
"America","Canada",2009,33.6,"Actual","DCD",43
"America","Canada",2009,33.6,"Utilized","DCD",43
"America","Canada",2010,33.9,"Actual","DBD",423
"America","Canada",2010,33.9,"Actual","DCD",72
"America","Canada",2010,33.9,"Utilized","DCD",45
"America","Canada",2011,34.3,"Actual","DBD",466
"America","Canada",2011,34.3,"Actual","DCD",65
"America","Canada",2011,34.3,"Utilized","DCD",67
"America","Canada",2012,34.7,"Actual","DBD",460
"America","Canada",2012,34.7,"Actual","DCD",82
"America","Canada",2013,35.2,"Utilized","DCD",66
"America","Canada",2014,35.5,"Utilized","DCD",125
"America","Colombia",2004,44.9,"Actual","DBD",258
"America","Colombia",2005,45.6,"Actual","DBD",273
"America","Colombia",2009,45.7,"Actual","DBD",554
"America","Colombia",2010,46.3,"Actual","DBD",569
"America","Colombia",2010,46.3,"Actual","DCD",0
"America","Colombia",2011,46.9,"Actual","DBD",392
"America","Colombia",2011,46.9,"Actual","DCD",0
"America","Colombia",2012,47.6,"Actual","DBD",373
"America","Colombia",2012,47.6,"Actual","DCD",0
"America","Colombia",2013,48.3,"Actual","DBD",329
"America","Colombia",2013,48.3,"Actual","DCD",0
"America","Colombia",2013,48.3,"Utilized","DBD",323
"America","Colombia",2013,48.3,"Utilized","DCD",0
"America","Colombia",2014,48.9,"Actual","DBD",346
"America","Colombia",2014,48.9,"Actual","DCD",0
"America","Colombia",2014,48.9,"Utilized","DBD",336
"America","Colombia",2014,48.9,"Utilized","DCD",0
"America","Costa Rica",2009,4.6,"Actual","DBD",24
"America","Costa Rica",2009,4.6,"Actual","DCD",0
"America","Costa Rica",2010,4.6,"Actual","DBD",16
"America","Costa Rica",2010,4.6,"Actual","DCD",0
"America","Costa Rica",2012,4.8,"Actual","DBD",15
"America","Costa Rica",2012,4.8,"Actual","DCD",0
"America","Costa Rica",2013,4.9,"Actual","DBD",22
"America","Costa Rica",2013,4.9,"Actual","DCD",0
"America","Costa Rica",2013,4.9,"Utilized","DBD",22
"America","Costa Rica",2013,4.9,"Utilized","DCD",0
"America","Costa Rica",2014,4.9,"Actual","DBD",18
"America","Costa Rica",2014,4.9,"Actual","DCD",0
"America","Costa Rica",2014,4.9,"Utilized","DBD",18
"America","Costa Rica",2014,4.9,"Utilized","DCD",0
"Europe","Croatia",2000,4.5,"Actual","DBD",12
"Europe","Croatia",2001,4.7,"Actual","DBD",32
"Europe","Croatia",2002,4.7,"Actual","DBD",41
"Europe","Croatia",2003,4.4,"Actual","DBD",39
"Europe","Croatia",2004,4.4,"Actual","DBD",59
"Europe","Croatia",2005,4.6,"Actual","DBD",43
"Europe","Croatia",2005,4.6,"Actual","DCD",1
"Europe","Croatia",2007,4.6,"Actual","DBD",58
"Europe","Croatia",2008,4.6,"Actual","DBD",83
"Europe","Croatia",2009,4.4,"Utilized","DBD",77
"Europe","Croatia",2009,4.4,"Utilized","DCD",0
"Europe","Croatia",2010,4.4,"Actual","DBD",135
"Europe","Croatia",2010,4.4,"Actual","DCD",0
"Europe","Croatia",2011,4.4,"Actual","DBD",148
"Europe","Croatia",2011,4.4,"Actual","DCD",0
"Europe","Croatia",2012,4.4,"Actual","DBD",153
"Europe","Croatia",2012,4.4,"Actual","DCD",0
"Europe","Croatia",2013,4.3,"Actual","DBD",144
"Europe","Croatia",2013,4.3,"Actual","DCD",0
"Europe","Croatia",2014,4.3,"Actual","DBD",151
"Europe","Croatia",2014,4.3,"Actual","DCD",0
"America","Cuba",2004,11.3,"Actual","DBD",159
"America","Cuba",2005,11.3,"Actual","DBD",126
"America","Cuba",2007,11.3,"Actual","DBD",200
"America","Cuba",2009,11.2,"Actual","DBD",136
"America","Cuba",2009,11.2,"Actual","DCD",0
"America","Cuba",2010,11.2,"Actual","DBD",104
"America","Cuba",2011,11.3,"Actual","DBD",128
"America","Cuba",2011,11.3,"Actual","DCD",0
"America","Cuba",2012,11.2,"Actual","DBD",111
"America","Cuba",2012,11.2,"Actual","DCD",0
"America","Cuba",2013,11.3,"Actual","DBD",94
"America","Cuba",2013,11.3,"Actual","DCD",0
"America","Cuba",2013,11.3,"Utilized","DBD",89
"America","Cuba",2013,11.3,"Utilized","DCD",0
"America","Cuba",2014,11.3,"Actual","DBD",124
"America","Cuba",2014,11.3,"Actual","DCD",0
"America","Cuba",2014,11.3,"Utilized","DBD",120
"America","Cuba",2014,11.3,"Utilized","DCD",0
"Europe","Cyprus",2000,0.8,"Actual","DBD",5
"Europe","Cyprus",2001,0.8,"Actual","DBD",2
"Europe","Cyprus",2002,0.8,"Actual","DBD",7
"Europe","Cyprus",2003,0.8,"Actual","DBD",1
"Europe","Cyprus",2004,0.8,"Actual","DBD",8
"Europe","Cyprus",2005,0.8,"Actual","DBD",5
"Europe","Cyprus",2008,0.9,"Actual","DBD",13
"Europe","Cyprus",2009,0.9,"Utilized","DBD",8
"Europe","Cyprus",2009,0.9,"Utilized","DCD",0
"Europe","Cyprus",2010,0.9,"Actual","DBD",4
"Europe","Cyprus",2010,0.9,"Actual","DCD",0
"Europe","Cyprus",2011,1.1,"Actual","DBD",6
"Europe","Cyprus",2011,1.1,"Actual","DCD",0
"Europe","Cyprus",2012,1.1,"Actual","DBD",4
"Europe","Cyprus",2012,1.1,"Actual","DCD",0
"Europe","Cyprus",2013,1.1,"Actual","DBD",6
"Europe","Cyprus",2013,1.1,"Actual","DCD",0
"Europe","Cyprus",2013,1.1,"Utilized","DBD",6
"Europe","Cyprus",2013,1.1,"Utilized","DCD",0
"Europe","Cyprus",2014,1.2,"Actual","DBD",5
"Europe","Cyprus",2014,1.2,"Actual","DCD",0
"Europe","Cyprus",2014,1.2,"Utilized","DBD",5
"Europe","Cyprus",2014,1.2,"Utilized","DCD",0
"Europe","Czech Republic",2000,10.2,"Actual","DBD",175
"Europe","Czech Republic",2001,10.3,"Actual","DBD",172
"Europe","Czech Republic",2003,10.2,"Actual","DBD",189
"Europe","Czech Republic",2003,10.2,"Actual","DCD",2
"Europe","Czech Republic",2004,10.2,"Actual","DBD",209
"Europe","Czech Republic",2004,10.2,"Actual","DCD",2
"Europe","Czech Republic",2005,10.2,"Actual","DBD",204
"Europe","Czech Republic",2005,10.2,"Actual","DCD",3
"Europe","Czech Republic",2006,10.2,"Actual","DBD",191
"Europe","Czech Republic",2006,10.2,"Actual","DCD",2
"Europe","Czech Republic",2007,10.2,"Actual","DBD",215
"Europe","Czech Republic",2007,10.2,"Actual","DCD",2
"Europe","Czech Republic",2008,10.2,"Actual","DBD",197
"Europe","Czech Republic",2008,10.2,"Actual","DCD",1
"Europe","Czech Republic",2009,10.4,"Actual","DBD",200
"Europe","Czech Republic",2009,10.4,"Actual","DCD",0
"Europe","Czech Republic",2009,10.4,"Utilized","DBD",200
"Europe","Czech Republic",2009,10.4,"Utilized","DCD",0
"Europe","Czech Republic",2010,10.4,"Actual","DBD",204
"Europe","Czech Republic",2010,10.4,"Actual","DCD",2
"Europe","Czech Republic",2011,10.5,"Actual","DBD",184
"Europe","Czech Republic",2011,10.5,"Actual","DCD",1
"Europe","Czech Republic",2012,10.6,"Actual","DBD",214
"Europe","Czech Republic",2012,10.6,"Actual","DCD",2
"Europe","Czech Republic",2013,10.7,"Actual","DBD",217
"Europe","Czech Republic",2013,10.7,"Actual","DCD",1
"Europe","Czech Republic",2013,10.7,"Utilized","DBD",205
"Europe","Czech Republic",2013,10.7,"Utilized","DCD",1
"Europe","Czech Republic",2014,10.7,"Actual","DBD",257
"Europe","Czech Republic",2014,10.7,"Actual","DCD",4
"America","Chile",2005,16.3,"Actual","DBD",134
"America","Chile",2010,17.1,"Actual","DBD",92
"America","Chile",2011,17.3,"Actual","DBD",113
"America","Chile",2011,17.3,"Actual","DCD",0
"America","Chile",2012,17.4,"Actual","DBD",149
"America","Chile",2012,17.4,"Actual","DCD",0
"America","Chile",2013,17.6,"Actual","DBD",103
"America","Chile",2013,17.6,"Actual","DCD",0
"America","Chile",2013,17.6,"Utilized","DBD",101
"America","Chile",2013,17.6,"Utilized","DCD",0
"America","Chile",2014,17.8,"Actual","DBD",123
"America","Chile",2014,17.8,"Actual","DCD",0
"America","Chile",2014,17.8,"Utilized","DBD",119
"America","Chile",2014,17.8,"Utilized","DCD",0
"Europe","Denmark",2000,5.3,"Actual","DBD",68
"Europe","Denmark",2001,5.3,"Actual","DBD",70
"Europe","Denmark",2002,5.3,"Actual","DBD",73
"Europe","Denmark",2003,5.4,"Actual","DBD",75
"Europe","Denmark",2003,5.4,"Actual","DCD",0
"Europe","Denmark",2004,5.4,"Actual","DBD",64
"Europe","Denmark",2005,5.4,"Actual","DBD",63
"Europe","Denmark",2007,5.5,"Actual","DBD",72
"Europe","Denmark",2008,5.5,"Actual","DBD",65
"Europe","Denmark",2009,5.5,"Actual","DBD",77
"Europe","Denmark",2009,5.5,"Actual","DCD",0
"Europe","Denmark",2010,5.5,"Actual","DBD",73
"Europe","Denmark",2010,5.5,"Actual","DCD",0
"Europe","Denmark",2011,5.6,"Actual","DBD",73
"Europe","Denmark",2011,5.6,"Actual","DCD",0
"Europe","Denmark",2012,5.6,"Actual","DBD",76
"Europe","Denmark",2012,5.6,"Actual","DCD",0
"Europe","Denmark",2013,5.6,"Actual","DBD",58
"Europe","Denmark",2013,5.6,"Actual","DCD",0
"Europe","Denmark",2014,5.6,"Actual","DBD",80
"Europe","Denmark",2014,5.6,"Actual","DCD",0
"Europe","Denmark",2014,5.6,"Utilized","DBD",79
"Europe","Denmark",2014,5.6,"Utilized","DCD",0
"America","Dominican Republic",2005,8.9,"Actual","DBD",0
"America","Dominican Republic",2007,9.1,"Actual","DBD",0
"America","Dominican Republic",2009,10.1,"Actual","DBD",9
"America","Dominican Republic",2009,10.1,"Actual","DCD",0
"America","Dominican Republic",2010,10.2,"Actual","DBD",11
"America","Dominican Republic",2011,10.1,"Actual","DBD",17
"America","Dominican Republic",2011,10.1,"Actual","DCD",0
"America","Dominican Republic",2012,10.2,"Actual","DBD",17
"America","Dominican Republic",2012,10.2,"Actual","DCD",0
"America","Dominican Republic",2013,10.4,"Actual","DBD",17
"America","Dominican Republic",2013,10.4,"Actual","DCD",0
"America","Dominican Republic",2013,10.4,"Utilized","DBD",16
"America","Dominican Republic",2013,10.4,"Utilized","DCD",0
"America","Dominican Republic",2014,10.5,"Actual","DBD",29
"America","Dominican Republic",2014,10.5,"Actual","DCD",0
"America","Dominican Republic",2014,10.5,"Utilized","DBD",29
"America","Dominican Republic",2014,10.5,"Utilized","DCD",0
"America","Ecuador",2004,13.2,"Actual","DBD",40
"America","Ecuador",2005,13.2,"Actual","DBD",15
"America","Ecuador",2007,13.6,"Actual","DBD",23
"America","Ecuador",2010,13.8,"Actual","DBD",31
"America","Ecuador",2011,14.7,"Actual","DBD",31
"America","Ecuador",2011,14.7,"Actual","DCD",0
"America","Ecuador",2012,14.9,"Actual","DBD",54
"America","Ecuador",2012,14.9,"Actual","DCD",0
"America","Ecuador",2013,15.7,"Actual","DBD",63
"America","Ecuador",2013,15.7,"Actual","DCD",0
"America","Ecuador",2013,15.7,"Utilized","DBD",58
"America","Ecuador",2013,15.7,"Utilized","DCD",0
"America","Ecuador",2014,16,"Actual","DBD",50
"America","Ecuador",2014,16,"Actual","DCD",0
"America","Ecuador",2014,16,"Utilized","DBD",50
"America","Ecuador",2014,16,"Utilized","DCD",0
"Eastern Mediterranean","Egypt",2005,74,"Actual","DBD",0
"Eastern Mediterranean","Egypt",2005,74,"Actual","DCD",0
"Eastern Mediterranean","Egypt",2011,82.5,"Actual","DBD",0
"Eastern Mediterranean","Egypt",2011,82.5,"Actual","DCD",0
"Eastern Mediterranean","Egypt",2012,84,"Actual","DBD",0
"Eastern Mediterranean","Egypt",2012,84,"Actual","DCD",0
"Eastern Mediterranean","Egypt",2013,82.1,"Actual","DBD",0
"Eastern Mediterranean","Egypt",2013,82.1,"Actual","DCD",0
"Eastern Mediterranean","Egypt",2014,83.4,"Actual","DBD",0
"Eastern Mediterranean","Egypt",2014,83.4,"Actual","DCD",0
"America","El Salvador",2011,6.2,"Actual","DBD",0
"America","El Salvador",2011,6.2,"Actual","DCD",0
"America","El Salvador",2012,6.3,"Actual","DBD",0
"America","El Salvador",2012,6.3,"Actual","DCD",0
"America","El Salvador",2013,6.3,"Actual","DBD",0
"America","El Salvador",2013,6.3,"Actual","DCD",0
"America","El Salvador",2014,6.4,"Actual","DBD",0
"America","El Salvador",2014,6.4,"Actual","DCD",0
"Europe","Estonia",2000,1.4,"Actual","DBD",27
"Europe","Estonia",2001,1.4,"Actual","DBD",14
"Europe","Estonia",2002,1.4,"Actual","DBD",29
"Europe","Estonia",2003,1.3,"Actual","DBD",14
"Europe","Estonia",2005,1.3,"Actual","DBD",35
"Europe","Estonia",2007,1.3,"Actual","DBD",25
"Europe","Estonia",2007,1.3,"Actual","DCD",0
"Europe","Estonia",2008,1.3,"Actual","DBD",31
"Europe","Estonia",2009,1.3,"Utilized","DBD",33
"Europe","Estonia",2009,1.3,"Utilized","DCD",0
"Europe","Estonia",2010,1.3,"Actual","DBD",23
"Europe","Estonia",2010,1.3,"Actual","DCD",0
"Europe","Estonia",2011,1.3,"Actual","DBD",22
"Europe","Estonia",2011,1.3,"Actual","DCD",0
"Europe","Estonia",2012,1.3,"Actual","DBD",32
"Europe","Estonia",2012,1.3,"Actual","DCD",0
"Europe","Estonia",2013,1.3,"Actual","DBD",32
"Europe","Estonia",2013,1.3,"Actual","DCD",0
"Europe","Estonia",2013,1.3,"Utilized","DBD",32
"Europe","Estonia",2013,1.3,"Utilized","DCD",0
"Europe","Estonia",2014,1.3,"Actual","DBD",23
"Europe","Estonia",2014,1.3,"Actual","DCD",0
"Europe","Estonia",2014,1.3,"Utilized","DBD",23
"Europe","Estonia",2014,1.3,"Utilized","DCD",0
"Africa","Ethiopia",2009,82.8,"Actual","DBD",0
"Africa","Ethiopia",2009,82.8,"Actual","DCD",0
"Africa","Ethiopia",2010,85,"Actual","DBD",0
"Africa","Ethiopia",2010,85,"Actual","DCD",0
"Africa","Ethiopia",2011,84.7,"Actual","DBD",0
"Africa","Ethiopia",2011,84.7,"Actual","DCD",0
"Africa","Ethiopia",2011,84.7,"Utilized","DBD",0
"Africa","Ethiopia",2011,84.7,"Utilized","DCD",0
"Africa","Ethiopia",2012,86.5,"Actual","DBD",0
"Africa","Ethiopia",2012,86.5,"Actual","DCD",0
"Africa","Ethiopia",2012,86.5,"Utilized","DBD",0
"Africa","Ethiopia",2012,86.5,"Utilized","DCD",0
"Africa","Ethiopia",2013,94.1,"Actual","DBD",0
"Africa","Ethiopia",2013,94.1,"Actual","DCD",0
"Africa","Ethiopia",2013,94.1,"Utilized","DBD",0
"Africa","Ethiopia",2013,94.1,"Utilized","DCD",0
"Africa","Ethiopia",2014,96.5,"Actual","DBD",0
"Africa","Ethiopia",2014,96.5,"Actual","DCD",0
"Africa","Ethiopia",2014,96.5,"Utilized","DBD",0
"Africa","Ethiopia",2014,96.5,"Utilized","DCD",0
"Western Pacific","Fiji",2009,0.8,"Actual","DBD",0
"Western Pacific","Fiji",2009,0.8,"Actual","DCD",0
"Western Pacific","Fiji",2011,0.9,"Actual","DBD",0
"Western Pacific","Fiji",2011,0.9,"Actual","DCD",0
"Western Pacific","Fiji",2011,0.9,"Utilized","DBD",0
"Western Pacific","Fiji",2011,0.9,"Utilized","DCD",0
"Western Pacific","Fiji",2012,0.9,"Actual","DBD",0
"Western Pacific","Fiji",2012,0.9,"Actual","DCD",0
"Western Pacific","Fiji",2012,0.9,"Utilized","DBD",0
"Western Pacific","Fiji",2012,0.9,"Utilized","DCD",0
"Western Pacific","Fiji",2013,0.9,"Actual","DBD",0
"Western Pacific","Fiji",2013,0.9,"Actual","DCD",0
"Western Pacific","Fiji",2013,0.9,"Utilized","DBD",0
"Western Pacific","Fiji",2013,0.9,"Utilized","DCD",0
"Western Pacific","Fiji",2014,0.9,"Actual","DBD",0
"Western Pacific","Fiji",2014,0.9,"Actual","DCD",0
"Western Pacific","Fiji",2014,0.9,"Utilized","DBD",0
"Western Pacific","Fiji",2014,0.9,"Utilized","DCD",0
"Europe","Finland",2000,5.2,"Actual","DBD",103
"Europe","Finland",2001,5.2,"Actual","DBD",88
"Europe","Finland",2002,5.2,"Actual","DBD",89
"Europe","Finland",2003,5.2,"Actual","DBD",53
"Europe","Finland",2004,5.2,"Actual","DBD",109
"Europe","Finland",2005,5.2,"Actual","DBD",85
"Europe","Finland",2006,5.3,"Actual","DBD",104
"Europe","Finland",2006,5.3,"Actual","DCD",5
"Europe","Finland",2007,5.3,"Actual","DBD",91
"Europe","Finland",2008,5.3,"Actual","DBD",81
"Europe","Finland",2009,5.3,"Utilized","DBD",94
"Europe","Finland",2009,5.3,"Utilized","DCD",0
"Europe","Finland",2010,5.3,"Actual","DBD",92
"Europe","Finland",2010,5.3,"Actual","DCD",0
"Europe","Finland",2011,5.4,"Actual","DBD",93
"Europe","Finland",2011,5.4,"Actual","DCD",0
"Europe","Finland",2012,5.4,"Actual","DBD",108
"Europe","Finland",2012,5.4,"Actual","DCD",0
"Europe","Finland",2013,5.4,"Actual","DBD",96
"Europe","Finland",2013,5.4,"Actual","DCD",0
"Europe","Finland",2014,5.4,"Actual","DBD",121
"Europe","Finland",2014,5.4,"Actual","DCD",0
"Europe","Finland",2014,5.4,"Utilized","DBD",120
"Europe","Finland",2014,5.4,"Utilized","DCD",0
"Europe","France",2002,59.7,"Actual","DCD",0
"Europe","France",2003,60.1,"Actual","DBD",1119
"Europe","France",2004,60.4,"Actual","DBD",1291
"Europe","France",2005,60.5,"Actual","DBD",1371
"Europe","France",2006,60.7,"Actual","DCD",1
"Europe","France",2007,60.9,"Actual","DBD",1562
"Europe","France",2007,60.9,"Actual","DCD",94
"Europe","France",2008,61.9,"Actual","DBD",1563
"Europe","France",2008,61.9,"Actual","DCD",47
"Europe","France",2009,62.3,"Actual","DBD",1481
"Europe","France",2009,62.3,"Actual","DCD",62
"Europe","France",2009,62.3,"Utilized","DBD",1436
"Europe","France",2009,62.3,"Utilized","DCD",46
"Europe","France",2010,62.6,"Actual","DBD",1476
"Europe","France",2010,62.6,"Actual","DCD",62
"Europe","France",2011,63.1,"Actual","DBD",1572
"Europe","France",2011,63.1,"Actual","DCD",58
"Europe","France",2012,63.5,"Actual","DBD",1589
"Europe","France",2012,63.5,"Actual","DCD",53
"Europe","France",2013,64.3,"Actual","DBD",1620
"Europe","France",2013,64.3,"Actual","DCD",53
"Europe","France",2013,64.3,"Utilized","DBD",1572
"Europe","France",2013,64.3,"Utilized","DCD",44
"Europe","France",2014,64.6,"Actual","DBD",1635
"Europe","France",2014,64.6,"Actual","DCD",40
"Europe","France",2014,64.6,"Utilized","DBD",1579
"Europe","France",2014,64.6,"Utilized","DCD",32
"Europe","Georgia",2001,5.2,"Actual","DBD",0
"Europe","Georgia",2002,5.2,"Actual","DBD",0
"Europe","Georgia",2009,4.3,"Actual","DBD",0
"Europe","Georgia",2009,4.3,"Actual","DCD",0
"Europe","Georgia",2011,4.3,"Actual","DBD",0
"Europe","Georgia",2011,4.3,"Actual","DCD",0
"Europe","Georgia",2012,4.3,"Actual","DBD",0
"Europe","Georgia",2012,4.3,"Actual","DCD",0
"Europe","Georgia",2013,4.3,"Actual","DBD",0
"Europe","Georgia",2013,4.3,"Actual","DCD",0
"Europe","Georgia",2013,4.3,"Utilized","DBD",0
"Europe","Georgia",2013,4.3,"Utilized","DCD",0
"Europe","Georgia",2014,4.3,"Actual","DBD",0
"Europe","Georgia",2014,4.3,"Actual","DCD",0
"Europe","Germany",2003,82.5,"Actual","DBD",1133
"Europe","Germany",2004,82.5,"Actual","DBD",1075
"Europe","Germany",2005,82.7,"Actual","DBD",1220
"Europe","Germany",2007,82.7,"Actual","DBD",1313
"Europe","Germany",2007,82.7,"Actual","DCD",0
"Europe","Germany",2008,82.5,"Actual","DBD",1199
"Europe","Germany",2009,82.2,"Actual","DBD",1217
"Europe","Germany",2009,82.2,"Actual","DCD",0
"Europe","Germany",2009,82.2,"Utilized","DBD",1197
"Europe","Germany",2009,82.2,"Utilized","DCD",0
"Europe","Germany",2010,82.1,"Actual","DBD",1296
"Europe","Germany",2010,82.1,"Actual","DCD",0
"Europe","Germany",2011,82.2,"Actual","DBD",1200
"Europe","Germany",2011,82.2,"Actual","DCD",0
"Europe","Germany",2012,82,"Actual","DBD",1047
"Europe","Germany",2012,82,"Actual","DCD",0
"Europe","Germany",2013,82.7,"Actual","DBD",875
"Europe","Germany",2013,82.7,"Actual","DCD",0
"Europe","Germany",2013,82.7,"Utilized","DBD",865
"Europe","Germany",2013,82.7,"Utilized","DCD",0
"Europe","Germany",2014,82.7,"Actual","DBD",864
"Europe","Germany",2014,82.7,"Actual","DCD",0
"Europe","Germany",2014,82.7,"Utilized","DBD",851
"Europe","Germany",2014,82.7,"Utilized","DCD",0
"Africa","Ghana",2009,23.8,"Actual","DBD",0
"Africa","Ghana",2009,23.8,"Actual","DCD",0
"Africa","Ghana",2010,24.3,"Actual","DBD",0
"Africa","Ghana",2010,24.3,"Actual","DCD",0
"Africa","Ghana",2011,25,"Actual","DBD",0
"Africa","Ghana",2011,25,"Actual","DCD",0
"Africa","Ghana",2011,25,"Utilized","DBD",0
"Africa","Ghana",2011,25,"Utilized","DCD",0
"Africa","Ghana",2012,25.5,"Actual","DBD",0
"Africa","Ghana",2012,25.5,"Actual","DCD",0
"Africa","Ghana",2012,25.5,"Utilized","DBD",0
"Africa","Ghana",2012,25.5,"Utilized","DCD",0
"Africa","Ghana",2013,25.9,"Actual","DBD",0
"Africa","Ghana",2013,25.9,"Actual","DCD",0
"Africa","Ghana",2013,25.9,"Utilized","DBD",0
"Africa","Ghana",2013,25.9,"Utilized","DCD",0
"Africa","Ghana",2014,26.4,"Actual","DBD",0
"Africa","Ghana",2014,26.4,"Actual","DCD",0
"Africa","Ghana",2014,26.4,"Utilized","DBD",0
"Africa","Ghana",2014,26.4,"Utilized","DCD",0
"Europe","Greece",2000,10.6,"Actual","DBD",20
"Europe","Greece",2001,10.6,"Actual","DBD",32
"Europe","Greece",2002,10.6,"Actual","DBD",65
"Europe","Greece",2003,11,"Actual","DBD",71
"Europe","Greece",2004,11,"Actual","DBD",66
"Europe","Greece",2005,11.1,"Actual","DBD",85
"Europe","Greece",2005,11.1,"Actual","DCD",4
"Europe","Greece",2007,11.2,"Actual","DBD",64
"Europe","Greece",2008,11.2,"Actual","DBD",98
"Europe","Greece",2010,11.2,"Actual","DBD",44
"Europe","Greece",2010,11.2,"Actual","DCD",0
"Europe","Greece",2012,11.4,"Actual","DBD",77
"Europe","Greece",2012,11.4,"Actual","DCD",0
"Europe","Greece",2013,11.1,"Actual","DBD",62
"Europe","Greece",2013,11.1,"Actual","DCD",0
"Europe","Greece",2013,11.1,"Utilized","DBD",58
"Europe","Greece",2013,11.1,"Utilized","DCD",0
"Europe","Greece",2014,11.1,"Actual","DBD",50
"Europe","Greece",2014,11.1,"Actual","DCD",0
"Europe","Greece",2014,11.1,"Utilized","DBD",50
"Europe","Greece",2014,11.1,"Utilized","DCD",0
"America","Guatemala",2004,12.7,"Actual","DBD",3
"America","Guatemala",2007,13.2,"Actual","DBD",18
"America","Guatemala",2011,14.8,"Actual","DBD",8
"America","Guatemala",2011,14.8,"Actual","DCD",0
"America","Guatemala",2012,15.1,"Actual","DBD",5
"America","Guatemala",2012,15.1,"Actual","DCD",0
"America","Guatemala",2013,15.5,"Actual","DBD",6
"America","Guatemala",2013,15.5,"Actual","DCD",0
"America","Guatemala",2014,15.9,"Actual","DBD",8
"America","Guatemala",2014,15.9,"Actual","DCD",0
"America","Guatemala",2014,15.9,"Utilized","DBD",8
"America","Guatemala",2014,15.9,"Utilized","DCD",0
"Europe","Hungary",2000,10,"Actual","DBD",138
"Europe","Hungary",2001,9.9,"Actual","DBD",137
"Europe","Hungary",2002,9.9,"Actual","DBD",167
"Europe","Hungary",2002,9.9,"Actual","DCD",0
"Europe","Hungary",2003,9.9,"Actual","DBD",161
"Europe","Hungary",2004,9.8,"Actual","DBD",160
"Europe","Hungary",2005,10.1,"Actual","DBD",181
"Europe","Hungary",2007,10,"Actual","DBD",151
"Europe","Hungary",2007,10,"Actual","DCD",0
"Europe","Hungary",2008,10,"Actual","DBD",148
"Europe","Hungary",2009,10,"Actual","DBD",140
"Europe","Hungary",2009,10,"Actual","DCD",0
"Europe","Hungary",2009,10,"Utilized","DBD",134
"Europe","Hungary",2009,10,"Utilized","DCD",0
"Europe","Hungary",2010,10,"Actual","DBD",159
"Europe","Hungary",2010,10,"Actual","DCD",0
"Europe","Hungary",2011,10,"Actual","DBD",131
"Europe","Hungary",2011,10,"Actual","DCD",0
"Europe","Hungary",2012,9.9,"Actual","DBD",143
"Europe","Hungary",2012,9.9,"Actual","DCD",0
"Europe","Hungary",2013,10,"Actual","DBD",155
"Europe","Hungary",2013,10,"Actual","DCD",0
"Europe","Hungary",2013,10,"Utilized","DBD",153
"Europe","Hungary",2013,10,"Utilized","DCD",0
"Europe","Hungary",2014,9.9,"Actual","DBD",203
"Europe","Hungary",2014,9.9,"Actual","DCD",0
"Europe","Hungary",2014,9.9,"Utilized","DBD",199
"Europe","Hungary",2014,9.9,"Utilized","DCD",0
"Europe","Iceland",2003,0.3,"Actual","DBD",0
"Europe","Iceland",2004,0.3,"Actual","DBD",5
"Europe","Iceland",2005,0.3,"Actual","DBD",2
"Europe","Iceland",2007,0.3,"Actual","DBD",0
"Europe","Iceland",2007,0.3,"Actual","DCD",0
"Europe","Iceland",2009,0.3,"Actual","DBD",6
"Europe","Iceland",2009,0.3,"Actual","DCD",0
"Europe","Iceland",2009,0.3,"Utilized","DBD",6
"Europe","Iceland",2009,0.3,"Utilized","DCD",0
"Europe","Iceland",2011,0.3,"Actual","DBD",2
"Europe","Iceland",2011,0.3,"Actual","DCD",0
"Europe","Iceland",2012,0.3,"Actual","DBD",3
"Europe","Iceland",2012,0.3,"Actual","DCD",0
"Europe","Iceland",2013,0.3,"Actual","DBD",4
"Europe","Iceland",2013,0.3,"Actual","DCD",0
"Europe","Iceland",2014,0.3,"Actual","DBD",3
"Europe","Iceland",2014,0.3,"Actual","DCD",0
"Europe","Iceland",2014,0.3,"Utilized","DBD",3
"Europe","Iceland",2014,0.3,"Utilized","DCD",0
"South-East Asia","India",2013,1252.1,"Actual","DBD",340
"South-East Asia","India",2013,1252.1,"Actual","DCD",0
"South-East Asia","India",2013,1252.1,"Utilized","DBD",319
"South-East Asia","India",2013,1252.1,"Utilized","DCD",0
"South-East Asia","India",2014,1267.4,"Actual","DBD",408
"South-East Asia","India",2014,1267.4,"Actual","DCD",0
"South-East Asia","India",2014,1267.4,"Utilized","DBD",385
"South-East Asia","India",2014,1267.4,"Utilized","DCD",0
"South-East Asia","Indonesia",2007,228.1,"Actual","DBD",0
"South-East Asia","Indonesia",2007,228.1,"Actual","DCD",0
"South-East Asia","Indonesia",2009,230,"Actual","DBD",0
"South-East Asia","Indonesia",2009,230,"Actual","DCD",0
"South-East Asia","Indonesia",2010,232.5,"Actual","DBD",0
"South-East Asia","Indonesia",2010,232.5,"Actual","DCD",0
"South-East Asia","Indonesia",2011,242.3,"Actual","DBD",0
"South-East Asia","Indonesia",2011,242.3,"Actual","DCD",0
"South-East Asia","Indonesia",2012,244.8,"Actual","DBD",0
"South-East Asia","Indonesia",2012,244.8,"Actual","DCD",0
"South-East Asia","Indonesia",2013,249.9,"Actual","DBD",0
"South-East Asia","Indonesia",2013,249.9,"Actual","DCD",0
"Eastern Mediterranean","Iran (Islamic Republic of)",2000,67.7,"Actual","DBD",20
"Eastern Mediterranean","Iran (Islamic Republic of)",2000,67.7,"Actual","DCD",0
"Eastern Mediterranean","Iran (Islamic Republic of)",2001,71.4,"Actual","DBD",43
"Eastern Mediterranean","Iran (Islamic Republic of)",2001,71.4,"Actual","DCD",0
"Eastern Mediterranean","Iran (Islamic Republic of)",2002,72.4,"Actual","DBD",52
"Eastern Mediterranean","Iran (Islamic Republic of)",2002,72.4,"Actual","DCD",0
"Eastern Mediterranean","Iran (Islamic Republic of)",2003,68.9,"Actual","DBD",87
"Eastern Mediterranean","Iran (Islamic Republic of)",2003,68.9,"Actual","DCD",0
"Eastern Mediterranean","Iran (Islamic Republic of)",2004,69.8,"Actual","DBD",114
"Eastern Mediterranean","Iran (Islamic Republic of)",2004,69.8,"Actual","DCD",0
"Eastern Mediterranean","Iran (Islamic Republic of)",2005,69.5,"Actual","DBD",118
"Eastern Mediterranean","Iran (Islamic Republic of)",2005,69.5,"Actual","DCD",0
"Eastern Mediterranean","Iran (Islamic Republic of)",2006,70.3,"Actual","DBD",128
"Eastern Mediterranean","Iran (Islamic Republic of)",2006,70.3,"Actual","DCD",0
"Eastern Mediterranean","Iran (Islamic Republic of)",2007,71.2,"Actual","DBD",165
"Eastern Mediterranean","Iran (Islamic Republic of)",2007,71.2,"Actual","DCD",0
"Eastern Mediterranean","Iran (Islamic Republic of)",2008,72.2,"Actual","DBD",203
"Eastern Mediterranean","Iran (Islamic Republic of)",2009,74.2,"Actual","DBD",212
"Eastern Mediterranean","Iran (Islamic Republic of)",2009,74.2,"Actual","DCD",0
"Eastern Mediterranean","Iran (Islamic Republic of)",2010,75.1,"Actual","DBD",311
"Eastern Mediterranean","Iran (Islamic Republic of)",2010,75.1,"Actual","DCD",0
"Eastern Mediterranean","Iran (Islamic Republic of)",2011,74.8,"Actual","DBD",430
"Eastern Mediterranean","Iran (Islamic Republic of)",2011,74.8,"Actual","DCD",0
"Eastern Mediterranean","Iran (Islamic Republic of)",2011,74.8,"Utilized","DBD",430
"Eastern Mediterranean","Iran (Islamic Republic of)",2011,74.8,"Utilized","DCD",0
"Eastern Mediterranean","Iran (Islamic Republic of)",2012,75.6,"Actual","DBD",528
"Eastern Mediterranean","Iran (Islamic Republic of)",2012,75.6,"Actual","DCD",0
"Eastern Mediterranean","Iran (Islamic Republic of)",2012,75.6,"Utilized","DBD",528
"Eastern Mediterranean","Iran (Islamic Republic of)",2012,75.6,"Utilized","DCD",0
"Eastern Mediterranean","Iran (Islamic Republic of)",2013,77.4,"Actual","DBD",670
"Eastern Mediterranean","Iran (Islamic Republic of)",2013,77.4,"Actual","DCD",0
"Eastern Mediterranean","Iran (Islamic Republic of)",2013,77.4,"Utilized","DBD",670
"Eastern Mediterranean","Iran (Islamic Republic of)",2013,77.4,"Utilized","DCD",0
"Eastern Mediterranean","Iran (Islamic Republic of)",2014,78.5,"Actual","DBD",659
"Eastern Mediterranean","Iran (Islamic Republic of)",2014,78.5,"Actual","DCD",0
"Europe","Ireland",2001,3.8,"Actual","DBD",68
"Europe","Ireland",2002,3.9,"Actual","DBD",80
"Europe","Ireland",2003,4,"Actual","DBD",80
"Europe","Ireland",2004,4,"Actual","DBD",86
"Europe","Ireland",2005,4.1,"Actual","DBD",71
"Europe","Ireland",2007,4.3,"Actual","DBD",88
"Europe","Ireland",2007,4.3,"Actual","DCD",0
"Europe","Ireland",2008,4.4,"Actual","DBD",81
"Europe","Ireland",2009,4.5,"Actual","DBD",90
"Europe","Ireland",2009,4.5,"Actual","DCD",0
"Europe","Ireland",2009,4.5,"Utilized","DBD",86
"Europe","Ireland",2009,4.5,"Utilized","DCD",0
"Europe","Ireland",2010,4.6,"Actual","DBD",58
"Europe","Ireland",2010,4.6,"Actual","DCD",0
"Europe","Ireland",2011,4.5,"Actual","DBD",92
"Europe","Ireland",2011,4.5,"Actual","DCD",1
"Europe","Ireland",2012,4.6,"Actual","DBD",75
"Europe","Ireland",2012,4.6,"Actual","DCD",3
"Europe","Ireland",2013,4.6,"Actual","DBD",80
"Europe","Ireland",2013,4.6,"Actual","DCD",6
"Europe","Ireland",2013,4.6,"Utilized","DBD",76
"Europe","Ireland",2013,4.6,"Utilized","DCD",6
"Europe","Ireland",2014,4.7,"Actual","DBD",59
"Europe","Ireland",2014,4.7,"Actual","DCD",4
"Europe","Ireland",2014,4.7,"Utilized","DBD",55
"Europe","Ireland",2014,4.7,"Utilized","DCD",4
"Europe","Israel",2001,6.2,"Actual","DBD",59
"Europe","Israel",2002,6.3,"Actual","DBD",64
"Europe","Israel",2003,6.4,"Actual","DBD",43
"Europe","Israel",2004,6.6,"Actual","DBD",59
"Europe","Israel",2004,6.6,"Actual","DCD",1
"Europe","Israel",2005,6.7,"Actual","DBD",59
"Europe","Israel",2005,6.7,"Actual","DCD",3
"Europe","Israel",2007,7,"Actual","DBD",61
"Europe","Israel",2009,7.2,"Actual","DBD",65
"Europe","Israel",2009,7.2,"Actual","DCD",1
"Europe","Israel",2010,7.3,"Actual","DBD",58
"Europe","Israel",2010,7.3,"Actual","DCD",2
"Europe","Israel",2011,7.6,"Actual","DBD",82
"Europe","Israel",2011,7.6,"Actual","DCD",0
"Europe","Israel",2012,7.7,"Actual","DBD",57
"Europe","Israel",2012,7.7,"Actual","DCD",0
"Europe","Israel",2013,7.7,"Actual","DBD",76
"Europe","Israel",2013,7.7,"Actual","DCD",0
"Europe","Israel",2013,7.7,"Utilized","DBD",74
"Europe","Israel",2013,7.7,"Utilized","DCD",0
"Europe","Israel",2014,7.8,"Actual","DBD",60
"Europe","Israel",2014,7.8,"Actual","DCD",3
"Europe","Israel",2014,7.8,"Utilized","DBD",57
"Europe","Israel",2014,7.8,"Utilized","DCD",2
"Europe","Italy",2000,57.3,"Actual","DBD",880
"Europe","Italy",2001,57.5,"Actual","DBD",988
"Europe","Italy",2003,57.4,"Actual","DBD",1042
"Europe","Italy",2004,57.3,"Actual","DBD",1203
"Europe","Italy",2005,58.1,"Actual","DBD",1197
"Europe","Italy",2007,58.2,"Actual","DBD",1194
"Europe","Italy",2007,58.2,"Actual","DCD",0
"Europe","Italy",2008,58.9,"Actual","DBD",1198
"Europe","Italy",2008,58.9,"Actual","DCD",3
"Europe","Italy",2009,59.9,"Actual","DCD",2
"Europe","Italy",2009,59.9,"Utilized","DBD",1166
"Europe","Italy",2009,59.9,"Utilized","DCD",1
"Europe","Italy",2010,60.1,"Actual","DBD",1295
"Europe","Italy",2010,60.1,"Actual","DCD",3
"Europe","Italy",2011,60.8,"Actual","DBD",1319
"Europe","Italy",2011,60.8,"Actual","DCD",6
"Europe","Italy",2012,61,"Actual","DBD",1332
"Europe","Italy",2012,61,"Actual","DCD",5
"Europe","Italy",2013,61,"Actual","DBD",1320
"Europe","Italy",2013,61,"Actual","DCD",3
"Europe","Italy",2013,61,"Utilized","DBD",1102
"Europe","Italy",2013,61,"Utilized","DCD",0
"Europe","Italy",2014,61.1,"Actual","DBD",1382
"Europe","Italy",2014,61.1,"Actual","DCD",2
"Europe","Italy",2014,61.1,"Utilized","DBD",1174
"Europe","Italy",2014,61.1,"Utilized","DCD",1
"Western Pacific","Japan",2005,128.1,"Actual","DBD",9
"Western Pacific","Japan",2005,128.1,"Actual","DCD",82
"Western Pacific","Japan",2006,128.2,"Actual","DBD",10
"Western Pacific","Japan",2006,128.2,"Actual","DCD",102
"Western Pacific","Japan",2007,128.3,"Actual","DBD",13
"Western Pacific","Japan",2007,128.3,"Actual","DCD",92
"Western Pacific","Japan",2008,127.9,"Actual","DBD",13
"Western Pacific","Japan",2008,127.9,"Actual","DCD",96
"Western Pacific","Japan",2009,127.2,"Actual","DBD",7
"Western Pacific","Japan",2009,127.2,"Actual","DCD",98
"Western Pacific","Japan",2010,127,"Actual","DBD",7
"Western Pacific","Japan",2010,127,"Actual","DCD",98
"Western Pacific","Japan",2011,126.5,"Actual","DBD",44
"Western Pacific","Japan",2011,126.5,"Actual","DCD",68
"Western Pacific","Japan",2011,126.5,"Utilized","DBD",44
"Western Pacific","Japan",2011,126.5,"Utilized","DCD",64
"Western Pacific","Japan",2012,126.4,"Actual","DBD",45
"Western Pacific","Japan",2012,126.4,"Actual","DCD",65
"Western Pacific","Japan",2012,126.4,"Utilized","DBD",45
"Western Pacific","Japan",2012,126.4,"Utilized","DCD",65
"Western Pacific","Japan",2013,127.1,"Actual","DBD",47
"Western Pacific","Japan",2013,127.1,"Actual","DCD",37
"Western Pacific","Japan",2013,127.1,"Utilized","DBD",47
"Western Pacific","Japan",2013,127.1,"Utilized","DCD",35
"Western Pacific","Japan",2014,127,"Actual","DBD",50
"Western Pacific","Japan",2014,127,"Actual","DCD",27
"Western Pacific","Japan",2014,127,"Utilized","DBD",50
"Western Pacific","Japan",2014,127,"Utilized","DCD",24
"Eastern Mediterranean","Jordan",2009,6.3,"Actual","DBD",0
"Eastern Mediterranean","Jordan",2009,6.3,"Actual","DCD",0
"Eastern Mediterranean","Jordan",2010,6.5,"Actual","DBD",0
"Eastern Mediterranean","Jordan",2010,6.5,"Actual","DCD",0
"Eastern Mediterranean","Jordan",2011,6.3,"Actual","DBD",0
"Eastern Mediterranean","Jordan",2011,6.3,"Actual","DCD",0
"Eastern Mediterranean","Jordan",2012,6.5,"Actual","DBD",0
"Eastern Mediterranean","Jordan",2012,6.5,"Actual","DCD",0
"Eastern Mediterranean","Jordan",2013,7.3,"Actual","DBD",0
"Eastern Mediterranean","Jordan",2013,7.3,"Actual","DCD",0
"Europe","Kazakhstan",2005,14.8,"Actual","DCD",490
"Europe","Kazakhstan",2012,16.4,"Actual","DBD",4
"Europe","Kazakhstan",2012,16.4,"Actual","DCD",0
"Europe","Kazakhstan",2012,16.4,"Utilized","DBD",4
"Europe","Kazakhstan",2012,16.4,"Utilized","DCD",0
"Europe","Kazakhstan",2013,16.4,"Actual","DBD",4
"Europe","Kazakhstan",2013,16.4,"Actual","DCD",0
"Europe","Kazakhstan",2013,16.4,"Utilized","DBD",4
"Europe","Kazakhstan",2013,16.4,"Utilized","DCD",0
"Europe","Kazakhstan",2014,16.6,"Actual","DBD",10
"Europe","Kazakhstan",2014,16.6,"Actual","DCD",0
"Europe","Kazakhstan",2014,16.6,"Utilized","DBD",10
"Europe","Kazakhstan",2014,16.6,"Utilized","DCD",0
"Africa","Kenya",2007,36,"Actual","DBD",0
"Africa","Kenya",2007,36,"Actual","DCD",0
"Africa","Kenya",2009,39.8,"Actual","DBD",0
"Africa","Kenya",2009,39.8,"Actual","DCD",0
"Africa","Kenya",2010,40.9,"Actual","DBD",0
"Africa","Kenya",2010,40.9,"Actual","DCD",0
"Africa","Kenya",2011,41.6,"Actual","DBD",0
"Africa","Kenya",2011,41.6,"Actual","DCD",0
"Africa","Kenya",2011,41.6,"Utilized","DBD",0
"Africa","Kenya",2011,41.6,"Utilized","DCD",0
"Africa","Kenya",2012,42.7,"Actual","DBD",0
"Africa","Kenya",2012,42.7,"Actual","DCD",0
"Africa","Kenya",2012,42.7,"Utilized","DBD",0
"Africa","Kenya",2012,42.7,"Utilized","DCD",0
"Africa","Kenya",2013,44.4,"Actual","DBD",0
"Africa","Kenya",2013,44.4,"Actual","DCD",0
"Africa","Kenya",2013,44.4,"Utilized","DBD",0
"Africa","Kenya",2013,44.4,"Utilized","DCD",0
"Africa","Kenya",2014,45.5,"Actual","DBD",0
"Africa","Kenya",2014,45.5,"Actual","DCD",0
"Africa","Kenya",2014,45.5,"Utilized","DBD",0
"Africa","Kenya",2014,45.5,"Utilized","DCD",0
"Eastern Mediterranean","Kuwait",2005,2.7,"Actual","DBD",13
"Eastern Mediterranean","Kuwait",2005,2.7,"Actual","DCD",0
"Eastern Mediterranean","Kuwait",2006,2.8,"Actual","DBD",14
"Eastern Mediterranean","Kuwait",2006,2.8,"Actual","DCD",0
"Eastern Mediterranean","Kuwait",2007,2.8,"Actual","DBD",12
"Eastern Mediterranean","Kuwait",2007,2.8,"Actual","DCD",0
"Eastern Mediterranean","Kuwait",2008,2.9,"Actual","DBD",13
"Eastern Mediterranean","Kuwait",2009,3,"Actual","DBD",5
"Eastern Mediterranean","Kuwait",2009,3,"Actual","DCD",0
"Eastern Mediterranean","Kuwait",2010,3.1,"Actual","DBD",7
"Eastern Mediterranean","Kuwait",2010,3.1,"Actual","DCD",0
"Eastern Mediterranean","Kuwait",2011,2.8,"Actual","DBD",9
"Eastern Mediterranean","Kuwait",2011,2.8,"Utilized","DBD",9
"Eastern Mediterranean","Kuwait",2011,2.8,"Utilized","DCD",0
"Eastern Mediterranean","Kuwait",2012,2.9,"Actual","DBD",18
"Eastern Mediterranean","Kuwait",2012,2.9,"Utilized","DBD",18
"Eastern Mediterranean","Kuwait",2013,3.4,"Actual","DBD",11
"Eastern Mediterranean","Kuwait",2013,3.4,"Actual","DCD",0
"Eastern Mediterranean","Kuwait",2013,3.4,"Utilized","DBD",10
"Eastern Mediterranean","Kuwait",2013,3.4,"Utilized","DCD",0
"Eastern Mediterranean","Kuwait",2014,3.5,"Actual","DBD",24
"Eastern Mediterranean","Kuwait",2014,3.5,"Actual","DCD",0
"Eastern Mediterranean","Kuwait",2014,3.5,"Utilized","DBD",24
"Eastern Mediterranean","Kuwait",2014,3.5,"Utilized","DCD",0
"Europe","Kyrgyzstan",2011,5.4,"Actual","DBD",0
"Europe","Kyrgyzstan",2011,5.4,"Actual","DCD",0
"Europe","Kyrgyzstan",2011,5.4,"Utilized","DBD",0
"Europe","Kyrgyzstan",2011,5.4,"Utilized","DCD",0
"Europe","Kyrgyzstan",2012,5.4,"Actual","DBD",0
"Europe","Kyrgyzstan",2012,5.4,"Actual","DCD",0
"Europe","Kyrgyzstan",2012,5.4,"Utilized","DBD",0
"Europe","Kyrgyzstan",2012,5.4,"Utilized","DCD",0
"Europe","Kyrgyzstan",2013,5.5,"Actual","DBD",0
"Europe","Kyrgyzstan",2013,5.5,"Actual","DCD",0
"Europe","Kyrgyzstan",2013,5.5,"Utilized","DBD",0
"Europe","Kyrgyzstan",2013,5.5,"Utilized","DCD",0
"Europe","Kyrgyzstan",2014,5.6,"Actual","DBD",0
"Europe","Kyrgyzstan",2014,5.6,"Actual","DCD",0
"Europe","Kyrgyzstan",2014,5.6,"Utilized","DBD",0
"Europe","Kyrgyzstan",2014,5.6,"Utilized","DCD",0
"Western Pacific","Lao People's Democratic Republic",2005,5.9,"Actual","DBD",0
"Western Pacific","Lao People's Democratic Republic",2005,5.9,"Actual","DCD",0
"Europe","Latvia",2000,2.4,"Actual","DBD",40
"Europe","Latvia",2001,2.4,"Actual","DBD",41
"Europe","Latvia",2002,2.4,"Actual","DBD",56
"Europe","Latvia",2003,2.3,"Actual","DBD",39
"Europe","Latvia",2004,2.3,"Actual","DBD",26
"Europe","Latvia",2004,2.3,"Actual","DCD",15
"Europe","Latvia",2005,2.3,"Actual","DBD",36
"Europe","Latvia",2005,2.3,"Actual","DCD",10
"Europe","Latvia",2007,2.3,"Actual","DBD",31
"Europe","Latvia",2007,2.3,"Actual","DCD",12
"Europe","Latvia",2008,2.3,"Actual","DBD",19
"Europe","Latvia",2008,2.3,"Actual","DCD",11
"Europe","Latvia",2009,2.2,"Actual","DBD",21
"Europe","Latvia",2009,2.2,"Actual","DCD",13
"Europe","Latvia",2009,2.2,"Utilized","DBD",21
"Europe","Latvia",2009,2.2,"Utilized","DCD",13
"Europe","Latvia",2010,2.2,"Actual","DBD",23
"Europe","Latvia",2010,2.2,"Actual","DCD",11
"Europe","Latvia",2011,2.2,"Actual","DBD",27
"Europe","Latvia",2011,2.2,"Actual","DCD",13
"Europe","Latvia",2012,2.2,"Actual","DBD",23
"Europe","Latvia",2012,2.2,"Actual","DCD",15
"Europe","Latvia",2013,2.1,"Actual","DBD",21
"Europe","Latvia",2013,2.1,"Actual","DCD",13
"Europe","Latvia",2013,2.1,"Utilized","DBD",20
"Europe","Latvia",2013,2.1,"Utilized","DCD",11
"Europe","Latvia",2014,2,"Actual","DBD",20
"Europe","Latvia",2014,2,"Actual","DCD",9
"Europe","Latvia",2014,2,"Utilized","DBD",17
"Europe","Latvia",2014,2,"Utilized","DCD",9
"Eastern Mediterranean","Lebanon",2009,4.2,"Actual","DBD",0
"Eastern Mediterranean","Lebanon",2009,4.2,"Actual","DCD",0
"Eastern Mediterranean","Lebanon",2011,4.3,"Actual","DBD",10
"Eastern Mediterranean","Lebanon",2011,4.3,"Actual","DCD",0
"Eastern Mediterranean","Lebanon",2011,4.3,"Utilized","DBD",8
"Eastern Mediterranean","Lebanon",2011,4.3,"Utilized","DCD",0
"Eastern Mediterranean","Lebanon",2012,4.3,"Actual","DBD",10
"Eastern Mediterranean","Lebanon",2012,4.3,"Actual","DCD",0
"Eastern Mediterranean","Lebanon",2012,4.3,"Utilized","DBD",6
"Eastern Mediterranean","Lebanon",2012,4.3,"Utilized","DCD",0
"Eastern Mediterranean","Lebanon",2013,4.8,"Actual","DBD",7
"Eastern Mediterranean","Lebanon",2013,4.8,"Actual","DCD",0
"Eastern Mediterranean","Lebanon",2013,4.8,"Utilized","DBD",7
"Eastern Mediterranean","Lebanon",2013,4.8,"Utilized","DCD",0
"Eastern Mediterranean","Lebanon",2014,5,"Actual","DBD",9
"Eastern Mediterranean","Lebanon",2014,5,"Actual","DCD",0
"Eastern Mediterranean","Lebanon",2014,5,"Utilized","DBD",6
"Eastern Mediterranean","Lebanon",2014,5,"Utilized","DCD",0
"Eastern Mediterranean","State of Libya",2005,5.9,"Actual","DBD",0
"Eastern Mediterranean","State of Libya",2005,5.9,"Actual","DCD",0
"Eastern Mediterranean","State of Libya",2006,6,"Actual","DBD",0
"Eastern Mediterranean","State of Libya",2006,6,"Actual","DCD",0
"Eastern Mediterranean","State of Libya",2007,6.1,"Actual","DBD",0
"Eastern Mediterranean","State of Libya",2007,6.1,"Actual","DCD",0
"Eastern Mediterranean","State of Libya",2009,6.4,"Actual","DBD",0
"Eastern Mediterranean","State of Libya",2009,6.4,"Actual","DCD",0
"Eastern Mediterranean","State of Libya",2010,6.5,"Actual","DBD",0
"Eastern Mediterranean","State of Libya",2010,6.5,"Actual","DCD",0
"Eastern Mediterranean","State of Libya",2013,6.2,"Actual","DBD",0
"Eastern Mediterranean","State of Libya",2013,6.2,"Actual","DCD",0
"Eastern Mediterranean","State of Libya",2013,6.2,"Utilized","DBD",0
"Eastern Mediterranean","State of Libya",2013,6.2,"Utilized","DCD",0
"Eastern Mediterranean","State of Libya",2014,6.3,"Actual","DBD",0
"Eastern Mediterranean","State of Libya",2014,6.3,"Actual","DCD",0
"Eastern Mediterranean","State of Libya",2014,6.3,"Utilized","DBD",0
"Eastern Mediterranean","State of Libya",2014,6.3,"Utilized","DCD",0
"Europe","Lithuania",2000,3.7,"Actual","DBD",35
"Europe","Lithuania",2002,3.7,"Actual","DBD",39
"Europe","Lithuania",2004,3.4,"Actual","DBD",7
"Europe","Lithuania",2005,3.4,"Actual","DBD",5
"Europe","Lithuania",2007,3.4,"Actual","DBD",48
"Europe","Lithuania",2007,3.4,"Actual","DCD",0
"Europe","Lithuania",2008,3.4,"Actual","DBD",33
"Europe","Lithuania",2009,3.3,"Utilized","DBD",50
"Europe","Lithuania",2009,3.3,"Utilized","DCD",0
"Europe","Lithuania",2010,3.3,"Actual","DBD",36
"Europe","Lithuania",2010,3.3,"Actual","DCD",0
"Europe","Lithuania",2011,3.3,"Actual","DBD",39
"Europe","Lithuania",2011,3.3,"Actual","DCD",0
"Europe","Lithuania",2012,3.3,"Actual","DBD",41
"Europe","Lithuania",2012,3.3,"Actual","DCD",0
"Europe","Lithuania",2013,3,"Actual","DBD",50
"Europe","Lithuania",2013,3,"Actual","DCD",0
"Europe","Lithuania",2013,3,"Utilized","DBD",50
"Europe","Lithuania",2013,3,"Utilized","DCD",0
"Europe","Lithuania",2014,3,"Actual","DBD",31
"Europe","Lithuania",2014,3,"Actual","DCD",0
"Europe","Lithuania",2014,3,"Utilized","DBD",30
"Europe","Lithuania",2014,3,"Utilized","DCD",0
"Europe","Luxembourg",2000,0.4,"Actual","DBD",3
"Europe","Luxembourg",2001,0.4,"Actual","DBD",8
"Europe","Luxembourg",2002,0.4,"Actual","DBD",1
"Europe","Luxembourg",2003,0.4,"Actual","DBD",3
"Europe","Luxembourg",2005,0.5,"Actual","DBD",0
"Europe","Luxembourg",2005,0.5,"Actual","DCD",0
"Europe","Luxembourg",2007,0.5,"Actual","DBD",1
"Europe","Luxembourg",2007,0.5,"Actual","DCD",0
"Europe","Luxembourg",2008,0.5,"Actual","DBD",9
"Europe","Luxembourg",2010,0.5,"Actual","DBD",3
"Europe","Luxembourg",2010,0.5,"Actual","DCD",0
"Europe","Luxembourg",2012,0.5,"Actual","DBD",4
"Europe","Luxembourg",2012,0.5,"Actual","DCD",0
"Europe","Luxembourg",2013,0.5,"Actual","DBD",8
"Europe","Luxembourg",2013,0.5,"Actual","DCD",0
"Europe","Luxembourg",2014,0.5,"Actual","DBD",4
"Europe","Luxembourg",2014,0.5,"Actual","DCD",0
"Europe","Luxembourg",2014,0.5,"Utilized","DBD",4
"Europe","Luxembourg",2014,0.5,"Utilized","DCD",0
"Western Pacific","Malaysia",2006,25.8,"Actual","DBD",11
"Western Pacific","Malaysia",2006,25.8,"Actual","DCD",14
"Western Pacific","Malaysia",2007,26.2,"Actual","DBD",15
"Western Pacific","Malaysia",2007,26.2,"Actual","DCD",10
"Western Pacific","Malaysia",2008,27,"Actual","DBD",13
"Western Pacific","Malaysia",2009,27.5,"Actual","DBD",18
"Western Pacific","Malaysia",2009,27.5,"Actual","DCD",0
"Western Pacific","Malaysia",2010,27.9,"Actual","DBD",18
"Western Pacific","Malaysia",2010,27.9,"Actual","DCD",0
"Western Pacific","Malaysia",2011,28.9,"Actual","DBD",23
"Western Pacific","Malaysia",2011,28.9,"Actual","DCD",0
"Western Pacific","Malaysia",2011,28.9,"Utilized","DBD",22
"Western Pacific","Malaysia",2011,28.9,"Utilized","DCD",0
"Western Pacific","Malaysia",2012,29.3,"Actual","DBD",18
"Western Pacific","Malaysia",2012,29.3,"Actual","DCD",0
"Western Pacific","Malaysia",2012,29.3,"Utilized","DBD",18
"Western Pacific","Malaysia",2012,29.3,"Utilized","DCD",0
"Western Pacific","Malaysia",2013,29.7,"Actual","DBD",16
"Western Pacific","Malaysia",2013,29.7,"Actual","DCD",0
"Western Pacific","Malaysia",2013,29.7,"Utilized","DBD",13
"Western Pacific","Malaysia",2013,29.7,"Utilized","DCD",0
"Western Pacific","Malaysia",2014,30.2,"Actual","DBD",21
"Western Pacific","Malaysia",2014,30.2,"Actual","DCD",1
"Western Pacific","Malaysia",2014,30.2,"Utilized","DBD",21
"Western Pacific","Malaysia",2014,30.2,"Utilized","DCD",1
"South-East Asia","Maldives",2009,0.3,"Actual","DBD",0
"South-East Asia","Maldives",2009,0.3,"Actual","DCD",0
"South-East Asia","Maldives",2010,0.3,"Actual","DBD",0
"South-East Asia","Maldives",2010,0.3,"Actual","DCD",0
"South-East Asia","Maldives",2011,0.3,"Actual","DBD",0
"South-East Asia","Maldives",2011,0.3,"Actual","DCD",0
"South-East Asia","Maldives",2011,0.3,"Utilized","DBD",0
"South-East Asia","Maldives",2011,0.3,"Utilized","DCD",0
"South-East Asia","Maldives",2012,0.3,"Actual","DBD",0
"South-East Asia","Maldives",2012,0.3,"Actual","DCD",0
"South-East Asia","Maldives",2012,0.3,"Utilized","DBD",0
"South-East Asia","Maldives",2012,0.3,"Utilized","DCD",0
"South-East Asia","Maldives",2013,0.3,"Actual","DBD",0
"South-East Asia","Maldives",2013,0.3,"Actual","DCD",0
"South-East Asia","Maldives",2013,0.3,"Utilized","DBD",0
"South-East Asia","Maldives",2013,0.3,"Utilized","DCD",0
"South-East Asia","Maldives",2014,0.4,"Actual","DBD",0
"South-East Asia","Maldives",2014,0.4,"Actual","DCD",0
"South-East Asia","Maldives",2014,0.4,"Utilized","DBD",0
"South-East Asia","Maldives",2014,0.4,"Utilized","DCD",0
"Africa","Mali",2012,16.3,"Actual","DBD",0
"Africa","Mali",2012,16.3,"Actual","DCD",0
"Africa","Mali",2012,16.3,"Utilized","DBD",0
"Africa","Mali",2012,16.3,"Utilized","DCD",0
"Africa","Mali",2013,15.3,"Actual","DBD",0
"Africa","Mali",2013,15.3,"Actual","DCD",0
"Africa","Mali",2013,15.3,"Utilized","DBD",0
"Africa","Mali",2013,15.3,"Utilized","DCD",0
"Africa","Mali",2014,15.8,"Actual","DBD",0
"Africa","Mali",2014,15.8,"Actual","DCD",0
"Africa","Mali",2014,15.8,"Utilized","DBD",0
"Africa","Mali",2014,15.8,"Utilized","DCD",0
"Europe","Malta",2000,0.4,"Actual","DBD",6
"Europe","Malta",2001,0.4,"Actual","DBD",6
"Europe","Malta",2002,0.4,"Actual","DBD",6
"Europe","Malta",2003,0.4,"Actual","DBD",6
"Europe","Malta",2004,0.4,"Actual","DBD",4
"Europe","Malta",2010,0.4,"Actual","DBD",9
"Europe","Malta",2010,0.4,"Actual","DCD",0
"Europe","Malta",2011,0.4,"Actual","DBD",12
"Europe","Malta",2011,0.4,"Actual","DCD",0
"Europe","Malta",2012,0.4,"Actual","DBD",12
"Europe","Malta",2012,0.4,"Actual","DCD",0
"Europe","Malta",2013,0.4,"Actual","DBD",14
"Europe","Malta",2013,0.4,"Actual","DCD",0
"Europe","Malta",2013,0.4,"Utilized","DBD",11
"Europe","Malta",2013,0.4,"Utilized","DCD",0
"Europe","Malta",2014,0.4,"Actual","DBD",12
"Europe","Malta",2014,0.4,"Actual","DCD",0
"Africa","Mauritius",2010,1.3,"Actual","DBD",0
"Africa","Mauritius",2010,1.3,"Actual","DCD",0
"Africa","Mauritius",2011,1.3,"Actual","DBD",0
"Africa","Mauritius",2011,1.3,"Actual","DCD",0
"Africa","Mauritius",2012,1.3,"Actual","DBD",0
"Africa","Mauritius",2012,1.3,"Actual","DCD",0
"Africa","Mauritius",2013,1.2,"Actual","DBD",0
"Africa","Mauritius",2013,1.2,"Actual","DCD",0
"Africa","Mauritius",2014,1.2,"Actual","DBD",0
"Africa","Mauritius",2014,1.2,"Actual","DCD",0
"America","Mexico",2004,104.9,"Actual","DBD",330
"America","Mexico",2005,107,"Actual","DBD",141
"America","Mexico",2007,109.6,"Actual","DBD",351
"America","Mexico",2009,109.6,"Actual","DBD",312
"America","Mexico",2009,109.6,"Actual","DCD",0
"America","Mexico",2010,110.6,"Actual","DBD",315
"America","Mexico",2010,110.6,"Actual","DCD",0
"America","Mexico",2011,114.8,"Actual","DBD",356
"America","Mexico",2011,114.8,"Actual","DCD",0
"America","Mexico",2012,116.1,"Actual","DBD",411
"America","Mexico",2012,116.1,"Actual","DCD",2
"America","Mexico",2013,122.3,"Actual","DBD",438
"America","Mexico",2013,122.3,"Actual","DCD",0
"America","Mexico",2013,122.3,"Utilized","DBD",438
"America","Mexico",2013,122.3,"Utilized","DCD",0
"America","Mexico",2014,123.8,"Actual","DBD",416
"America","Mexico",2014,123.8,"Actual","DCD",0
"America","Mexico",2014,123.8,"Utilized","DBD",405
"America","Mexico",2014,123.8,"Utilized","DCD",0
"Western Pacific","Mongolia",2005,2.6,"Actual","DBD",0
"Western Pacific","Mongolia",2005,2.6,"Actual","DCD",0
"Western Pacific","Mongolia",2009,2.7,"Actual","DBD",3
"Western Pacific","Mongolia",2010,2.7,"Actual","DBD",1
"Western Pacific","Mongolia",2010,2.7,"Actual","DCD",0
"Western Pacific","Mongolia",2011,2.8,"Actual","DBD",4
"Western Pacific","Mongolia",2011,2.8,"Actual","DCD",0
"Western Pacific","Mongolia",2011,2.8,"Utilized","DBD",4
"Western Pacific","Mongolia",2011,2.8,"Utilized","DCD",0
"Western Pacific","Mongolia",2012,2.8,"Actual","DBD",0
"Western Pacific","Mongolia",2012,2.8,"Actual","DCD",0
"Western Pacific","Mongolia",2012,2.8,"Utilized","DBD",0
"Western Pacific","Mongolia",2012,2.8,"Utilized","DCD",0
"Western Pacific","Mongolia",2013,2.8,"Actual","DBD",0
"Western Pacific","Mongolia",2013,2.8,"Actual","DCD",0
"Western Pacific","Mongolia",2013,2.8,"Utilized","DBD",0
"Western Pacific","Mongolia",2013,2.8,"Utilized","DCD",0
"Western Pacific","Mongolia",2014,2.9,"Actual","DBD",0
"Western Pacific","Mongolia",2014,2.9,"Actual","DCD",0
"Western Pacific","Mongolia",2014,2.9,"Utilized","DBD",0
"Western Pacific","Mongolia",2014,2.9,"Utilized","DCD",0
"Europe","Montenegro",2013,0.6,"Actual","DBD",1
"Europe","Montenegro",2013,0.6,"Actual","DCD",0
"Europe","Montenegro",2013,0.6,"Utilized","DBD",1
"Europe","Montenegro",2013,0.6,"Utilized","DCD",0
"Europe","Montenegro",2014,0.6,"Actual","DBD",7
"Europe","Montenegro",2014,0.6,"Actual","DCD",0
"Eastern Mediterranean","Morocco",2010,32.4,"Actual","DBD",5
"Eastern Mediterranean","Morocco",2010,32.4,"Actual","DCD",0
"Eastern Mediterranean","Morocco",2011,32.3,"Actual","DBD",3
"Eastern Mediterranean","Morocco",2011,32.3,"Actual","DCD",0
"Eastern Mediterranean","Morocco",2011,32.3,"Utilized","DBD",3
"Eastern Mediterranean","Morocco",2011,32.3,"Utilized","DCD",0
"Eastern Mediterranean","Morocco",2013,33,"Actual","DBD",4
"Eastern Mediterranean","Morocco",2013,33,"Actual","DCD",0
"Eastern Mediterranean","Morocco",2013,33,"Utilized","DBD",4
"Eastern Mediterranean","Morocco",2013,33,"Utilized","DCD",0
"Eastern Mediterranean","Morocco",2014,33.5,"Actual","DBD",4
"Eastern Mediterranean","Morocco",2014,33.5,"Actual","DCD",0
"Eastern Mediterranean","Morocco",2014,33.5,"Utilized","DBD",4
"Eastern Mediterranean","Morocco",2014,33.5,"Utilized","DCD",0
"South-East Asia","Myanmar",2007,51.5,"Actual","DBD",1
"South-East Asia","Myanmar",2007,51.5,"Actual","DCD",0
"South-East Asia","Myanmar",2009,50,"Actual","DBD",1
"South-East Asia","Myanmar",2010,50.5,"Actual","DBD",1
"South-East Asia","Myanmar",2011,48.3,"Actual","DBD",1
"South-East Asia","Myanmar",2012,48.7,"Actual","DBD",1
"South-East Asia","Myanmar",2013,53.3,"Actual","DBD",1
"South-East Asia","Nepal",2009,29.3,"Actual","DBD",0
"South-East Asia","Nepal",2009,29.3,"Actual","DCD",0
"South-East Asia","Nepal",2010,29.9,"Actual","DBD",0
"South-East Asia","Nepal",2010,29.9,"Actual","DCD",0
"South-East Asia","Nepal",2011,30.5,"Actual","DBD",0
"South-East Asia","Nepal",2011,30.5,"Actual","DCD",0
"South-East Asia","Nepal",2012,31,"Actual","DBD",0
"South-East Asia","Nepal",2012,31,"Actual","DCD",0
"South-East Asia","Nepal",2013,27.8,"Actual","DBD",0
"South-East Asia","Nepal",2013,27.8,"Actual","DCD",0
"South-East Asia","Nepal",2014,28.1,"Actual","DBD",0
"South-East Asia","Nepal",2014,28.1,"Actual","DCD",0
"South-East Asia","Nepal",2014,28.1,"Utilized","DBD",0
"South-East Asia","Nepal",2014,28.1,"Utilized","DCD",0
"Europe","Netherlands",2000,15.8,"Actual","DBD",202
"Europe","Netherlands",2001,15.9,"Actual","DBD",187
"Europe","Netherlands",2002,16,"Actual","DBD",202
"Europe","Netherlands",2003,16.1,"Actual","DBD",141
"Europe","Netherlands",2003,16.1,"Actual","DCD",98
"Europe","Netherlands",2004,16.2,"Actual","DBD",136
"Europe","Netherlands",2004,16.2,"Actual","DCD",111
"Europe","Netherlands",2005,16.3,"Actual","DBD",119
"Europe","Netherlands",2005,16.3,"Actual","DCD",120
"Europe","Netherlands",2006,16.4,"Actual","DBD",111
"Europe","Netherlands",2006,16.4,"Actual","DCD",100
"Europe","Netherlands",2007,16.4,"Actual","DBD",163
"Europe","Netherlands",2007,16.4,"Actual","DCD",114
"Europe","Netherlands",2008,16.5,"Actual","DBD",119
"Europe","Netherlands",2008,16.5,"Actual","DCD",91
"Europe","Netherlands",2009,16.6,"Actual","DBD",131
"Europe","Netherlands",2009,16.6,"Actual","DCD",96
"Europe","Netherlands",2009,16.6,"Utilized","DBD",130
"Europe","Netherlands",2009,16.6,"Utilized","DCD",85
"Europe","Netherlands",2010,16.7,"Actual","DBD",143
"Europe","Netherlands",2010,16.7,"Actual","DCD",84
"Europe","Netherlands",2011,16.7,"Actual","DBD",110
"Europe","Netherlands",2011,16.7,"Actual","DCD",117
"Europe","Netherlands",2012,16.7,"Actual","DBD",128
"Europe","Netherlands",2012,16.7,"Actual","DCD",128
"Europe","Netherlands",2013,16.8,"Actual","DBD",107
"Europe","Netherlands",2013,16.8,"Actual","DCD",160
"Europe","Netherlands",2013,16.8,"Utilized","DBD",105
"Europe","Netherlands",2013,16.8,"Utilized","DCD",150
"Europe","Netherlands",2014,16.8,"Actual","DBD",150
"Europe","Netherlands",2014,16.8,"Actual","DCD",132
"Europe","Netherlands",2014,16.8,"Utilized","DBD",150
"Europe","Netherlands",2014,16.8,"Utilized","DCD",121
"Western Pacific","New Zealand",2003,3.9,"Actual","DBD",40
"Western Pacific","New Zealand",2004,3.9,"Actual","DBD",40
"Western Pacific","New Zealand",2005,4,"Actual","DBD",29
"Western Pacific","New Zealand",2007,4.1,"Actual","DBD",38
"Western Pacific","New Zealand",2008,4.2,"Actual","DBD",29
"Western Pacific","New Zealand",2008,4.2,"Actual","DCD",2
"Western Pacific","New Zealand",2009,4.3,"Actual","DBD",41
"Western Pacific","New Zealand",2009,4.3,"Actual","DCD",2
"Western Pacific","New Zealand",2010,4.3,"Actual","DBD",37
"Western Pacific","New Zealand",2010,4.3,"Actual","DCD",1
"Western Pacific","New Zealand",2011,4.4,"Actual","DBD",33
"Western Pacific","New Zealand",2011,4.4,"Actual","DCD",2
"Western Pacific","New Zealand",2012,4.5,"Actual","DBD",38
"Western Pacific","New Zealand",2012,4.5,"Actual","DCD",0
"Western Pacific","New Zealand",2013,4.5,"Actual","DBD",34
"Western Pacific","New Zealand",2013,4.5,"Actual","DCD",2
"Western Pacific","New Zealand",2013,4.5,"Utilized","DBD",34
"Western Pacific","New Zealand",2013,4.5,"Utilized","DCD",2
"Western Pacific","New Zealand",2014,4.6,"Actual","DBD",40
"Western Pacific","New Zealand",2014,4.6,"Actual","DCD",6
"Western Pacific","New Zealand",2014,4.6,"Utilized","DBD",37
"Western Pacific","New Zealand",2014,4.6,"Utilized","DCD",4
"America","Nicaragua",2009,5.7,"Actual","DBD",0
"America","Nicaragua",2009,5.7,"Actual","DCD",0
"America","Nicaragua",2010,5.8,"Actual","DBD",0
"America","Nicaragua",2010,5.8,"Actual","DCD",0
"America","Nicaragua",2012,6,"Actual","DCD",0
"America","Nicaragua",2012,6,"Utilized","DBD",0
"America","Nicaragua",2012,6,"Utilized","DCD",0
"America","Nicaragua",2013,6.1,"Actual","DCD",0
"America","Nicaragua",2013,6.1,"Utilized","DBD",0
"America","Nicaragua",2013,6.1,"Utilized","DCD",0
"America","Nicaragua",2014,6.2,"Actual","DBD",0
"America","Nicaragua",2014,6.2,"Actual","DCD",0
"America","Nicaragua",2014,6.2,"Utilized","DBD",0
"America","Nicaragua",2014,6.2,"Utilized","DCD",0
"Africa","Nigeria",2005,131.5,"Actual","DBD",0
"Africa","Nigeria",2005,131.5,"Actual","DCD",0
"Africa","Nigeria",2007,137.2,"Actual","DBD",0
"Africa","Nigeria",2007,137.2,"Actual","DCD",0
"Africa","Nigeria",2010,158.3,"Actual","DBD",0
"Africa","Nigeria",2010,158.3,"Actual","DCD",0
"Africa","Nigeria",2011,162.5,"Actual","DBD",0
"Africa","Nigeria",2011,162.5,"Actual","DCD",0
"Africa","Nigeria",2011,162.5,"Utilized","DBD",0
"Africa","Nigeria",2011,162.5,"Utilized","DCD",0
"Africa","Nigeria",2012,166.6,"Actual","DBD",0
"Africa","Nigeria",2012,166.6,"Actual","DCD",0
"Africa","Nigeria",2012,166.6,"Utilized","DBD",0
"Africa","Nigeria",2012,166.6,"Utilized","DCD",0
"Africa","Nigeria",2013,173.6,"Actual","DBD",0
"Africa","Nigeria",2013,173.6,"Actual","DCD",0
"Africa","Nigeria",2013,173.6,"Utilized","DBD",0
"Africa","Nigeria",2013,173.6,"Utilized","DCD",0
"Africa","Nigeria",2014,178.5,"Actual","DBD",0
"Africa","Nigeria",2014,178.5,"Actual","DCD",0
"Africa","Nigeria",2014,178.5,"Utilized","DBD",0
"Africa","Nigeria",2014,178.5,"Utilized","DCD",0
"Europe","Norway",2000,4.5,"Actual","DBD",79
"Europe","Norway",2001,4.5,"Actual","DBD",65
"Europe","Norway",2002,4.5,"Actual","DBD",62
"Europe","Norway",2003,4.5,"Actual","DBD",86
"Europe","Norway",2003,4.5,"Actual","DCD",1
"Europe","Norway",2005,4.6,"Actual","DBD",76
"Europe","Norway",2007,4.7,"Actual","DBD",94
"Europe","Norway",2009,4.8,"Actual","DBD",102
"Europe","Norway",2009,4.8,"Actual","DCD",0
"Europe","Norway",2009,4.8,"Utilized","DBD",102
"Europe","Norway",2009,4.8,"Utilized","DCD",0
"Europe","Norway",2010,4.9,"Actual","DBD",102
"Europe","Norway",2011,4.9,"Actual","DBD",127
"Europe","Norway",2011,4.9,"Actual","DCD",0
"Europe","Norway",2012,5,"Actual","DBD",117
"Europe","Norway",2012,5,"Actual","DCD",0
"Europe","Norway",2013,5,"Actual","DBD",111
"Europe","Norway",2013,5,"Actual","DCD",0
"Europe","Norway",2014,5.1,"Actual","DBD",114
"Europe","Norway",2014,5.1,"Actual","DCD",2
"Europe","Norway",2014,5.1,"Utilized","DBD",114
"Europe","Norway",2014,5.1,"Utilized","DCD",2
"Eastern Mediterranean","Oman",2004,2.9,"Actual","DBD",0
"Eastern Mediterranean","Oman",2004,2.9,"Actual","DCD",0
"Eastern Mediterranean","Oman",2009,2.8,"Actual","DBD",0
"Eastern Mediterranean","Oman",2009,2.8,"Actual","DCD",0
"Eastern Mediterranean","Oman",2010,2.9,"Actual","DCD",2
"Eastern Mediterranean","Oman",2011,2.8,"Actual","DBD",0
"Eastern Mediterranean","Oman",2011,2.8,"Actual","DCD",0
"Eastern Mediterranean","Oman",2011,2.8,"Utilized","DBD",0
"Eastern Mediterranean","Oman",2011,2.8,"Utilized","DCD",0
"Eastern Mediterranean","Oman",2012,2.9,"Actual","DBD",0
"Eastern Mediterranean","Oman",2012,2.9,"Actual","DCD",0
"Eastern Mediterranean","Oman",2012,2.9,"Utilized","DBD",0
"Eastern Mediterranean","Oman",2012,2.9,"Utilized","DCD",0
"Eastern Mediterranean","Oman",2013,3.6,"Actual","DBD",0
"Eastern Mediterranean","Oman",2013,3.6,"Actual","DCD",0
"Eastern Mediterranean","Oman",2013,3.6,"Utilized","DBD",0
"Eastern Mediterranean","Oman",2013,3.6,"Utilized","DCD",0
"Eastern Mediterranean","Pakistan",2004,157.3,"Actual","DBD",0
"Eastern Mediterranean","Pakistan",2004,157.3,"Actual","DCD",0
"Eastern Mediterranean","Pakistan",2005,157.9,"Actual","DBD",1
"Eastern Mediterranean","Pakistan",2005,157.9,"Actual","DCD",0
"Eastern Mediterranean","Pakistan",2006,161.2,"Actual","DBD",0
"Eastern Mediterranean","Pakistan",2006,161.2,"Actual","DCD",0
"Eastern Mediterranean","Pakistan",2009,180.8,"Actual","DBD",0
"Eastern Mediterranean","Pakistan",2009,180.8,"Actual","DCD",0
"Eastern Mediterranean","Pakistan",2010,184.8,"Actual","DBD",0
"Eastern Mediterranean","Pakistan",2010,184.8,"Actual","DCD",0
"Eastern Mediterranean","Pakistan",2011,176.7,"Actual","DBD",0
"Eastern Mediterranean","Pakistan",2011,176.7,"Actual","DCD",0
"Eastern Mediterranean","Pakistan",2012,180,"Actual","DBD",0
"Eastern Mediterranean","Pakistan",2012,180,"Actual","DCD",0
"Eastern Mediterranean","Pakistan",2013,182.1,"Actual","DBD",0
"Eastern Mediterranean","Pakistan",2013,182.1,"Actual","DCD",0
"Eastern Mediterranean","Pakistan",2014,185.1,"Actual","DBD",0
"Eastern Mediterranean","Pakistan",2014,185.1,"Actual","DCD",0
"Eastern Mediterranean","Pakistan",2014,185.1,"Utilized","DBD",0
"Eastern Mediterranean","Pakistan",2014,185.1,"Utilized","DCD",0
"America","Panama",2004,3.2,"Actual","DBD",7
"America","Panama",2005,3.2,"Actual","DBD",10
"America","Panama",2007,3.3,"Actual","DBD",11
"America","Panama",2011,3.6,"Actual","DBD",24
"America","Panama",2011,3.6,"Actual","DCD",0
"America","Panama",2012,3.6,"Actual","DBD",24
"America","Panama",2012,3.6,"Actual","DCD",0
"America","Panama",2013,3.9,"Actual","DBD",22
"America","Panama",2013,3.9,"Actual","DCD",0
"America","Panama",2013,3.9,"Utilized","DBD",22
"America","Panama",2013,3.9,"Utilized","DCD",0
"America","Panama",2014,3.9,"Actual","DBD",28
"America","Panama",2014,3.9,"Actual","DCD",0
"America","Panama",2014,3.9,"Utilized","DBD",23
"America","Panama",2014,3.9,"Utilized","DCD",0
"America","Paraguay",2004,6,"Actual","DBD",1
"America","Paraguay",2005,6.2,"Actual","DBD",2
"America","Paraguay",2010,6.5,"Actual","DBD",12
"America","Paraguay",2011,6.6,"Actual","DBD",0
"America","Paraguay",2011,6.6,"Actual","DCD",0
"America","Paraguay",2012,6.7,"Actual","DBD",50
"America","Paraguay",2012,6.7,"Actual","DCD",0
"America","Paraguay",2013,6.8,"Actual","DBD",13
"America","Paraguay",2013,6.8,"Actual","DCD",0
"America","Paraguay",2013,6.8,"Utilized","DBD",13
"America","Paraguay",2013,6.8,"Utilized","DCD",0
"America","Paraguay",2014,6.9,"Actual","DBD",9
"America","Paraguay",2014,6.9,"Actual","DCD",0
"America","Paraguay",2014,6.9,"Utilized","DBD",9
"America","Paraguay",2014,6.9,"Utilized","DCD",0
"America","Peru",2004,27.6,"Actual","DBD",29
"America","Peru",2005,28,"Actual","DBD",22
"America","Peru",2010,29.5,"Actual","DBD",94
"America","Peru",2011,29.4,"Actual","DBD",127
"America","Peru",2011,29.4,"Actual","DCD",0
"America","Peru",2012,29.7,"Actual","DBD",94
"America","Peru",2012,29.7,"Actual","DCD",0
"America","Peru",2013,30.4,"Actual","DBD",97
"America","Peru",2013,30.4,"Actual","DCD",0
"America","Peru",2013,30.4,"Utilized","DBD",97
"America","Peru",2013,30.4,"Utilized","DCD",0
"America","Peru",2014,30.8,"Actual","DBD",73
"America","Peru",2014,30.8,"Actual","DCD",0
"America","Peru",2014,30.8,"Utilized","DBD",68
"America","Peru",2014,30.8,"Utilized","DCD",0
"Western Pacific","Philippines",2005,83.1,"Actual","DCD",0
"Western Pacific","Philippines",2006,84.5,"Actual","DBD",19
"Western Pacific","Philippines",2006,84.5,"Actual","DCD",0
"Western Pacific","Philippines",2007,85.9,"Actual","DBD",16
"Western Pacific","Philippines",2007,85.9,"Actual","DCD",0
"Western Pacific","Philippines",2011,94.9,"Actual","DBD",43
"Western Pacific","Philippines",2011,94.9,"Actual","DCD",0
"Western Pacific","Philippines",2011,94.9,"Utilized","DBD",43
"Western Pacific","Philippines",2011,94.9,"Utilized","DCD",0
"Western Pacific","Philippines",2012,96.5,"Actual","DBD",43
"Western Pacific","Philippines",2012,96.5,"Actual","DCD",0
"Western Pacific","Philippines",2012,96.5,"Utilized","DBD",43
"Western Pacific","Philippines",2012,96.5,"Utilized","DCD",0
"Western Pacific","Philippines",2013,98.4,"Actual","DBD",36
"Western Pacific","Philippines",2013,98.4,"Actual","DCD",0
"Western Pacific","Philippines",2013,98.4,"Utilized","DBD",36
"Western Pacific","Philippines",2013,98.4,"Utilized","DCD",0
"Europe","Poland",2000,38.8,"Actual","DBD",410
"Europe","Poland",2001,38.6,"Actual","DBD",450
"Europe","Poland",2002,38.5,"Actual","DBD",490
"Europe","Poland",2003,38.6,"Actual","DBD",525
"Europe","Poland",2004,38.6,"Actual","DBD",562
"Europe","Poland",2005,38.5,"Actual","DBD",556
"Europe","Poland",2007,38.5,"Actual","DBD",295
"Europe","Poland",2007,38.5,"Actual","DCD",7
"Europe","Poland",2008,38,"Actual","DBD",427
"Europe","Poland",2009,38.1,"Utilized","DBD",410
"Europe","Poland",2009,38.1,"Utilized","DCD",0
"Europe","Poland",2010,38,"Actual","DBD",509
"Europe","Poland",2010,38,"Actual","DCD",0
"Europe","Poland",2011,38.3,"Actual","DBD",553
"Europe","Poland",2011,38.3,"Actual","DCD",0
"Europe","Poland",2012,38.3,"Actual","DBD",615
"Europe","Poland",2012,38.3,"Actual","DCD",0
"Europe","Poland",2013,38.2,"Actual","DBD",593
"Europe","Poland",2013,38.2,"Actual","DCD",0
"Europe","Poland",2013,38.2,"Utilized","DBD",574
"Europe","Poland",2013,38.2,"Utilized","DCD",0
"Europe","Poland",2014,38.2,"Actual","DBD",594
"Europe","Poland",2014,38.2,"Actual","DCD",0
"Europe","Poland",2014,38.2,"Utilized","DBD",572
"Europe","Poland",2014,38.2,"Utilized","DCD",0
"Europe","Portugal",2000,9.9,"Actual","DBD",194
"Europe","Portugal",2001,10,"Actual","DBD",202
"Europe","Portugal",2002,10,"Actual","DBD",217
"Europe","Portugal",2003,10.1,"Actual","DBD",190
"Europe","Portugal",2004,10.1,"Actual","DBD",222
"Europe","Portugal",2005,10.5,"Actual","DBD",190
"Europe","Portugal",2007,10.6,"Actual","DBD",252
"Europe","Portugal",2007,10.6,"Actual","DCD",0
"Europe","Portugal",2008,10.7,"Actual","DBD",283
"Europe","Portugal",2009,10.7,"Actual","DBD",329
"Europe","Portugal",2009,10.7,"Actual","DCD",0
"Europe","Portugal",2009,10.7,"Utilized","DBD",319
"Europe","Portugal",2009,10.7,"Utilized","DCD",0
"Europe","Portugal",2010,10.7,"Actual","DBD",323
"Europe","Portugal",2010,10.7,"Actual","DCD",0
"Europe","Portugal",2011,10.7,"Actual","DBD",301
"Europe","Portugal",2011,10.7,"Actual","DCD",0
"Europe","Portugal",2012,10.7,"Actual","DBD",252
"Europe","Portugal",2012,10.7,"Actual","DCD",0
"Europe","Portugal",2013,10.6,"Actual","DBD",295
"Europe","Portugal",2013,10.6,"Actual","DCD",0
"Europe","Portugal",2013,10.6,"Utilized","DBD",289
"Europe","Portugal",2013,10.6,"Utilized","DCD",0
"Europe","Portugal",2014,10.6,"Actual","DBD",289
"Europe","Portugal",2014,10.6,"Actual","DCD",0
"Europe","Portugal",2014,10.6,"Utilized","DBD",263
"Europe","Portugal",2014,10.6,"Utilized","DCD",0
"Eastern Mediterranean","Qatar",2009,1.4,"Actual","DBD",2
"Eastern Mediterranean","Qatar",2009,1.4,"Actual","DCD",0
"Eastern Mediterranean","Qatar",2010,1.5,"Actual","DBD",4
"Eastern Mediterranean","Qatar",2010,1.5,"Actual","DCD",0
"Eastern Mediterranean","Qatar",2011,1.9,"Actual","DBD",3
"Eastern Mediterranean","Qatar",2011,1.9,"Actual","DCD",0
"Eastern Mediterranean","Qatar",2011,1.9,"Utilized","DBD",3
"Eastern Mediterranean","Qatar",2011,1.9,"Utilized","DCD",0
"Eastern Mediterranean","Qatar",2012,1.9,"Actual","DBD",3
"Eastern Mediterranean","Qatar",2012,1.9,"Actual","DCD",0
"Eastern Mediterranean","Qatar",2012,1.9,"Utilized","DBD",3
"Eastern Mediterranean","Qatar",2012,1.9,"Utilized","DCD",0
"Eastern Mediterranean","Qatar",2013,2.2,"Actual","DBD",3
"Eastern Mediterranean","Qatar",2013,2.2,"Actual","DCD",0
"Eastern Mediterranean","Qatar",2013,2.2,"Utilized","DBD",3
"Eastern Mediterranean","Qatar",2013,2.2,"Utilized","DCD",0
"Eastern Mediterranean","Qatar",2014,2.3,"Actual","DBD",8
"Eastern Mediterranean","Qatar",2014,2.3,"Actual","DCD",0
"Eastern Mediterranean","Qatar",2014,2.3,"Utilized","DBD",5
"Eastern Mediterranean","Qatar",2014,2.3,"Utilized","DCD",0
"Western Pacific","Republic of Korea",2005,47.8,"Actual","DBD",91
"Western Pacific","Republic of Korea",2005,47.8,"Actual","DCD",0
"Western Pacific","Republic of Korea",2006,48,"Actual","DBD",140
"Western Pacific","Republic of Korea",2006,48,"Actual","DCD",1
"Western Pacific","Republic of Korea",2007,48.1,"Actual","DBD",144
"Western Pacific","Republic of Korea",2007,48.1,"Actual","DCD",4
"Western Pacific","Republic of Korea",2008,48.4,"Actual","DBD",144
"Western Pacific","Republic of Korea",2008,48.4,"Actual","DCD",4
"Western Pacific","Republic of Korea",2009,48.3,"Actual","DBD",253
"Western Pacific","Republic of Korea",2009,48.3,"Actual","DCD",8
"Western Pacific","Republic of Korea",2010,48.5,"Actual","DBD",264
"Western Pacific","Republic of Korea",2010,48.5,"Actual","DCD",4
"Western Pacific","Republic of Korea",2011,48.4,"Actual","DBD",264
"Western Pacific","Republic of Korea",2011,48.4,"Actual","DCD",4
"Western Pacific","Republic of Korea",2012,48.6,"Actual","DBD",458
"Western Pacific","Republic of Korea",2012,48.6,"Actual","DCD",1
"Western Pacific","Republic of Korea",2012,48.6,"Utilized","DBD",408
"Western Pacific","Republic of Korea",2012,48.6,"Utilized","DCD",1
"Western Pacific","Republic of Korea",2013,49.3,"Actual","DBD",415
"Western Pacific","Republic of Korea",2013,49.3,"Actual","DCD",1
"Western Pacific","Republic of Korea",2013,49.3,"Utilized","DBD",415
"Western Pacific","Republic of Korea",2013,49.3,"Utilized","DCD",1
"Western Pacific","Republic of Korea",2014,49.5,"Actual","DBD",445
"Western Pacific","Republic of Korea",2014,49.5,"Actual","DCD",1
"Western Pacific","Republic of Korea",2014,49.5,"Utilized","DBD",445
"Western Pacific","Republic of Korea",2014,49.5,"Utilized","DCD",1
"Europe","Republic of Moldova",2009,3.6,"Actual","DBD",0
"Europe","Republic of Moldova",2009,3.6,"Actual","DCD",0
"Europe","Republic of Moldova",2010,3.6,"Actual","DBD",0
"Europe","Republic of Moldova",2010,3.6,"Actual","DCD",0
"Europe","Republic of Moldova",2011,3.5,"Actual","DBD",0
"Europe","Republic of Moldova",2011,3.5,"Actual","DCD",0
"Europe","Republic of Moldova",2012,3.5,"Actual","DBD",0
"Europe","Republic of Moldova",2012,3.5,"Actual","DCD",0
"Europe","Republic of Moldova",2013,3.5,"Actual","DBD",0
"Europe","Republic of Moldova",2013,3.5,"Actual","DCD",0
"Europe","Republic of Moldova",2013,3.5,"Utilized","DBD",0
"Europe","Republic of Moldova",2013,3.5,"Utilized","DCD",0
"Europe","Republic of Moldova",2014,3.5,"Actual","DBD",11
"Europe","Republic of Moldova",2014,3.5,"Actual","DCD",0
"Europe","Republic of Moldova",2014,3.5,"Utilized","DBD",10
"Europe","Republic of Moldova",2014,3.5,"Utilized","DCD",0
"Europe","Romania",2000,22.3,"Actual","DBD",25
"Europe","Romania",2001,22.4,"Actual","DBD",21
"Europe","Romania",2002,22.3,"Actual","DBD",13
"Europe","Romania",2003,22.3,"Actual","DBD",8
"Europe","Romania",2003,22.3,"Actual","DCD",0
"Europe","Romania",2004,22.3,"Actual","DBD",10
"Europe","Romania",2005,21.7,"Actual","DBD",11
"Europe","Romania",2006,21.6,"Actual","DBD",22
"Europe","Romania",2006,21.6,"Actual","DCD",0
"Europe","Romania",2007,21.5,"Actual","DBD",36
"Europe","Romania",2007,21.5,"Actual","DCD",0
"Europe","Romania",2008,21.3,"Actual","DBD",59
"Europe","Romania",2008,21.3,"Actual","DCD",1
"Europe","Romania",2009,21.3,"Actual","DBD",42
"Europe","Romania",2009,21.3,"Actual","DCD",0
"Europe","Romania",2009,21.3,"Utilized","DBD",42
"Europe","Romania",2009,21.3,"Utilized","DCD",0
"Europe","Romania",2010,21.2,"Actual","DBD",70
"Europe","Romania",2010,21.2,"Actual","DCD",0
"Europe","Romania",2011,21.4,"Actual","DBD",74
"Europe","Romania",2011,21.4,"Actual","DCD",3
"Europe","Romania",2012,21.4,"Actual","DBD",64
"Europe","Romania",2012,21.4,"Actual","DCD",1
"Europe","Romania",2013,21.7,"Actual","DBD",132
"Europe","Romania",2013,21.7,"Actual","DCD",0
"Europe","Romania",2013,21.7,"Utilized","DBD",132
"Europe","Romania",2013,21.7,"Utilized","DCD",0
"Europe","Romania",2014,21.6,"Actual","DBD",138
"Europe","Romania",2014,21.6,"Actual","DCD",0
"Europe","Russian Federation",2010,140.4,"Actual","DBD",281
"Europe","Russian Federation",2010,140.4,"Actual","DCD",206
"Europe","Russian Federation",2011,142.8,"Actual","DBD",283
"Europe","Russian Federation",2011,142.8,"Actual","DCD",187
"Europe","Russian Federation",2012,142.7,"Actual","DBD",291
"Europe","Russian Federation",2012,142.7,"Actual","DCD",121
"Europe","Russian Federation",2013,142.8,"Actual","DBD",304
"Europe","Russian Federation",2013,142.8,"Actual","DCD",116
"Europe","Russian Federation",2013,142.8,"Utilized","DBD",304
"Europe","Russian Federation",2013,142.8,"Utilized","DCD",116
"Europe","Russian Federation",2014,142.5,"Actual","DBD",359
"Europe","Russian Federation",2014,142.5,"Actual","DCD",106
"Europe","Russian Federation",2014,142.5,"Utilized","DBD",359
"Europe","Russian Federation",2014,142.5,"Utilized","DCD",106
"Eastern Mediterranean","Saudi Arabia",2004,24.9,"Actual","DBD",54
"Eastern Mediterranean","Saudi Arabia",2004,24.9,"Actual","DCD",0
"Eastern Mediterranean","Saudi Arabia",2005,24.6,"Actual","DBD",62
"Eastern Mediterranean","Saudi Arabia",2005,24.6,"Actual","DCD",0
"Eastern Mediterranean","Saudi Arabia",2006,25.2,"Actual","DBD",102
"Eastern Mediterranean","Saudi Arabia",2006,25.2,"Actual","DCD",0
"Eastern Mediterranean","Saudi Arabia",2007,25.8,"Actual","DBD",80
"Eastern Mediterranean","Saudi Arabia",2007,25.8,"Actual","DCD",0
"Eastern Mediterranean","Saudi Arabia",2008,25.3,"Actual","DBD",103
"Eastern Mediterranean","Saudi Arabia",2008,25.3,"Actual","DCD",2
"Eastern Mediterranean","Saudi Arabia",2009,25.7,"Actual","DBD",68
"Eastern Mediterranean","Saudi Arabia",2009,25.7,"Actual","DCD",0
"Eastern Mediterranean","Saudi Arabia",2010,26.2,"Actual","DBD",94
"Eastern Mediterranean","Saudi Arabia",2010,26.2,"Actual","DCD",1
"Eastern Mediterranean","Saudi Arabia",2011,28.1,"Actual","DBD",73
"Eastern Mediterranean","Saudi Arabia",2011,28.1,"Actual","DCD",0
"Eastern Mediterranean","Saudi Arabia",2011,28.1,"Utilized","DBD",73
"Eastern Mediterranean","Saudi Arabia",2011,28.1,"Utilized","DCD",0
"Eastern Mediterranean","Saudi Arabia",2012,28.7,"Actual","DBD",83
"Eastern Mediterranean","Saudi Arabia",2012,28.7,"Actual","DCD",0
"Eastern Mediterranean","Saudi Arabia",2012,28.7,"Utilized","DBD",80
"Eastern Mediterranean","Saudi Arabia",2012,28.7,"Utilized","DCD",0
"Eastern Mediterranean","Saudi Arabia",2013,28.8,"Actual","DBD",67
"Eastern Mediterranean","Saudi Arabia",2013,28.8,"Actual","DCD",0
"Eastern Mediterranean","Saudi Arabia",2013,28.8,"Utilized","DBD",63
"Eastern Mediterranean","Saudi Arabia",2013,28.8,"Utilized","DCD",0
"Eastern Mediterranean","Saudi Arabia",2014,29.4,"Actual","DBD",101
"Eastern Mediterranean","Saudi Arabia",2014,29.4,"Actual","DCD",0
"Eastern Mediterranean","Saudi Arabia",2014,29.4,"Utilized","DBD",94
"Eastern Mediterranean","Saudi Arabia",2014,29.4,"Utilized","DCD",0
"Africa","Senegal",2012,13.1,"Actual","DBD",0
"Africa","Senegal",2012,13.1,"Actual","DCD",0
"Africa","Senegal",2012,13.1,"Utilized","DBD",0
"Africa","Senegal",2012,13.1,"Utilized","DCD",0
"Africa","Senegal",2013,14.1,"Actual","DBD",0
"Africa","Senegal",2013,14.1,"Actual","DCD",0
"Africa","Senegal",2013,14.1,"Utilized","DBD",0
"Africa","Senegal",2013,14.1,"Utilized","DCD",0
"Africa","Senegal",2014,14.5,"Actual","DBD",0
"Africa","Senegal",2014,14.5,"Actual","DCD",0
"Africa","Senegal",2014,14.5,"Utilized","DBD",0
"Africa","Senegal",2014,14.5,"Utilized","DCD",0
"Europe","Serbia",2013,9.5,"Actual","DBD",41
"Europe","Serbia",2013,9.5,"Actual","DCD",0
"Europe","Serbia",2013,9.5,"Utilized","DBD",41
"Europe","Serbia",2013,9.5,"Utilized","DCD",0
"Europe","Serbia",2014,9.5,"Actual","DBD",41
"Europe","Serbia",2014,9.5,"Actual","DCD",0
"Europe","Serbia",2014,9.5,"Utilized","DBD",41
"Europe","Serbia",2014,9.5,"Utilized","DCD",0
"Western Pacific","Singapore",2005,4.3,"Actual","DBD",20
"Western Pacific","Singapore",2005,4.3,"Actual","DCD",1
"Western Pacific","Singapore",2006,4.4,"Actual","DBD",28
"Western Pacific","Singapore",2006,4.4,"Actual","DCD",2
"Western Pacific","Singapore",2007,4.4,"Actual","DBD",25
"Western Pacific","Singapore",2007,4.4,"Actual","DCD",1
"Western Pacific","Singapore",2008,4.5,"Actual","DBD",23
"Western Pacific","Singapore",2008,4.5,"Actual","DCD",4
"Western Pacific","Singapore",2009,4.7,"Actual","DBD",20
"Western Pacific","Singapore",2009,4.7,"Actual","DCD",5
"Western Pacific","Singapore",2010,4.8,"Actual","DBD",23
"Western Pacific","Singapore",2010,4.8,"Actual","DCD",3
"Western Pacific","Singapore",2011,5.2,"Actual","DBD",18
"Western Pacific","Singapore",2011,5.2,"Actual","DCD",2
"Western Pacific","Singapore",2011,5.2,"Utilized","DBD",18
"Western Pacific","Singapore",2011,5.2,"Utilized","DCD",2
"Western Pacific","Singapore",2012,5.3,"Actual","DBD",15
"Western Pacific","Singapore",2012,5.3,"Actual","DCD",0
"Western Pacific","Singapore",2012,5.3,"Utilized","DBD",15
"Western Pacific","Singapore",2012,5.3,"Utilized","DCD",0
"Western Pacific","Singapore",2013,5.4,"Actual","DBD",24
"Western Pacific","Singapore",2013,5.4,"Actual","DCD",0
"Western Pacific","Singapore",2013,5.4,"Utilized","DBD",24
"Western Pacific","Singapore",2013,5.4,"Utilized","DCD",0
"Western Pacific","Singapore",2014,5.5,"Actual","DBD",15
"Western Pacific","Singapore",2014,5.5,"Actual","DCD",1
"Western Pacific","Singapore",2014,5.5,"Utilized","DBD",15
"Western Pacific","Singapore",2014,5.5,"Utilized","DCD",1
"Europe","Slovakia",2000,5.4,"Actual","DBD",46
"Europe","Slovakia",2002,5.4,"Actual","DBD",37
"Europe","Slovakia",2003,5.4,"Actual","DBD",46
"Europe","Slovakia",2004,5.4,"Actual","DBD",55
"Europe","Slovakia",2005,5.4,"Actual","DBD",64
"Europe","Slovakia",2006,5.4,"Actual","DBD",64
"Europe","Slovakia",2006,5.4,"Actual","DCD",0
"Europe","Slovakia",2007,5.4,"Actual","DBD",107
"Europe","Slovakia",2007,5.4,"Actual","DCD",0
"Europe","Slovakia",2008,5.4,"Actual","DBD",77
"Europe","Slovakia",2008,5.4,"Actual","DCD",0
"Europe","Slovakia",2009,5.4,"Actual","DBD",86
"Europe","Slovakia",2009,5.4,"Actual","DCD",0
"Europe","Slovakia",2009,5.4,"Utilized","DBD",86
"Europe","Slovakia",2009,5.4,"Utilized","DCD",0
"Europe","Slovakia",2010,5.4,"Actual","DBD",91
"Europe","Slovakia",2010,5.4,"Actual","DCD",0
"Europe","Slovakia",2011,5.5,"Actual","DBD",69
"Europe","Slovakia",2011,5.5,"Actual","DCD",0
"Europe","Slovakia",2012,5.5,"Actual","DBD",71
"Europe","Slovakia",2012,5.5,"Actual","DCD",0
"Europe","Slovakia",2013,5.5,"Actual","DBD",60
"Europe","Slovakia",2013,5.5,"Actual","DCD",0
"Europe","Slovakia",2013,5.5,"Utilized","DBD",57
"Europe","Slovakia",2013,5.5,"Utilized","DCD",0
"Europe","Slovakia",2014,5.5,"Actual","DBD",64
"Europe","Slovakia",2014,5.5,"Actual","DCD",0
"Europe","Slovakia",2014,5.5,"Utilized","DBD",58
"Europe","Slovakia",2014,5.5,"Utilized","DCD",0
"Europe","Slovenia",2000,2,"Actual","DBD",22
"Europe","Slovenia",2001,2,"Actual","DBD",23
"Europe","Slovenia",2002,2,"Actual","DBD",35
"Europe","Slovenia",2003,2,"Actual","DBD",28
"Europe","Slovenia",2004,2,"Actual","DBD",36
"Europe","Slovenia",2005,2,"Actual","DBD",21
"Europe","Slovenia",2007,2,"Actual","DBD",23
"Europe","Slovenia",2007,2,"Actual","DCD",0
"Europe","Slovenia",2008,2,"Actual","DBD",37
"Europe","Slovenia",2009,2,"Utilized","DBD",34
"Europe","Slovenia",2009,2,"Utilized","DCD",0
"Europe","Slovenia",2010,2,"Actual","DBD",41
"Europe","Slovenia",2010,2,"Actual","DCD",0
"Europe","Slovenia",2011,2,"Actual","DBD",31
"Europe","Slovenia",2011,2,"Actual","DCD",0
"Europe","Slovenia",2012,2,"Actual","DBD",47
"Europe","Slovenia",2012,2,"Actual","DCD",0
"Europe","Slovenia",2013,2.1,"Actual","DBD",48
"Europe","Slovenia",2013,2.1,"Actual","DCD",0
"Europe","Slovenia",2013,2.1,"Utilized","DBD",45
"Europe","Slovenia",2013,2.1,"Utilized","DCD",0
"Europe","Slovenia",2014,2.1,"Actual","DBD",44
"Europe","Slovenia",2014,2.1,"Actual","DCD",0
"Europe","Slovenia",2014,2.1,"Utilized","DBD",43
"Europe","Slovenia",2014,2.1,"Utilized","DCD",0
"Africa","South Africa",2008,48.8,"Actual","DBD",70
"Africa","South Africa",2008,48.8,"Actual","DCD",10
"Africa","South Africa",2009,50.1,"Actual","DBD",138
"Africa","South Africa",2009,50.1,"Actual","DCD",2
"Africa","South Africa",2010,50.5,"Actual","DBD",98
"Africa","South Africa",2011,50.5,"Actual","DBD",77
"Africa","South Africa",2011,50.5,"Actual","DCD",0
"Africa","South Africa",2011,50.5,"Utilized","DBD",77
"Africa","South Africa",2011,50.5,"Utilized","DCD",0
"Africa","South Africa",2012,50.7,"Actual","DBD",102
"Africa","South Africa",2012,50.7,"Actual","DCD",2
"Africa","South Africa",2012,50.7,"Utilized","DBD",102
"Africa","South Africa",2012,50.7,"Utilized","DCD",2
"Africa","South Africa",2013,52.8,"Actual","DBD",65
"Africa","South Africa",2013,52.8,"Actual","DCD",5
"Africa","South Africa",2013,52.8,"Utilized","DBD",65
"Africa","South Africa",2013,52.8,"Utilized","DCD",5
"Africa","South Africa",2014,53.1,"Actual","DBD",76
"Africa","South Africa",2014,53.1,"Actual","DCD",0
"Africa","South Africa",2014,53.1,"Utilized","DBD",76
"Africa","South Africa",2014,53.1,"Utilized","DCD",0
"Europe","Spain",2003,41.1,"Actual","DBD",1387
"Europe","Spain",2003,41.1,"Actual","DCD",56
"Europe","Spain",2004,41.1,"Actual","DBD",1424
"Europe","Spain",2004,41.1,"Actual","DCD",71
"Europe","Spain",2005,43.1,"Actual","DBD",1475
"Europe","Spain",2005,43.1,"Actual","DCD",71
"Europe","Spain",2006,43.4,"Actual","DCD",76
"Europe","Spain",2007,43.6,"Actual","DBD",1462
"Europe","Spain",2007,43.6,"Actual","DCD",88
"Europe","Spain",2008,44.6,"Actual","DBD",1500
"Europe","Spain",2008,44.6,"Actual","DCD",77
"Europe","Spain",2009,44.9,"Actual","DBD",1499
"Europe","Spain",2009,44.9,"Actual","DCD",107
"Europe","Spain",2009,44.9,"Utilized","DBD",1317
"Europe","Spain",2009,44.9,"Utilized","DCD",83
"Europe","Spain",2010,45.3,"Actual","DBD",1372
"Europe","Spain",2010,45.3,"Actual","DCD",130
"Europe","Spain",2011,46.5,"Actual","DBD",1550
"Europe","Spain",2011,46.5,"Actual","DCD",117
"Europe","Spain",2012,46.8,"Actual","DBD",1482
"Europe","Spain",2012,46.8,"Actual","DCD",161
"Europe","Spain",2013,46.9,"Actual","DBD",1496
"Europe","Spain",2013,46.9,"Actual","DCD",159
"Europe","Spain",2013,46.9,"Utilized","DBD",1336
"Europe","Spain",2013,46.9,"Utilized","DCD",119
"Europe","Spain",2014,47.1,"Actual","DBD",1489
"Europe","Spain",2014,47.1,"Actual","DCD",193
"Europe","Spain",2014,47.1,"Utilized","DBD",1297
"Europe","Spain",2014,47.1,"Utilized","DCD",145
"Eastern Mediterranean","Sudan",2006,37,"Actual","DBD",0
"Eastern Mediterranean","Sudan",2006,37,"Actual","DCD",0
"Eastern Mediterranean","Sudan",2007,37.8,"Actual","DBD",0
"Eastern Mediterranean","Sudan",2007,37.8,"Actual","DCD",0
"Eastern Mediterranean","Sudan",2009,42.3,"Actual","DBD",0
"Eastern Mediterranean","Sudan",2009,42.3,"Actual","DCD",0
"Eastern Mediterranean","Sudan",2010,43.2,"Actual","DBD",0
"Eastern Mediterranean","Sudan",2010,43.2,"Actual","DCD",0
"Eastern Mediterranean","Sudan",2011,44.6,"Actual","DBD",0
"Eastern Mediterranean","Sudan",2011,44.6,"Actual","DCD",0
"Eastern Mediterranean","Sudan",2011,44.6,"Utilized","DBD",0
"Eastern Mediterranean","Sudan",2011,44.6,"Utilized","DCD",0
"Eastern Mediterranean","Sudan",2012,35,"Actual","DBD",0
"Eastern Mediterranean","Sudan",2012,35,"Actual","DCD",0
"Eastern Mediterranean","Sudan",2012,35,"Utilized","DBD",0
"Eastern Mediterranean","Sudan",2012,35,"Utilized","DCD",0
"Eastern Mediterranean","Sudan",2013,38,"Actual","DBD",0
"Eastern Mediterranean","Sudan",2013,38,"Actual","DCD",0
"Eastern Mediterranean","Sudan",2013,38,"Utilized","DBD",0
"Eastern Mediterranean","Sudan",2013,38,"Utilized","DCD",0
"Eastern Mediterranean","Sudan",2014,38.8,"Actual","DBD",0
"Eastern Mediterranean","Sudan",2014,38.8,"Actual","DCD",0
"Eastern Mediterranean","Sudan",2014,38.8,"Utilized","DBD",0
"Eastern Mediterranean","Sudan",2014,38.8,"Utilized","DCD",0
"Europe","Sweden",2000,8.9,"Actual","DBD",97
"Europe","Sweden",2001,8.8,"Actual","DBD",108
"Europe","Sweden",2002,8.8,"Actual","DBD",98
"Europe","Sweden",2003,8.9,"Actual","DBD",114
"Europe","Sweden",2003,8.9,"Actual","DCD",0
"Europe","Sweden",2004,8.9,"Actual","DBD",123
"Europe","Sweden",2005,9,"Actual","DBD",128
"Europe","Sweden",2005,9,"Actual","DCD",0
"Europe","Sweden",2006,9.1,"Actual","DBD",137
"Europe","Sweden",2007,9.1,"Actual","DBD",133
"Europe","Sweden",2008,9.2,"Actual","DBD",152
"Europe","Sweden",2009,9.2,"Actual","DBD",128
"Europe","Sweden",2009,9.2,"Actual","DCD",0
"Europe","Sweden",2009,9.2,"Utilized","DBD",128
"Europe","Sweden",2009,9.2,"Utilized","DCD",0
"Europe","Sweden",2010,9.3,"Actual","DBD",118
"Europe","Sweden",2010,9.3,"Actual","DCD",0
"Europe","Sweden",2011,9.4,"Actual","DBD",146
"Europe","Sweden",2011,9.4,"Actual","DCD",0
"Europe","Sweden",2012,9.5,"Actual","DBD",143
"Europe","Sweden",2012,9.5,"Actual","DCD",0
"Europe","Sweden",2013,9.6,"Actual","DBD",152
"Europe","Sweden",2013,9.6,"Actual","DCD",0
"Europe","Sweden",2014,9.6,"Actual","DBD",166
"Europe","Sweden",2014,9.6,"Actual","DCD",0
"Europe","Sweden",2014,9.6,"Utilized","DBD",166
"Europe","Sweden",2014,9.6,"Utilized","DCD",0
"Europe","Switzerland",2000,7.4,"Actual","DBD",98
"Europe","Switzerland",2001,7.2,"Actual","DBD",95
"Europe","Switzerland",2002,7.2,"Actual","DBD",75
"Europe","Switzerland",2003,7.2,"Actual","DBD",89
"Europe","Switzerland",2003,7.2,"Actual","DCD",6
"Europe","Switzerland",2004,7.2,"Actual","DBD",85
"Europe","Switzerland",2004,7.2,"Actual","DCD",6
"Europe","Switzerland",2005,7.3,"Actual","DBD",90
"Europe","Switzerland",2005,7.3,"Actual","DCD",2
"Europe","Switzerland",2007,7.3,"Actual","DBD",81
"Europe","Switzerland",2008,7.5,"Actual","DBD",90
"Europe","Switzerland",2009,7.6,"Actual","DBD",103
"Europe","Switzerland",2009,7.6,"Actual","DCD",0
"Europe","Switzerland",2010,7.6,"Actual","DBD",98
"Europe","Switzerland",2010,7.6,"Actual","DCD",0
"Europe","Switzerland",2011,7.7,"Actual","DBD",97
"Europe","Switzerland",2011,7.7,"Actual","DCD",3
"Europe","Switzerland",2012,7.7,"Actual","DBD",89
"Europe","Switzerland",2012,7.7,"Actual","DCD",7
"Europe","Switzerland",2013,8.1,"Actual","DBD",98
"Europe","Switzerland",2013,8.1,"Actual","DCD",12
"Europe","Switzerland",2013,8.1,"Utilized","DBD",91
"Europe","Switzerland",2013,8.1,"Utilized","DCD",12
"Europe","Switzerland",2014,8.2,"Actual","DBD",99
"Europe","Switzerland",2014,8.2,"Actual","DCD",18
"Europe","Switzerland",2014,8.2,"Utilized","DBD",95
"Europe","Switzerland",2014,8.2,"Utilized","DCD",18
"Eastern Mediterranean","Syrian Arab Republic",2005,19,"Actual","DBD",0
"Eastern Mediterranean","Syrian Arab Republic",2005,19,"Actual","DCD",0
"Eastern Mediterranean","Syrian Arab Republic",2007,20,"Actual","DBD",0
"Eastern Mediterranean","Syrian Arab Republic",2007,20,"Actual","DCD",0
"Eastern Mediterranean","Syrian Arab Republic",2009,21.9,"Actual","DBD",0
"Eastern Mediterranean","Syrian Arab Republic",2009,21.9,"Actual","DCD",0
"Eastern Mediterranean","Syrian Arab Republic",2010,22.5,"Actual","DBD",0
"Eastern Mediterranean","Syrian Arab Republic",2010,22.5,"Actual","DCD",0
"Eastern Mediterranean","Syrian Arab Republic",2011,20.8,"Actual","DBD",0
"Eastern Mediterranean","Syrian Arab Republic",2011,20.8,"Actual","DCD",0
"Eastern Mediterranean","Syrian Arab Republic",2011,20.8,"Utilized","DBD",0
"Eastern Mediterranean","Syrian Arab Republic",2011,20.8,"Utilized","DCD",0
"Eastern Mediterranean","Syrian Arab Republic",2012,21.1,"Actual","DBD",0
"Eastern Mediterranean","Syrian Arab Republic",2012,21.1,"Actual","DCD",0
"Eastern Mediterranean","Syrian Arab Republic",2012,21.1,"Utilized","DBD",0
"Eastern Mediterranean","Syrian Arab Republic",2012,21.1,"Utilized","DCD",0
"Eastern Mediterranean","Syrian Arab Republic",2013,21.9,"Actual","DBD",0
"Eastern Mediterranean","Syrian Arab Republic",2013,21.9,"Actual","DCD",0
"Eastern Mediterranean","Syrian Arab Republic",2013,21.9,"Utilized","DBD",0
"Eastern Mediterranean","Syrian Arab Republic",2013,21.9,"Utilized","DCD",0
"Eastern Mediterranean","Syrian Arab Republic",2014,22,"Actual","DBD",0
"Eastern Mediterranean","Syrian Arab Republic",2014,22,"Actual","DCD",0
"Eastern Mediterranean","Syrian Arab Republic",2014,22,"Utilized","DBD",0
"Eastern Mediterranean","Syrian Arab Republic",2014,22,"Utilized","DCD",0
"Europe","Tajikistan",2010,7.1,"Actual","DBD",0
"Europe","Tajikistan",2010,7.1,"Actual","DCD",0
"Europe","Tajikistan",2011,7,"Actual","DBD",0
"Europe","Tajikistan",2011,7,"Actual","DCD",0
"Europe","Tajikistan",2011,7,"Utilized","DBD",0
"Europe","Tajikistan",2011,7,"Utilized","DCD",0
"Europe","Tajikistan",2012,7.1,"Actual","DBD",0
"Europe","Tajikistan",2012,7.1,"Actual","DCD",0
"Europe","Tajikistan",2012,7.1,"Utilized","DBD",0
"Europe","Tajikistan",2012,7.1,"Utilized","DCD",0
"Europe","Tajikistan",2013,8.2,"Actual","DBD",0
"Europe","Tajikistan",2013,8.2,"Actual","DCD",0
"Europe","Tajikistan",2013,8.2,"Utilized","DBD",0
"Europe","Tajikistan",2013,8.2,"Utilized","DCD",0
"Europe","Tajikistan",2014,8.4,"Actual","DBD",0
"Europe","Tajikistan",2014,8.4,"Actual","DCD",0
"Europe","Tajikistan",2014,8.4,"Utilized","DBD",0
"Europe","Tajikistan",2014,8.4,"Utilized","DCD",0
"South-East Asia","Thailand",2005,64.2,"Actual","DBD",45
"South-East Asia","Thailand",2006,64.8,"Actual","DBD",63
"South-East Asia","Thailand",2006,64.8,"Actual","DCD",0
"South-East Asia","Thailand",2007,65.3,"Actual","DBD",93
"South-East Asia","Thailand",2007,65.3,"Actual","DCD",0
"South-East Asia","Thailand",2008,64.3,"Actual","DBD",81
"South-East Asia","Thailand",2010,68.1,"Actual","DBD",87
"South-East Asia","Thailand",2010,68.1,"Actual","DCD",0
"South-East Asia","Thailand",2011,69.5,"Actual","DBD",113
"South-East Asia","Thailand",2011,69.5,"Actual","DCD",0
"South-East Asia","Thailand",2011,69.5,"Utilized","DBD",109
"South-East Asia","Thailand",2011,69.5,"Utilized","DCD",0
"South-East Asia","Thailand",2012,69.9,"Actual","DBD",136
"South-East Asia","Thailand",2012,69.9,"Actual","DCD",0
"South-East Asia","Thailand",2012,69.9,"Utilized","DBD",131
"South-East Asia","Thailand",2012,69.9,"Utilized","DCD",0
"South-East Asia","Thailand",2013,67,"Actual","DBD",158
"South-East Asia","Thailand",2013,67,"Actual","DCD",0
"South-East Asia","Thailand",2013,67,"Utilized","DBD",155
"South-East Asia","Thailand",2013,67,"Utilized","DCD",0
"South-East Asia","Thailand",2014,67.2,"Actual","DBD",188
"South-East Asia","Thailand",2014,67.2,"Actual","DCD",0
"South-East Asia","Thailand",2014,67.2,"Utilized","DBD",181
"South-East Asia","Thailand",2014,67.2,"Utilized","DCD",0
"Europe","Republic of North Macedonia",2010,2,"Actual","DBD",0
"Europe","Republic of North Macedonia",2010,2,"Actual","DCD",0
"Europe","Republic of North Macedonia",2011,2.1,"Actual","DBD",0
"Europe","Republic of North Macedonia",2011,2.1,"Actual","DCD",0
"Europe","Republic of North Macedonia",2011,2.1,"Utilized","DBD",0
"Europe","Republic of North Macedonia",2011,2.1,"Utilized","DCD",0
"Europe","Republic of North Macedonia",2012,2.1,"Actual","DBD",0
"Europe","Republic of North Macedonia",2012,2.1,"Actual","DCD",0
"Europe","Republic of North Macedonia",2013,2.1,"Actual","DBD",0
"Europe","Republic of North Macedonia",2013,2.1,"Actual","DCD",0
"Europe","Republic of North Macedonia",2013,2.1,"Utilized","DBD",0
"Europe","Republic of North Macedonia",2013,2.1,"Utilized","DCD",0
"Eastern Mediterranean","Tunisia",2003,9.8,"Actual","DBD",5
"Eastern Mediterranean","Tunisia",2003,9.8,"Actual","DCD",0
"Eastern Mediterranean","Tunisia",2004,9.9,"Actual","DBD",8
"Eastern Mediterranean","Tunisia",2004,9.9,"Actual","DCD",0
"Eastern Mediterranean","Tunisia",2005,10.1,"Actual","DBD",7
"Eastern Mediterranean","Tunisia",2005,10.1,"Actual","DCD",0
"Eastern Mediterranean","Tunisia",2006,10.2,"Actual","DBD",4
"Eastern Mediterranean","Tunisia",2006,10.2,"Actual","DCD",0
"Eastern Mediterranean","Tunisia",2007,10.3,"Actual","DBD",8
"Eastern Mediterranean","Tunisia",2007,10.3,"Actual","DCD",0
"Eastern Mediterranean","Tunisia",2008,10.4,"Actual","DBD",14
"Eastern Mediterranean","Tunisia",2008,10.4,"Actual","DCD",0
"Eastern Mediterranean","Tunisia",2009,10.3,"Actual","DBD",14
"Eastern Mediterranean","Tunisia",2009,10.3,"Actual","DCD",0
"Eastern Mediterranean","Tunisia",2010,10.4,"Actual","DBD",16
"Eastern Mediterranean","Tunisia",2010,10.4,"Actual","DCD",0
"Eastern Mediterranean","Tunisia",2011,10.6,"Actual","DBD",6
"Eastern Mediterranean","Tunisia",2011,10.6,"Actual","DCD",0
"Eastern Mediterranean","Tunisia",2011,10.6,"Utilized","DBD",6
"Eastern Mediterranean","Tunisia",2011,10.6,"Utilized","DCD",0
"Eastern Mediterranean","Tunisia",2012,10.7,"Actual","DBD",1
"Eastern Mediterranean","Tunisia",2012,10.7,"Actual","DCD",0
"Eastern Mediterranean","Tunisia",2012,10.7,"Utilized","DBD",1
"Eastern Mediterranean","Tunisia",2012,10.7,"Utilized","DCD",0
"Eastern Mediterranean","Tunisia",2013,11,"Actual","DBD",9
"Eastern Mediterranean","Tunisia",2013,11,"Actual","DCD",0
"Eastern Mediterranean","Tunisia",2013,11,"Utilized","DBD",9
"Eastern Mediterranean","Tunisia",2013,11,"Utilized","DCD",0
"Eastern Mediterranean","Tunisia",2014,11.1,"Actual","DBD",9
"Eastern Mediterranean","Tunisia",2014,11.1,"Actual","DCD",0
"Eastern Mediterranean","Tunisia",2014,11.1,"Utilized","DBD",9
"Eastern Mediterranean","Tunisia",2014,11.1,"Utilized","DCD",0
"Europe","Türkiye",2001,67.6,"Actual","DBD",89
"Europe","Türkiye",2003,71.3,"Actual","DBD",103
"Europe","Türkiye",2003,71.3,"Actual","DCD",2
"Europe","Türkiye",2004,72.3,"Actual","DBD",135
"Europe","Türkiye",2004,72.3,"Actual","DCD",1
"Europe","Türkiye",2005,73.2,"Actual","DBD",153
"Europe","Türkiye",2007,75.2,"Actual","DBD",223
"Europe","Türkiye",2007,75.2,"Actual","DCD",0
"Europe","Türkiye",2008,75.8,"Actual","DBD",259
"Europe","Türkiye",2008,75.8,"Actual","DCD",3
"Europe","Türkiye",2009,74.8,"Actual","DBD",262
"Europe","Türkiye",2009,74.8,"Actual","DCD",0
"Europe","Türkiye",2010,75.7,"Actual","DBD",272
"Europe","Türkiye",2011,73.6,"Actual","DBD",311
"Europe","Türkiye",2011,73.6,"Actual","DCD",0
"Europe","Türkiye",2013,74.9,"Actual","DBD",381
"Europe","Türkiye",2013,74.9,"Actual","DCD",0
"Europe","Türkiye",2013,74.9,"Utilized","DBD",379
"Europe","Türkiye",2013,74.9,"Utilized","DCD",0
"Europe","Türkiye",2014,75.8,"Actual","DBD",407
"Europe","Türkiye",2014,75.8,"Actual","DCD",0
"Europe","Türkiye",2014,75.8,"Utilized","DBD",404
"Europe","Türkiye",2014,75.8,"Utilized","DCD",0
"Europe","Ukraine",2012,44.9,"Actual","DBD",4
"Europe","Ukraine",2012,44.9,"Actual","DCD",0
"Europe","Ukraine",2013,45.2,"Actual","DBD",11
"Europe","Ukraine",2013,45.2,"Actual","DCD",0
"Europe","Ukraine",2013,45.2,"Utilized","DBD",11
"Europe","Ukraine",2013,45.2,"Utilized","DCD",0
"Eastern Mediterranean","United Arab Emirates",2011,7.9,"Actual","DBD",0
"Eastern Mediterranean","United Arab Emirates",2011,7.9,"Actual","DCD",0
"Eastern Mediterranean","United Arab Emirates",2011,7.9,"Utilized","DBD",0
"Eastern Mediterranean","United Arab Emirates",2011,7.9,"Utilized","DCD",0
"Eastern Mediterranean","United Arab Emirates",2012,8.1,"Actual","DBD",1
"Eastern Mediterranean","United Arab Emirates",2012,8.1,"Actual","DCD",0
"Eastern Mediterranean","United Arab Emirates",2012,8.1,"Utilized","DBD",1
"Eastern Mediterranean","United Arab Emirates",2012,8.1,"Utilized","DCD",0
"Eastern Mediterranean","United Arab Emirates",2013,9.3,"Actual","DBD",0
"Eastern Mediterranean","United Arab Emirates",2013,9.3,"Actual","DCD",0
"Eastern Mediterranean","United Arab Emirates",2013,9.3,"Utilized","DBD",0
"Eastern Mediterranean","United Arab Emirates",2013,9.3,"Utilized","DCD",0
"Eastern Mediterranean","United Arab Emirates",2014,9.4,"Actual","DBD",0
"Eastern Mediterranean","United Arab Emirates",2014,9.4,"Actual","DCD",0
"Eastern Mediterranean","United Arab Emirates",2014,9.4,"Utilized","DBD",0
"Eastern Mediterranean","United Arab Emirates",2014,9.4,"Utilized","DCD",0
"Europe","United Kingdom",2001,59.5,"Actual","DBD",777
"Europe","United Kingdom",2002,59.7,"Actual","DBD",713
"Europe","United Kingdom",2002,59.7,"Actual","DCD",52
"Europe","United Kingdom",2003,59.3,"Actual","DBD",644
"Europe","United Kingdom",2003,59.3,"Actual","DCD",66
"Europe","United Kingdom",2004,59.4,"Actual","DBD",726
"Europe","United Kingdom",2004,59.4,"Actual","DCD",87
"Europe","United Kingdom",2005,59.7,"Actual","DBD",632
"Europe","United Kingdom",2005,59.7,"Actual","DCD",121
"Europe","United Kingdom",2006,59.8,"Actual","DBD",633
"Europe","United Kingdom",2006,59.8,"Actual","DCD",146
"Europe","United Kingdom",2007,60,"Actual","DBD",607
"Europe","United Kingdom",2007,60,"Actual","DCD",186
"Europe","United Kingdom",2008,61,"Actual","DBD",621
"Europe","United Kingdom",2008,61,"Actual","DCD",264
"Europe","United Kingdom",2009,61.6,"Actual","DBD",613
"Europe","United Kingdom",2009,61.6,"Actual","DCD",318
"Europe","United Kingdom",2009,61.6,"Utilized","DBD",601
"Europe","United Kingdom",2009,61.6,"Utilized","DCD",286
"Europe","United Kingdom",2010,61.9,"Actual","DBD",642
"Europe","United Kingdom",2010,61.9,"Actual","DCD",373
"Europe","United Kingdom",2011,62.4,"Actual","DBD",651
"Europe","United Kingdom",2011,62.4,"Actual","DCD",405
"Europe","United Kingdom",2012,62.8,"Actual","DBD",660
"Europe","United Kingdom",2012,62.8,"Actual","DCD",504
"Europe","United Kingdom",2013,63.1,"Actual","DBD",779
"Europe","United Kingdom",2013,63.1,"Actual","DCD",544
"Europe","United Kingdom",2013,63.1,"Utilized","DBD",766
"Europe","United Kingdom",2013,63.1,"Utilized","DCD",491
"Europe","United Kingdom",2014,63.5,"Actual","DBD",804
"Europe","United Kingdom",2014,63.5,"Actual","DCD",505
"Europe","United Kingdom",2014,63.5,"Utilized","DBD",789
"Europe","United Kingdom",2014,63.5,"Utilized","DCD",452
"America","United States of America",2000,278.4,"Actual","DBD",5852
"America","United States of America",2000,278.4,"Actual","DCD",118
"America","United States of America",2001,285.9,"Actual","DBD",5911
"America","United States of America",2001,285.9,"Actual","DCD",167
"America","United States of America",2002,288.5,"Actual","DBD",5999
"America","United States of America",2002,288.5,"Actual","DCD",190
"America","United States of America",2003,294,"Actual","DBD",6187
"America","United States of America",2003,294,"Actual","DCD",270
"America","United States of America",2004,297,"Actual","DBD",6757
"America","United States of America",2004,297,"Actual","DCD",393
"America","United States of America",2005,298.2,"Actual","DBD",7029
"America","United States of America",2005,298.2,"Actual","DCD",564
"America","United States of America",2006,301,"Actual","DBD",7375
"America","United States of America",2006,301,"Actual","DCD",642
"America","United States of America",2007,303.9,"Actual","DBD",7294
"America","United States of America",2007,303.9,"Actual","DCD",791
"America","United States of America",2008,308.8,"Actual","DBD",7140
"America","United States of America",2008,308.8,"Actual","DCD",849
"America","United States of America",2009,314.7,"Actual","DBD",7102
"America","United States of America",2009,314.7,"Actual","DCD",920
"America","United States of America",2010,317.6,"Actual","DBD",7000
"America","United States of America",2010,317.6,"Actual","DCD",943
"America","United States of America",2011,313.1,"Actual","DBD",7069
"America","United States of America",2011,313.1,"Actual","DCD",1057
"America","United States of America",2012,315.8,"Actual","DBD",7036
"America","United States of America",2012,315.8,"Actual","DCD",1107
"America","United States of America",2013,320.1,"Actual","DBD",7062
"America","United States of America",2013,320.1,"Actual","DCD",1207
"America","United States of America",2013,320.1,"Utilized","DBD",6750
"America","United States of America",2013,320.1,"Utilized","DCD",1045
"America","United States of America",2014,322.6,"Actual","DBD",7304
"America","United States of America",2014,322.6,"Actual","DCD",1292
"America","United States of America",2014,322.6,"Utilized","DBD",6974
"America","United States of America",2014,322.6,"Utilized","DCD",1157
"America","Uruguay",2004,3.4,"Actual","DBD",61
"America","Uruguay",2005,3.5,"Actual","DBD",64
"America","Uruguay",2007,3.5,"Actual","DBD",60
"America","Uruguay",2008,3.4,"Actual","DCD",0
"America","Uruguay",2009,3.4,"Actual","DBD",65
"America","Uruguay",2009,3.4,"Actual","DCD",0
"America","Uruguay",2010,3.4,"Actual","DBD",49
"America","Uruguay",2010,3.4,"Actual","DCD",0
"America","Uruguay",2011,3.4,"Actual","DBD",68
"America","Uruguay",2011,3.4,"Actual","DCD",0
"America","Uruguay",2012,3.4,"Actual","DBD",54
"America","Uruguay",2012,3.4,"Actual","DCD",0
"America","Uruguay",2013,3.4,"Actual","DBD",58
"America","Uruguay",2013,3.4,"Actual","DCD",0
"America","Uruguay",2013,3.4,"Utilized","DBD",56
"America","Uruguay",2013,3.4,"Utilized","DCD",0
"America","Uruguay",2014,3.4,"Actual","DBD",68
"America","Uruguay",2014,3.4,"Actual","DCD",0
"America","Uruguay",2014,3.4,"Utilized","DBD",64
"America","Uruguay",2014,3.4,"Utilized","DCD",0
"America","Venezuela (Bolivarian Republic of)",2004,26.2,"Actual","DBD",51
"America","Venezuela (Bolivarian Republic of)",2005,26.7,"Actual","DBD",49
"America","Venezuela (Bolivarian Republic of)",2007,27.7,"Actual","DBD",99
"America","Venezuela (Bolivarian Republic of)",2008,28.1,"Actual","DCD",0
"America","Venezuela (Bolivarian Republic of)",2009,28.6,"Actual","DBD",91
"America","Venezuela (Bolivarian Republic of)",2009,28.6,"Actual","DCD",0
"America","Venezuela (Bolivarian Republic of)",2010,29,"Actual","DBD",100
"America","Venezuela (Bolivarian Republic of)",2010,29,"Actual","DCD",0
"America","Venezuela (Bolivarian Republic of)",2011,29.4,"Actual","DBD",112
"America","Venezuela (Bolivarian Republic of)",2011,29.4,"Actual","DCD",0
"America","Venezuela (Bolivarian Republic of)",2012,29.9,"Actual","DBD",140
"America","Venezuela (Bolivarian Republic of)",2012,29.9,"Actual","DCD",0
"America","Venezuela (Bolivarian Republic of)",2013,30.4,"Actual","DBD",112
"America","Venezuela (Bolivarian Republic of)",2013,30.4,"Actual","DCD",0
"America","Venezuela (Bolivarian Republic of)",2013,30.4,"Utilized","DBD",103
"America","Venezuela (Bolivarian Republic of)",2013,30.4,"Utilized","DCD",0
"America","Venezuela (Bolivarian Republic of)",2014,30.9,"Actual","DBD",54
"America","Venezuela (Bolivarian Republic of)",2014,30.9,"Actual","DCD",0
"America","Venezuela (Bolivarian Republic of)",2014,30.9,"Utilized","DBD",52
"America","Venezuela (Bolivarian Republic of)",2014,30.9,"Utilized","DCD",0
"Western Pacific","Viet Nam",2005,84.2,"Actual","DBD",0
"Western Pacific","Viet Nam",2005,84.2,"Actual","DCD",0
"Western Pacific","Viet Nam",2006,85.3,"Actual","DBD",0
"Western Pacific","Viet Nam",2006,85.3,"Actual","DCD",0
"Western Pacific","Viet Nam",2007,86.4,"Actual","DBD",0
"Western Pacific","Viet Nam",2007,86.4,"Actual","DCD",0
"Western Pacific","Viet Nam",2008,88.5,"Actual","DBD",0
"Western Pacific","Viet Nam",2008,88.5,"Actual","DCD",0
"Western Pacific","Viet Nam",2009,88.1,"Actual","DBD",0
"Western Pacific","Viet Nam",2009,88.1,"Actual","DCD",0
"Western Pacific","Viet Nam",2013,91.7,"Actual","DBD",30
"Western Pacific","Viet Nam",2013,91.7,"Actual","DCD",0
"Western Pacific","Viet Nam",2013,91.7,"Utilized","DBD",30
"Western Pacific","Viet Nam",2013,91.7,"Utilized","DCD",0
"Western Pacific","Viet Nam",2014,92.5,"Actual","DBD",17
"Western Pacific","Viet Nam",2014,92.5,"Actual","DCD",0
"Western Pacific","Viet Nam",2014,92.5,"Utilized","DBD",17
"Western Pacific","Viet Nam",2014,92.5,"Utilized","DCD",0
"America","Argentina",2015,43.4,"Actual","DBD",592
"America","Argentina",2015,43.4,"Actual","DCD",0
"America","Argentina",2015,43.4,"Utilized","DBD",516
"America","Argentina",2015,43.4,"Utilized","DCD",0
"Europe","Armenia",2015,3,"Actual","DBD",0
"Europe","Armenia",2015,3,"Actual","DCD",0
"Europe","Armenia",2015,3,"Utilized","DBD",0
"Europe","Armenia",2015,3,"Utilized","DCD",0
"Western Pacific","Australia",2015,24,"Actual","DBD",315
"Western Pacific","Australia",2015,24,"Actual","DCD",120
"Western Pacific","Australia",2015,24,"Utilized","DBD",304
"Western Pacific","Australia",2015,24,"Utilized","DCD",114
"Europe","Azerbaijan",2015,9.8,"Actual","DBD",0
"Europe","Azerbaijan",2015,9.8,"Actual","DCD",0
"Europe","Azerbaijan",2015,9.8,"Utilized","DBD",0
"Europe","Azerbaijan",2015,9.8,"Utilized","DCD",0
"Europe","Bosnia and Herzegovina",2015,3.8,"Actual","DBD",6
"Europe","Bosnia and Herzegovina",2015,3.8,"Actual","DCD",0
"Europe","Bosnia and Herzegovina",2015,3.8,"Utilized","DBD",6
"Europe","Bosnia and Herzegovina",2015,3.8,"Utilized","DCD",0
"Europe","Belarus",2015,9.5,"Actual","DBD",191
"Europe","Belarus",2015,9.5,"Actual","DCD",0
"Europe","Belarus",2015,9.5,"Utilized","DBD",181
"Europe","Belarus",2015,9.5,"Utilized","DCD",0
"America","Brazil",2015,207.8,"Actual","DBD",2836
"America","Brazil",2015,207.8,"Actual","DCD",0
"America","Brazil",2015,207.8,"Utilized","DBD",2646
"America","Brazil",2015,207.8,"Utilized","DCD",0
"Europe","Bulgaria",2015,7.1,"Actual","DBD",45
"Europe","Bulgaria",2015,7.1,"Actual","DCD",0
"Europe","Bulgaria",2015,7.1,"Utilized","DBD",19
"Europe","Bulgaria",2015,7.1,"Utilized","DCD",0
"America","Canada",2015,35.9,"Actual","DBD",543
"America","Canada",2015,35.9,"Actual","DCD",138
"America","Canada",2015,35.9,"Utilized","DBD",543
"America","Canada",2015,35.9,"Utilized","DCD",138
"Europe","Belgium",2015,11.3,"Utilized","DBD",209
"Europe","Belgium",2015,11.3,"Utilized","DCD",106
"Europe","Cyprus",2015,0.8,"Actual","DBD",3
"Europe","Cyprus",2015,0.8,"Actual","DCD",0
"Europe","Cyprus",2015,0.8,"Utilized","DBD",2
"Europe","Cyprus",2015,0.8,"Utilized","DCD",0
"Europe","Croatia",2015,4.2,"Actual","DBD",169
"Europe","Croatia",2015,4.2,"Actual","DCD",0
"Europe","Croatia",2015,4.2,"Utilized","DBD",159
"Europe","Croatia",2015,4.2,"Utilized","DCD",0
"Europe","Czech Republic",2015,10.5,"Actual","DBD",238
"Europe","Czech Republic",2015,10.5,"Actual","DCD",8
"Europe","Czech Republic",2015,10.5,"Utilized","DBD",222
"Europe","Czech Republic",2015,10.5,"Utilized","DCD",8
"Europe","Denmark",2015,5.7,"Actual","DBD",87
"Europe","Denmark",2015,5.7,"Actual","DCD",0
"Europe","Denmark",2015,5.7,"Utilized","DBD",85
"Europe","Denmark",2015,5.7,"Utilized","DCD",0
"Europe","Estonia",2015,1.3,"Actual","DBD",21
"Europe","Estonia",2015,1.3,"Actual","DCD",0
"Europe","Estonia",2015,1.3,"Utilized","DBD",21
"Europe","Estonia",2015,1.3,"Utilized","DCD",0
"Europe","Finland",2015,5.5,"Actual","DBD",127
"Europe","Finland",2015,5.5,"Actual","DCD",0
"Europe","Finland",2015,5.5,"Utilized","DBD",126
"Europe","Finland",2015,5.5,"Utilized","DCD",0
"Europe","France",2015,64.4,"Actual","DBD",1754
"Europe","France",2015,64.4,"Actual","DCD",55
"Europe","France",2015,64.4,"Utilized","DBD",1693
"Europe","France",2015,64.4,"Utilized","DCD",49
"Europe","Greece",2015,11,"Actual","DBD",39
"Europe","Greece",2015,11,"Actual","DCD",0
"Europe","Greece",2015,11,"Utilized","DBD",36
"Europe","Greece",2015,11,"Utilized","DCD",0
"Europe","Hungary",2015,9.9,"Actual","DBD",236
"Europe","Hungary",2015,9.9,"Actual","DCD",0
"Europe","Hungary",2015,9.9,"Utilized","DBD",174
"Europe","Hungary",2015,9.9,"Utilized","DCD",0
"Europe","Ireland",2015,4.7,"Actual","DBD",77
"Europe","Ireland",2015,4.7,"Actual","DCD",4
"Europe","Ireland",2015,4.7,"Utilized","DBD",72
"Europe","Ireland",2015,4.7,"Utilized","DCD",4
"Europe","Italy",2015,59.8,"Actual","DBD",1361
"Europe","Italy",2015,59.8,"Actual","DCD",8
"Europe","Italy",2015,59.8,"Utilized","DBD",1159
"Europe","Italy",2015,59.8,"Utilized","DCD",6
"Europe","Latvia",2015,2,"Actual","DBD",26
"Europe","Latvia",2015,2,"Actual","DCD",11
"Europe","Latvia",2015,2,"Utilized","DBD",26
"Europe","Latvia",2015,2,"Utilized","DCD",10
"Europe","Lithuania",2015,2.9,"Actual","DBD",57
"Europe","Lithuania",2015,2.9,"Actual","DCD",0
"Europe","Lithuania",2015,2.9,"Utilized","DBD",56
"Europe","Lithuania",2015,2.9,"Utilized","DCD",0
"Europe","Malta",2015,0.4,"Actual","DBD",6
"Europe","Malta",2015,0.4,"Actual","DCD",0
"Europe","Malta",2015,0.4,"Utilized","DBD",5
"Europe","Malta",2015,0.4,"Utilized","DCD",0
"Europe","Poland",2015,38.6,"Actual","DBD",523
"Europe","Poland",2015,38.6,"Actual","DCD",3
"Europe","Poland",2015,38.6,"Utilized","DBD",507
"Europe","Poland",2015,38.6,"Utilized","DCD",3
"Europe","Portugal",2015,10.3,"Actual","DBD",319
"Europe","Portugal",2015,10.3,"Actual","DCD",0
"Europe","Portugal",2015,10.3,"Utilized","DBD",301
"Europe","Portugal",2015,10.3,"Utilized","DCD",0
"Europe","Romania",2015,19.5,"Actual","DBD",113
"Europe","Romania",2015,19.5,"Actual","DCD",0
"Europe","Romania",2015,19.5,"Utilized","DBD",113
"Europe","Romania",2015,19.5,"Utilized","DCD",0
"Europe","Slovakia",2015,5.4,"Actual","DBD",94
"Europe","Slovakia",2015,5.4,"Actual","DCD",0
"Europe","Slovakia",2015,5.4,"Utilized","DBD",90
"Europe","Slovakia",2015,5.4,"Utilized","DCD",0
"Europe","Spain",2015,46.1,"Actual","DBD",1537
"Europe","Spain",2015,46.1,"Actual","DCD",314
"Europe","Spain",2015,46.1,"Utilized","DBD",1350
"Europe","Spain",2015,46.1,"Utilized","DCD",255
"Eastern Mediterranean","Saudi Arabia",2015,31.5,"Actual","DBD",89
"Eastern Mediterranean","Saudi Arabia",2015,31.5,"Actual","DCD",0
"Eastern Mediterranean","Saudi Arabia",2015,31.5,"Utilized","DBD",86
"Eastern Mediterranean","Saudi Arabia",2015,31.5,"Utilized","DCD",0
"Europe","Uzbekistan",2015,29.9,"Actual","DBD",0
"Europe","Uzbekistan",2015,29.9,"Actual","DCD",0
"Europe","Uzbekistan",2015,29.9,"Utilized","DBD",0
"Europe","Uzbekistan",2015,29.9,"Utilized","DCD",0
"Europe","Sweden",2015,9.8,"Actual","DBD",169
"Europe","Sweden",2015,9.8,"Actual","DCD",0
"Europe","Sweden",2015,9.8,"Utilized","DBD",167
"Europe","Sweden",2015,9.8,"Utilized","DCD",0
"Europe","United Kingdom",2015,64.7,"Actual","DBD",763
"Europe","United Kingdom",2015,64.7,"Actual","DCD",548
"Europe","United Kingdom",2015,64.7,"Utilized","DBD",739
"Europe","United Kingdom",2015,64.7,"Utilized","DCD",498
"Eastern Mediterranean","Kuwait",2015,3.9,"Actual","DBD",12
"Eastern Mediterranean","Kuwait",2015,3.9,"Actual","DCD",0
"Eastern Mediterranean","Kuwait",2015,3.9,"Utilized","DBD",12
"Eastern Mediterranean","Kuwait",2015,3.9,"Utilized","DCD",0
"Eastern Mediterranean","Jordan",2015,7.6,"Actual","DBD",1
"Eastern Mediterranean","Jordan",2015,7.6,"Actual","DCD",0
"Eastern Mediterranean","Jordan",2015,7.6,"Utilized","DBD",1
"Eastern Mediterranean","Jordan",2015,7.6,"Utilized","DCD",0
"Europe","Georgia",2015,4,"Actual","DBD",0
"Europe","Georgia",2015,4,"Actual","DCD",0
"Europe","Georgia",2015,4,"Utilized","DBD",0
"Europe","Georgia",2015,4,"Utilized","DCD",0
"Europe","Iceland",2015,0.3,"Actual","DBD",12
"Europe","Iceland",2015,0.3,"Actual","DCD",0
"Europe","Iceland",2015,0.3,"Utilized","DBD",12
"Europe","Iceland",2015,0.3,"Utilized","DCD",0
"Eastern Mediterranean","Iran (Islamic Republic of)",2015,79.1,"Actual","DBD",808
"Eastern Mediterranean","Iran (Islamic Republic of)",2015,79.1,"Actual","DCD",0
"Eastern Mediterranean","Iran (Islamic Republic of)",2015,79.1,"Utilized","DBD",0
"Eastern Mediterranean","Iran (Islamic Republic of)",2015,79.1,"Utilized","DCD",0
"Europe","Israel",2015,8.1,"Actual","DBD",76
"Europe","Israel",2015,8.1,"Actual","DCD",1
"Europe","Israel",2015,8.1,"Utilized","DBD",73
"Europe","Israel",2015,8.1,"Utilized","DCD",1
"Europe","Republic of North Macedonia",2015,2.1,"Actual","DBD",2
"Europe","Republic of North Macedonia",2015,2.1,"Actual","DCD",0
"Europe","Republic of North Macedonia",2015,2.1,"Utilized","DBD",2
"Europe","Republic of North Macedonia",2015,2.1,"Utilized","DCD",0
"Western Pacific","Malaysia",2015,30.3,"Actual","DBD",30
"Western Pacific","Malaysia",2015,30.3,"Actual","DCD",0
"Western Pacific","Malaysia",2015,30.3,"Utilized","DBD",28
"Western Pacific","Malaysia",2015,30.3,"Utilized","DCD",0
"Eastern Mediterranean","Morocco",2015,34.4,"Actual","DBD",11
"Eastern Mediterranean","Morocco",2015,34.4,"Actual","DCD",0
"Eastern Mediterranean","Morocco",2015,34.4,"Utilized","DBD",11
"Eastern Mediterranean","Morocco",2015,34.4,"Utilized","DCD",0
"Europe","Republic of Moldova",2015,4.1,"Actual","DBD",4
"Europe","Republic of Moldova",2015,4.1,"Actual","DCD",0
"Europe","Republic of Moldova",2015,4.1,"Utilized","DBD",4
"Europe","Republic of Moldova",2015,4.1,"Utilized","DCD",0
"Europe","Montenegro",2015,0.6,"Actual","DBD",0
"Europe","Montenegro",2015,0.6,"Actual","DCD",0
"Europe","Montenegro",2015,0.6,"Utilized","DBD",0
"Europe","Montenegro",2015,0.6,"Utilized","DCD",0
"Western Pacific","New Zealand",2015,4.5,"Actual","DBD",48
"Western Pacific","New Zealand",2015,4.5,"Actual","DCD",5
"Western Pacific","New Zealand",2015,4.5,"Utilized","DBD",45
"Western Pacific","New Zealand",2015,4.5,"Utilized","DCD",5
"Europe","Norway",2015,5.2,"Actual","DBD",105
"Europe","Norway",2015,5.2,"Actual","DCD",6
"Europe","Norway",2015,5.2,"Utilized","DBD",105
"Europe","Norway",2015,5.2,"Utilized","DCD",5
"Europe","Russian Federation",2015,143.5,"Actual","DBD",361
"Europe","Russian Federation",2015,143.5,"Actual","DCD",73
"Europe","Russian Federation",2015,143.5,"Utilized","DBD",361
"Europe","Russian Federation",2015,143.5,"Utilized","DCD",73
"Eastern Mediterranean","Sudan",2015,40.2,"Actual","DBD",0
"Eastern Mediterranean","Sudan",2015,40.2,"Actual","DCD",0
"Eastern Mediterranean","Sudan",2015,40.2,"Utilized","DBD",0
"Eastern Mediterranean","Sudan",2015,40.2,"Utilized","DCD",0
"Europe","Switzerland",2015,8.3,"Actual","DBD",127
"Europe","Switzerland",2015,8.3,"Actual","DCD",16
"Europe","Switzerland",2015,8.3,"Utilized","DBD",119
"Europe","Switzerland",2015,8.3,"Utilized","DCD",15
"Eastern Mediterranean","Syrian Arab Republic",2015,18.5,"Actual","DBD",0
"Eastern Mediterranean","Syrian Arab Republic",2015,18.5,"Actual","DCD",0
"Eastern Mediterranean","Syrian Arab Republic",2015,18.5,"Utilized","DBD",0
"Eastern Mediterranean","Syrian Arab Republic",2015,18.5,"Utilized","DCD",0
"Europe","Türkiye",2015,78.7,"Actual","DBD",472
"Europe","Türkiye",2015,78.7,"Actual","DCD",0
"Europe","Türkiye",2015,78.7,"Utilized","DBD",470
"Europe","Türkiye",2015,78.7,"Utilized","DCD",0
"Europe","Ukraine",2015,44.8,"Actual","DBD",3
"Europe","Ukraine",2015,44.8,"Actual","DCD",0
"Europe","Ukraine",2015,44.8,"Utilized","DBD",3
"Europe","Ukraine",2015,44.8,"Utilized","DCD",0
"America","United States of America",2015,321.8,"Actual","DBD",7585
"America","United States of America",2015,321.8,"Actual","DCD",1494
"America","United States of America",2015,321.8,"Utilized","DBD",7230
"America","United States of America",2015,321.8,"Utilized","DCD",1288
"Eastern Mediterranean","Qatar",2015,2.2,"Actual","DBD",8
"Eastern Mediterranean","Qatar",2015,2.2,"Actual","DCD",0
"Eastern Mediterranean","Qatar",2015,2.2,"Utilized","DBD",8
"Eastern Mediterranean","Qatar",2015,2.2,"Utilized","DCD",0
"Africa","Ethiopia",2015,99.4,"Actual","DBD",0
"Africa","Ethiopia",2015,99.4,"Actual","DCD",0
"Africa","Ethiopia",2015,99.4,"Utilized","DBD",0
"Africa","Ethiopia",2015,99.4,"Utilized","DCD",0
"America","Colombia",2015,48.2,"Actual","DBD",405
"America","Colombia",2015,48.2,"Actual","DCD",0
"America","Colombia",2015,48.2,"Utilized","DBD",0
"America","Colombia",2015,48.2,"Utilized","DCD",0
"America","Costa Rica",2015,4.8,"Actual","DBD",34
"America","Costa Rica",2015,4.8,"Actual","DCD",0
"America","Costa Rica",2015,4.8,"Utilized","DBD",34
"America","Costa Rica",2015,4.8,"Utilized","DCD",0
"America","Cuba",2015,11.4,"Actual","DBD",159
"America","Cuba",2015,11.4,"Actual","DCD",0
"America","Cuba",2015,11.4,"Utilized","DBD",117
"America","Cuba",2015,11.4,"Utilized","DCD",0
"America","Dominican Republic",2015,10.5,"Actual","DBD",7
"America","Dominican Republic",2015,10.5,"Actual","DCD",0
"America","Dominican Republic",2015,10.5,"Utilized","DBD",7
"America","Dominican Republic",2015,10.5,"Utilized","DCD",0
"America","Ecuador",2015,16.1,"Actual","DBD",63
"America","Ecuador",2015,16.1,"Actual","DCD",0
"America","Ecuador",2015,16.1,"Utilized","DBD",63
"America","Ecuador",2015,16.1,"Utilized","DCD",0
"America","Guatemala",2015,16.3,"Actual","DBD",0
"America","Guatemala",2015,16.3,"Actual","DCD",0
"America","Guatemala",2015,16.3,"Utilized","DBD",0
"America","Guatemala",2015,16.3,"Utilized","DCD",0
"America","Honduras",2015,8.1,"Actual","DBD",0
"America","Honduras",2015,8.1,"Actual","DCD",0
"America","Honduras",2015,8.1,"Utilized","DBD",0
"America","Honduras",2015,8.1,"Utilized","DCD",0
"America","Mexico",2015,127,"Actual","DBD",446
"America","Mexico",2015,127,"Actual","DCD",0
"America","Mexico",2015,127,"Utilized","DBD",446
"America","Mexico",2015,127,"Utilized","DCD",0
"America","Panama",2015,3.9,"Actual","DBD",25
"America","Panama",2015,3.9,"Actual","DCD",0
"America","Panama",2015,3.9,"Utilized","DBD",17
"America","Panama",2015,3.9,"Utilized","DCD",0
"America","Paraguay",2015,6.6,"Actual","DBD",10
"America","Paraguay",2015,6.6,"Actual","DCD",0
"America","Paraguay",2015,6.6,"Utilized","DBD",10
"America","Paraguay",2015,6.6,"Utilized","DCD",0
"America","Peru",2015,31.4,"Actual","DBD",82
"America","Peru",2015,31.4,"Actual","DCD",0
"America","Peru",2015,31.4,"Utilized","DBD",78
"America","Peru",2015,31.4,"Utilized","DCD",0
"America","Uruguay",2015,3.4,"Actual","DBD",45
"America","Uruguay",2015,3.4,"Actual","DCD",0
"America","Uruguay",2015,3.4,"Utilized","DBD",43
"America","Uruguay",2015,3.4,"Utilized","DCD",0
"Eastern Mediterranean","United Arab Emirates",2015,9.2,"Actual","DBD",0
"Eastern Mediterranean","United Arab Emirates",2015,9.2,"Actual","DCD",0
"Eastern Mediterranean","United Arab Emirates",2015,9.2,"Utilized","DBD",0
"Eastern Mediterranean","United Arab Emirates",2015,9.2,"Utilized","DCD",0
"America","Venezuela (Bolivarian Republic of)",2015,31.1,"Actual","DBD",53
"America","Venezuela (Bolivarian Republic of)",2015,31.1,"Actual","DCD",0
"America","Venezuela (Bolivarian Republic of)",2015,31.1,"Utilized","DBD",51
"America","Venezuela (Bolivarian Republic of)",2015,31.1,"Utilized","DCD",0
"Western Pacific","Japan",2015,126.6,"Actual","DBD",58
"Western Pacific","Japan",2015,126.6,"Actual","DCD",33
"Western Pacific","Japan",2015,126.6,"Utilized","DBD",58
"Western Pacific","Japan",2015,126.6,"Utilized","DCD",32
"Western Pacific","Singapore",2015,5.6,"Actual","DBD",21
"Western Pacific","Singapore",2015,5.6,"Actual","DCD",1
"Western Pacific","Singapore",2015,5.6,"Utilized","DBD",21
"Western Pacific","Singapore",2015,5.6,"Utilized","DCD",1
"South-East Asia","Thailand",2015,68,"Actual","DBD",206
"South-East Asia","Thailand",2015,68,"Actual","DCD",0
"South-East Asia","Thailand",2015,68,"Utilized","DBD",192
"South-East Asia","Thailand",2015,68,"Utilized","DCD",0
"Africa","South Africa",2015,54.5,"Actual","DBD",83
"Africa","South Africa",2015,54.5,"Actual","DCD",2
"Africa","South Africa",2015,54.5,"Utilized","DBD",83
"Africa","South Africa",2015,54.5,"Utilized","DCD",2
"Eastern Mediterranean","Lebanon",2015,5.9,"Actual","DBD",5
"Eastern Mediterranean","Lebanon",2015,5.9,"Actual","DCD",0
"Eastern Mediterranean","Lebanon",2015,5.9,"Utilized","DBD",3
"Eastern Mediterranean","Lebanon",2015,5.9,"Utilized","DCD",0
"South-East Asia","Maldives",2015,0.4,"Actual","DBD",0
"South-East Asia","Maldives",2015,0.4,"Actual","DCD",0
"South-East Asia","Maldives",2015,0.4,"Utilized","DBD",0
"South-East Asia","Maldives",2015,0.4,"Utilized","DCD",0
"Western Pacific","Republic of Korea",2015,50.3,"Actual","DBD",500
"Western Pacific","Republic of Korea",2015,50.3,"Actual","DCD",1
"Western Pacific","Republic of Korea",2015,50.3,"Utilized","DBD",500
"Western Pacific","Republic of Korea",2015,50.3,"Utilized","DCD",1
"Europe","Netherlands",2015,16.9,"Actual","DBD",128
"Europe","Netherlands",2015,16.9,"Actual","DCD",156
"Europe","Netherlands",2015,16.9,"Utilized","DBD",126
"Europe","Netherlands",2015,16.9,"Utilized","DCD",139
"Europe","Luxembourg",2015,0.6,"Actual","DBD",3
"Europe","Luxembourg",2015,0.6,"Actual","DCD",0
"Europe","Luxembourg",2015,0.6,"Utilized","DBD",3
"Europe","Luxembourg",2015,0.6,"Utilized","DCD",0
"Europe","Slovenia",2015,2.1,"Actual","DBD",54
"Europe","Slovenia",2015,2.1,"Actual","DCD",0
"Europe","Slovenia",2015,2.1,"Utilized","DBD",53
"Europe","Slovenia",2015,2.1,"Utilized","DCD",0
"Europe","Albania",2015,2.9,"Actual","DBD",0
"Europe","Albania",2015,2.9,"Actual","DCD",0
"Africa","Algeria",2015,39.7,"Actual","DBD",1
"Africa","Algeria",2015,39.7,"Actual","DCD",0
"Africa","Algeria",2015,39.7,"Utilized","DBD",1
"Africa","Algeria",2015,39.7,"Utilized","DCD",0
"South-East Asia","Bhutan",2015,0.8,"Actual","DBD",0
"South-East Asia","Bhutan",2015,0.8,"Actual","DCD",0
"South-East Asia","Bhutan",2015,0.8,"Utilized","DBD",0
"South-East Asia","Bhutan",2015,0.8,"Utilized","DCD",0
"America","Bolivia (Plurinational State of)",2015,10.7,"Actual","DBD",9
"America","Bolivia (Plurinational State of)",2015,10.7,"Actual","DCD",0
"America","Bolivia (Plurinational State of)",2015,10.7,"Utilized","DBD",9
"America","Bolivia (Plurinational State of)",2015,10.7,"Utilized","DCD",0
"Africa","Cameroon",2015,23.3,"Actual","DCD",0
"Africa","Cameroon",2015,23.3,"Utilized","DCD",0
"Western Pacific","China",2015,1376,"Actual","DBD",443
"Western Pacific","China",2015,1376,"Actual","DCD",2323
"Western Pacific","China",2015,1376,"Utilized","DBD",432
"Western Pacific","China",2015,1376,"Utilized","DCD",2275
"Eastern Mediterranean","Egypt",2015,91.5,"Actual","DBD",0
"Eastern Mediterranean","Egypt",2015,91.5,"Actual","DCD",0
"America","El Salvador",2015,6.1,"Actual","DBD",0
"America","El Salvador",2015,6.1,"Actual","DCD",0
"Western Pacific","Fiji",2015,0.9,"Actual","DBD",0
"Western Pacific","Fiji",2015,0.9,"Actual","DCD",0
"Western Pacific","Fiji",2015,0.9,"Utilized","DBD",0
"Western Pacific","Fiji",2015,0.9,"Utilized","DCD",0
"Africa","Ghana",2015,27.4,"Actual","DBD",0
"Africa","Ghana",2015,27.4,"Actual","DCD",0
"Africa","Ghana",2015,27.4,"Utilized","DBD",0
"Africa","Ghana",2015,27.4,"Utilized","DCD",0
"South-East Asia","India",2015,1311.1,"Actual","DBD",664
"South-East Asia","India",2015,1311.1,"Actual","DCD",2
"South-East Asia","India",2015,1311.1,"Utilized","DBD",602
"South-East Asia","India",2015,1311.1,"Utilized","DCD",2
"Europe","Kazakhstan",2015,17.6,"Actual","DBD",22
"Europe","Kazakhstan",2015,17.6,"Actual","DCD",0
"Europe","Kazakhstan",2015,17.6,"Utilized","DBD",22
"Europe","Kazakhstan",2015,17.6,"Utilized","DCD",0
"Eastern Mediterranean","State of Libya",2015,6.3,"Actual","DBD",0
"Eastern Mediterranean","State of Libya",2015,6.3,"Actual","DCD",0
"Eastern Mediterranean","State of Libya",2015,6.3,"Utilized","DBD",0
"Eastern Mediterranean","State of Libya",2015,6.3,"Utilized","DCD",0
"Africa","Mali",2015,17.6,"Actual","DBD",0
"Africa","Mali",2015,17.6,"Actual","DCD",0
"Africa","Mali",2015,17.6,"Utilized","DBD",0
"Africa","Mali",2015,17.6,"Utilized","DCD",0
"Africa","Mauritius",2015,1.3,"Actual","DBD",0
"Africa","Mauritius",2015,1.3,"Actual","DCD",0
"South-East Asia","Nepal",2015,28.5,"Actual","DBD",0
"South-East Asia","Nepal",2015,28.5,"Actual","DCD",0
"South-East Asia","Nepal",2015,28.5,"Utilized","DBD",0
"South-East Asia","Nepal",2015,28.5,"Utilized","DCD",0
"America","Nicaragua",2015,6.1,"Actual","DBD",0
"America","Nicaragua",2015,6.1,"Actual","DCD",0
"America","Nicaragua",2015,6.1,"Utilized","DBD",0
"America","Nicaragua",2015,6.1,"Utilized","DCD",0
"Africa","Senegal",2015,15.1,"Actual","DBD",0
"Africa","Senegal",2015,15.1,"Actual","DCD",0
"Africa","Senegal",2015,15.1,"Utilized","DBD",0
"Africa","Senegal",2015,15.1,"Utilized","DCD",0
"Europe","Serbia",2015,8.9,"Actual","DBD",41
"Europe","Serbia",2015,8.9,"Actual","DCD",0
"Europe","Serbia",2015,8.9,"Utilized","DBD",41
"Europe","Serbia",2015,8.9,"Utilized","DCD",0
"Europe","Tajikistan",2015,8.5,"Actual","DBD",0
"Europe","Tajikistan",2015,8.5,"Actual","DCD",0
"Europe","Tajikistan",2015,8.5,"Utilized","DBD",0
"Europe","Tajikistan",2015,8.5,"Utilized","DCD",0
"Eastern Mediterranean","Tunisia",2015,11.3,"Actual","DBD",9
"Eastern Mediterranean","Tunisia",2015,11.3,"Actual","DCD",0
"Eastern Mediterranean","Tunisia",2015,11.3,"Utilized","DBD",9
"Eastern Mediterranean","Tunisia",2015,11.3,"Utilized","DCD",0
"Western Pacific","Viet Nam",2015,93.4,"Actual","DBD",17
"Western Pacific","Viet Nam",2015,93.4,"Actual","DCD",0
"Western Pacific","Viet Nam",2015,93.4,"Utilized","DBD",17
"Western Pacific","Viet Nam",2015,93.4,"Utilized","DCD",0
"Europe","Kyrgyzstan",2015,5.9,"Actual","DBD",0
"Europe","Kyrgyzstan",2015,5.9,"Actual","DCD",0
"Europe","Kyrgyzstan",2015,5.9,"Utilized","DBD",0
"Europe","Kyrgyzstan",2015,5.9,"Utilized","DCD",0
"Europe","Germany",2015,80.7,"Actual","DBD",877
"Europe","Germany",2015,80.7,"Actual","DCD",0
"Europe","Germany",2015,80.7,"Utilized","DBD",863
"Europe","Germany",2015,80.7,"Utilized","DCD",0
"Africa","Nigeria",2015,182.2,"Actual","DBD",0
"Africa","Nigeria",2015,182.2,"Actual","DCD",0
"Africa","Nigeria",2015,182.2,"Utilized","DBD",0
"Africa","Nigeria",2015,182.2,"Utilized","DCD",0
"Europe","Austria",2015,8.5,"Actual","DBD",199
"Europe","Austria",2015,8.5,"Actual","DCD",6
"Europe","Austria",2015,8.5,"Utilized","DBD",190
"Europe","Austria",2015,8.5,"Utilized","DCD",6
"Europe","Armenia",2016,3,"Actual","DBD",0
"Europe","Armenia",2016,3,"Actual","DCD",0
"Europe","Armenia",2016,3,"Utilized","DBD",0
"Europe","Armenia",2016,3,"Utilized","DCD",0
"Western Pacific","Australia",2016,24.3,"Actual","DBD",375
"Western Pacific","Australia",2016,24.3,"Actual","DCD",128
"Western Pacific","Australia",2016,24.3,"Utilized","DBD",363
"Western Pacific","Australia",2016,24.3,"Utilized","DCD",117
"Europe","Bosnia and Herzegovina",2016,3.8,"Actual","DBD",5
"Europe","Bosnia and Herzegovina",2016,3.8,"Actual","DCD",0
"Europe","Bosnia and Herzegovina",2016,3.8,"Utilized","DBD",5
"Europe","Bosnia and Herzegovina",2016,3.8,"Utilized","DCD",0
"America","Canada",2016,36.3,"Actual","DBD",584
"America","Canada",2016,36.3,"Actual","DCD",174
"America","Canada",2016,36.3,"Utilized","DBD",584
"America","Canada",2016,36.3,"Utilized","DCD",174
"Europe","Georgia",2016,4,"Actual","DBD",0
"Europe","Georgia",2016,4,"Actual","DCD",0
"Europe","Georgia",2016,4,"Utilized","DBD",0
"Europe","Georgia",2016,4,"Utilized","DCD",0
"Europe","Iceland",2016,0.3,"Actual","DBD",9
"Europe","Iceland",2016,0.3,"Actual","DCD",0
"Europe","Iceland",2016,0.3,"Utilized","DBD",8
"Europe","Iceland",2016,0.3,"Utilized","DCD",0
"Europe","Israel",2016,8.2,"Actual","DBD",83
"Europe","Israel",2016,8.2,"Actual","DCD",2
"Europe","Israel",2016,8.2,"Utilized","DBD",78
"Europe","Israel",2016,8.2,"Utilized","DCD",2
"Europe","Republic of Moldova",2016,4.1,"Actual","DBD",13
"Europe","Republic of Moldova",2016,4.1,"Actual","DCD",0
"Europe","Republic of Moldova",2016,4.1,"Utilized","DBD",13
"Europe","Republic of Moldova",2016,4.1,"Utilized","DCD",0
"Europe","Montenegro",2016,0.6,"Actual","DBD",0
"Europe","Montenegro",2016,0.6,"Actual","DCD",0
"Europe","Montenegro",2016,0.6,"Utilized","DBD",0
"Europe","Montenegro",2016,0.6,"Utilized","DCD",0
"Western Pacific","New Zealand",2016,4.6,"Actual","DBD",55
"Western Pacific","New Zealand",2016,4.6,"Actual","DCD",6
"Western Pacific","New Zealand",2016,4.6,"Utilized","DBD",54
"Western Pacific","New Zealand",2016,4.6,"Utilized","DCD",5
"Europe","Norway",2016,5.3,"Actual","DBD",109
"Europe","Norway",2016,5.3,"Actual","DCD",2
"Europe","Norway",2016,5.3,"Utilized","DBD",105
"Europe","Norway",2016,5.3,"Utilized","DCD",2
"Europe","Russian Federation",2016,143.4,"Actual","DBD",432
"Europe","Russian Federation",2016,143.4,"Actual","DCD",55
"Europe","Russian Federation",2016,143.4,"Utilized","DBD",432
"Europe","Russian Federation",2016,143.4,"Utilized","DCD",55
"Europe","Switzerland",2016,8.4,"Actual","DBD",96
"Europe","Switzerland",2016,8.4,"Actual","DCD",15
"Europe","Switzerland",2016,8.4,"Utilized","DBD",92
"Europe","Switzerland",2016,8.4,"Utilized","DCD",14
"Europe","Türkiye",2016,79.6,"Actual","DBD",562
"Europe","Türkiye",2016,79.6,"Actual","DCD",0
"Europe","Türkiye",2016,79.6,"Utilized","DBD",492
"America","United States of America",2016,324.1,"Actual","DBD",8286
"America","United States of America",2016,324.1,"Actual","DCD",1684
"America","United States of America",2016,324.1,"Utilized","DBD",7929
"America","United States of America",2016,324.1,"Utilized","DCD",1452
"America","Argentina",2016,43.8,"Actual","DBD",515
"America","Argentina",2016,43.8,"Actual","DCD",0
"America","Argentina",2016,43.8,"Utilized","DBD",481
"America","Argentina",2016,43.8,"Utilized","DCD",0
"America","Brazil",2016,209.6,"Actual","DBD",2983
"America","Brazil",2016,209.6,"Actual","DCD",0
"America","Brazil",2016,209.6,"Utilized","DBD",2823
"America","Brazil",2016,209.6,"Utilized","DCD",0
"America","Chile",2016,18.1,"Actual","DBD",134
"America","Chile",2016,18.1,"Actual","DCD",0
"America","Chile",2016,18.1,"Utilized","DBD",128
"America","Chile",2016,18.1,"Utilized","DCD",0
"America","Colombia",2016,48.7,"Actual","DBD",343
"America","Colombia",2016,48.7,"Actual","DCD",0
"America","Colombia",2016,48.7,"Utilized","DBD",336
"America","Colombia",2016,48.7,"Utilized","DCD",0
"America","Costa Rica",2016,4.9,"Actual","DBD",23
"America","Costa Rica",2016,4.9,"Actual","DCD",0
"America","Costa Rica",2016,4.9,"Utilized","DBD",23
"America","Costa Rica",2016,4.9,"Utilized","DCD",0
"America","Cuba",2016,11.4,"Actual","DBD",149
"America","Cuba",2016,11.4,"Actual","DCD",0
"America","Cuba",2016,11.4,"Utilized","DBD",103
"America","Cuba",2016,11.4,"Utilized","DCD",0
"America","Dominican Republic",2016,10.6,"Actual","DBD",15
"America","Dominican Republic",2016,10.6,"Actual","DCD",0
"America","Dominican Republic",2016,10.6,"Utilized","DBD",15
"America","Dominican Republic",2016,10.6,"Utilized","DCD",0
"America","Ecuador",2016,16.4,"Actual","DBD",83
"America","Ecuador",2016,16.4,"Actual","DCD",0
"America","Ecuador",2016,16.4,"Utilized","DBD",82
"America","Ecuador",2016,16.4,"Utilized","DCD",0
"America","Guatemala",2016,16.7,"Actual","DBD",8
"America","Guatemala",2016,16.7,"Actual","DCD",0
"America","Mexico",2016,128.6,"Actual","DBD",470
"America","Mexico",2016,128.6,"Actual","DCD",0
"America","Mexico",2016,128.6,"Utilized","DBD",452
"America","Mexico",2016,128.6,"Utilized","DCD",0
"America","Panama",2016,4,"Actual","DBD",29
"America","Panama",2016,4,"Actual","DCD",0
"America","Panama",2016,4,"Utilized","DBD",28
"America","Panama",2016,4,"Utilized","DCD",0
"America","Paraguay",2016,6.7,"Actual","DBD",11
"America","Paraguay",2016,6.7,"Actual","DCD",0
"America","Paraguay",2016,6.7,"Utilized","DBD",11
"America","Paraguay",2016,6.7,"Utilized","DCD",0
"America","Uruguay",2016,3.4,"Actual","DBD",57
"America","Uruguay",2016,3.4,"Actual","DCD",0
"America","Uruguay",2016,3.4,"Utilized","DBD",56
"America","Uruguay",2016,3.4,"Utilized","DCD",0
"Western Pacific","Malaysia",2016,30.8,"Actual","DBD",6
"Western Pacific","Malaysia",2016,30.8,"Actual","DCD",0
"Western Pacific","Malaysia",2016,30.8,"Utilized","DBD",5
"Western Pacific","Malaysia",2016,30.8,"Utilized","DCD",0
"Eastern Mediterranean","Syrian Arab Republic",2016,18.6,"Actual","DBD",0
"Eastern Mediterranean","Syrian Arab Republic",2016,18.6,"Actual","DCD",0
"Eastern Mediterranean","Syrian Arab Republic",2016,18.6,"Utilized","DBD",0
"Eastern Mediterranean","Syrian Arab Republic",2016,18.6,"Utilized","DCD",0
"Eastern Mediterranean","Kuwait",2016,4,"Actual","DBD",18
"Eastern Mediterranean","Kuwait",2016,4,"Actual","DCD",0
"Eastern Mediterranean","Kuwait",2016,4,"Utilized","DBD",16
"Eastern Mediterranean","Kuwait",2016,4,"Utilized","DCD",0
"Eastern Mediterranean","Sudan",2016,41.2,"Actual","DBD",0
"Eastern Mediterranean","Sudan",2016,41.2,"Actual","DCD",0
"Eastern Mediterranean","Sudan",2016,41.2,"Utilized","DBD",0
"Eastern Mediterranean","Sudan",2016,41.2,"Utilized","DCD",0
"Europe","Austria",2016,8.6,"Actual","DBD",211
"Europe","Austria",2016,8.6,"Actual","DCD",6
"Europe","Austria",2016,8.6,"Utilized","DBD",202
"Europe","Austria",2016,8.6,"Utilized","DCD",5
"Europe","Belgium",2016,11.4,"Actual","DBD",243
"Europe","Belgium",2016,11.4,"Actual","DCD",108
"Europe","Belgium",2016,11.4,"Utilized","DBD",226
"Europe","Belgium",2016,11.4,"Utilized","DCD",95
"Europe","Bulgaria",2016,7.1,"Actual","DBD",39
"Europe","Bulgaria",2016,7.1,"Actual","DCD",0
"Europe","Bulgaria",2016,7.1,"Utilized","DBD",17
"Europe","Bulgaria",2016,7.1,"Utilized","DCD",0
"Europe","Croatia",2016,4.2,"Actual","DBD",166
"Europe","Croatia",2016,4.2,"Actual","DCD",0
"Europe","Croatia",2016,4.2,"Utilized","DBD",150
"Europe","Croatia",2016,4.2,"Utilized","DCD",0
"Europe","Cyprus",2016,1.2,"Actual","DBD",4
"Europe","Cyprus",2016,1.2,"Utilized","DBD",3
"Europe","Czech Republic",2016,10.5,"Actual","DBD",262
"Europe","Czech Republic",2016,10.5,"Actual","DCD",4
"Europe","Czech Republic",2016,10.5,"Utilized","DBD",240
"Europe","Czech Republic",2016,10.5,"Utilized","DCD",4
"Europe","Denmark",2016,5.7,"Actual","DBD",100
"Europe","Denmark",2016,5.7,"Actual","DCD",0
"Europe","Denmark",2016,5.7,"Utilized","DBD",89
"Europe","Denmark",2016,5.7,"Utilized","DCD",0
"Europe","Estonia",2016,1.3,"Actual","DBD",22
"Europe","Estonia",2016,1.3,"Actual","DCD",0
"Europe","Estonia",2016,1.3,"Utilized","DBD",22
"Europe","Estonia",2016,1.3,"Utilized","DCD",0
"Europe","Finland",2016,5.5,"Actual","DBD",136
"Europe","Finland",2016,5.5,"Actual","DCD",0
"Europe","Finland",2016,5.5,"Utilized","DBD",132
"Europe","Finland",2016,5.5,"Utilized","DCD",0
"Europe","France",2016,64.7,"Actual","DBD",1770
"Europe","France",2016,64.7,"Actual","DCD",89
"Europe","France",2016,64.7,"Utilized","DBD",1725
"Europe","France",2016,64.7,"Utilized","DCD",79
"Europe","Germany",2016,80.7,"Actual","DBD",857
"Europe","Germany",2016,80.7,"Actual","DCD",0
"Europe","Germany",2016,80.7,"Utilized","DBD",833
"Europe","Germany",2016,80.7,"Utilized","DCD",0
"Europe","Greece",2016,10.9,"Actual","DBD",51
"Europe","Greece",2016,10.9,"Actual","DCD",0
"Europe","Greece",2016,10.9,"Utilized","DBD",45
"Europe","Greece",2016,10.9,"Utilized","DCD",0
"Europe","Hungary",2016,9.8,"Actual","DBD",182
"Europe","Hungary",2016,9.8,"Actual","DCD",0
"Europe","Hungary",2016,9.8,"Utilized","DBD",177
"Europe","Hungary",2016,9.8,"Utilized","DCD",0
"Europe","Ireland",2016,4.7,"Actual","DBD",74
"Europe","Ireland",2016,4.7,"Actual","DCD",3
"Europe","Ireland",2016,4.7,"Utilized","DBD",69
"Europe","Ireland",2016,4.7,"Utilized","DCD",3
"Europe","Italy",2016,59.8,"Actual","DBD",1458
"Europe","Italy",2016,59.8,"Actual","DCD",20
"Europe","Italy",2016,59.8,"Utilized","DBD",1284
"Europe","Italy",2016,59.8,"Utilized","DCD",14
"Europe","Latvia",2016,2,"Actual","DBD",19
"Europe","Latvia",2016,2,"Actual","DCD",11
"Europe","Latvia",2016,2,"Utilized","DBD",19
"Europe","Latvia",2016,2,"Utilized","DCD",7
"Europe","Lithuania",2016,2.9,"Actual","DBD",61
"Europe","Lithuania",2016,2.9,"Actual","DCD",2
"Europe","Lithuania",2016,2.9,"Utilized","DBD",59
"Europe","Lithuania",2016,2.9,"Utilized","DCD",2
"Eastern Mediterranean","Saudi Arabia",2016,32.2,"Actual","DBD",91
"Eastern Mediterranean","Saudi Arabia",2016,32.2,"Actual","DCD",1
"Eastern Mediterranean","Saudi Arabia",2016,32.2,"Utilized","DBD",82
"Eastern Mediterranean","Saudi Arabia",2016,32.2,"Utilized","DCD",1
"Europe","Malta",2016,0.4,"Actual","DBD",10
"Europe","Malta",2016,0.4,"Actual","DCD",0
"Europe","Malta",2016,0.4,"Utilized","DBD",8
"Europe","Malta",2016,0.4,"Utilized","DCD",0
"Europe","Netherlands",2016,17,"Actual","DBD",118
"Europe","Netherlands",2016,17,"Actual","DCD",132
"Europe","Netherlands",2016,17,"Utilized","DBD",117
"Europe","Netherlands",2016,17,"Utilized","DCD",118
"Europe","Poland",2016,38.6,"Actual","DBD",535
"Europe","Poland",2016,38.6,"Actual","DCD",7
"Europe","Poland",2016,38.6,"Utilized","DBD",518
"Europe","Poland",2016,38.6,"Utilized","DCD",7
"Europe","Portugal",2016,10.3,"Actual","DBD",327
"Europe","Portugal",2016,10.3,"Actual","DCD",10
"Europe","Portugal",2016,10.3,"Utilized","DBD",306
"Europe","Portugal",2016,10.3,"Utilized","DCD",7
"Europe","Romania",2016,19.4,"Actual","DBD",124
"Europe","Romania",2016,19.4,"Actual","DCD",0
"Europe","Romania",2016,19.4,"Utilized","DBD",122
"Europe","Romania",2016,19.4,"Utilized","DCD",0
"Europe","Slovakia",2016,5.4,"Actual","DBD",72
"Europe","Slovakia",2016,5.4,"Actual","DCD",0
"Europe","Slovakia",2016,5.4,"Utilized","DBD",67
"Europe","Slovakia",2016,5.4,"Utilized","DCD",0
"Europe","Slovenia",2016,2.1,"Actual","DBD",42
"Europe","Slovenia",2016,2.1,"Actual","DCD",0
"Europe","Slovenia",2016,2.1,"Utilized","DBD",41
"Europe","Slovenia",2016,2.1,"Utilized","DCD",0
"Europe","Spain",2016,46.1,"Actual","DBD",1524
"Europe","Spain",2016,46.1,"Actual","DCD",495
"Europe","Spain",2016,46.1,"Utilized","DBD",1334
"Europe","Spain",2016,46.1,"Utilized","DCD",409
"Europe","Sweden",2016,9.9,"Actual","DBD",195
"Europe","Sweden",2016,9.9,"Actual","DCD",0
"Europe","Sweden",2016,9.9,"Utilized","DBD",185
"Europe","Sweden",2016,9.9,"Utilized","DCD",0
"Europe","United Kingdom",2016,65.1,"Actual","DBD",798
"Europe","United Kingdom",2016,65.1,"Actual","DCD",603
"Europe","United Kingdom",2016,65.1,"Utilized","DBD",778
"Europe","United Kingdom",2016,65.1,"Utilized","DCD",551
"Europe","Republic of North Macedonia",2016,2.1,"Actual","DBD",0
"Europe","Republic of North Macedonia",2016,2.1,"Actual","DCD",0
"Europe","Republic of North Macedonia",2016,2.1,"Utilized","DBD",0
"Europe","Republic of North Macedonia",2016,2.1,"Utilized","DCD",0
"America","Honduras",2016,8.2,"Actual","DBD",0
"America","Honduras",2016,8.2,"Actual","DCD",0
"America","Honduras",2016,8.2,"Utilized","DBD",0
"America","Honduras",2016,8.2,"Utilized","DCD",0
"Europe","Luxembourg",2016,0.6,"Actual","DBD",3
"Europe","Luxembourg",2016,0.6,"Actual","DCD",0
"Europe","Luxembourg",2016,0.6,"Utilized","DBD",3
"Europe","Luxembourg",2016,0.6,"Utilized","DCD",0
"Western Pacific","Australia",2014,23.6,"Actual","DBD",271
"Western Pacific","Australia",2014,23.6,"Actual","DCD",107
"Western Pacific","Australia",2014,23.6,"Utilized","DBD",266
"Western Pacific","Australia",2014,23.6,"Utilized","DCD",95
"Europe","Belarus",2016,9.5,"Actual","DBD",222
"Europe","Belarus",2016,9.5,"Actual","DCD",0
"Europe","Belarus",2016,9.5,"Utilized","DBD",208
"Europe","Belarus",2016,9.5,"Utilized","DCD",0
"Western Pacific","China",2016,1382.3,"Actual","DBD",782
"Western Pacific","China",2016,1382.3,"Actual","DCD",3298
"Western Pacific","China",2016,1382.3,"Utilized","DBD",759
"Western Pacific","China",2016,1382.3,"Utilized","DCD",3243
"Africa","Ethiopia",2016,101.9,"Actual","DBD",0
"Africa","Ethiopia",2016,101.9,"Actual","DCD",0
"Africa","Ethiopia",2016,101.9,"Utilized","DBD",0
"Africa","Ethiopia",2016,101.9,"Utilized","DCD",0
"Western Pacific","Fiji",2016,0.9,"Actual","DBD",0
"Western Pacific","Fiji",2016,0.9,"Actual","DCD",0
"Western Pacific","Fiji",2016,0.9,"Utilized","DBD",0
"Western Pacific","Fiji",2016,0.9,"Utilized","DCD",0
"Africa","Ghana",2016,28,"Actual","DBD",0
"Africa","Ghana",2016,28,"Actual","DCD",0
"Africa","Ghana",2016,28,"Utilized","DBD",0
"Africa","Ghana",2016,28,"Utilized","DCD",0
"South-East Asia","India",2016,1326.8,"Actual","DBD",926
"South-East Asia","India",2016,1326.8,"Actual","DCD",4
"South-East Asia","India",2016,1326.8,"Utilized","DBD",755
"South-East Asia","India",2016,1326.8,"Utilized","DCD",4
"Eastern Mediterranean","Iran (Islamic Republic of)",2016,80,"Actual","DBD",870
"Eastern Mediterranean","Iran (Islamic Republic of)",2016,80,"Actual","DCD",0
"Eastern Mediterranean","Iran (Islamic Republic of)",2016,80,"Utilized","DBD",870
"Eastern Mediterranean","Iran (Islamic Republic of)",2016,80,"Utilized","DCD",0
"Western Pacific","Japan",2016,126.3,"Actual","DBD",64
"Western Pacific","Japan",2016,126.3,"Actual","DCD",32
"Western Pacific","Japan",2016,126.3,"Utilized","DBD",64
"Western Pacific","Japan",2016,126.3,"Utilized","DCD",31
"Eastern Mediterranean","Jordan",2016,7.7,"Actual","DBD",0
"Eastern Mediterranean","Jordan",2016,7.7,"Actual","DCD",0
"Eastern Mediterranean","Jordan",2016,7.7,"Utilized","DBD",0
"Eastern Mediterranean","Jordan",2016,7.7,"Utilized","DCD",0
"Europe","Kazakhstan",2016,17.9,"Actual","DBD",16
"Europe","Kazakhstan",2016,17.9,"Actual","DCD",0
"Europe","Kazakhstan",2016,17.9,"Utilized","DBD",16
"Europe","Kazakhstan",2016,17.9,"Utilized","DCD",0
"Africa","Nigeria",2016,187,"Actual","DBD",0
"Africa","Nigeria",2016,187,"Actual","DCD",0
"Africa","Nigeria",2016,187,"Utilized","DBD",0
"Africa","Nigeria",2016,187,"Utilized","DCD",0
"Eastern Mediterranean","Pakistan",2016,192.8,"Actual","DBD",0
"Eastern Mediterranean","Pakistan",2016,192.8,"Actual","DCD",0
"Eastern Mediterranean","Pakistan",2016,192.8,"Utilized","DBD",0
"Eastern Mediterranean","Pakistan",2016,192.8,"Utilized","DCD",0
"America","Peru",2016,31.8,"Actual","DBD",70
"America","Peru",2016,31.8,"Actual","DCD",0
"America","Peru",2016,31.8,"Utilized","DBD",70
"America","Peru",2016,31.8,"Utilized","DCD",0
"Eastern Mediterranean","Qatar",2016,2.3,"Actual","DBD",6
"Eastern Mediterranean","Qatar",2016,2.3,"Actual","DCD",0
"Eastern Mediterranean","Qatar",2016,2.3,"Utilized","DBD",6
"Eastern Mediterranean","Qatar",2016,2.3,"Utilized","DCD",0
"Western Pacific","Singapore",2016,5.7,"Actual","DBD",24
"Western Pacific","Singapore",2016,5.7,"Actual","DCD",3
"Western Pacific","Singapore",2016,5.7,"Utilized","DBD",24
"Western Pacific","Singapore",2016,5.7,"Utilized","DCD",3
"Africa","South Africa",2016,55,"Actual","DBD",71
"Africa","South Africa",2016,55,"Actual","DCD",1
"Africa","South Africa",2016,55,"Utilized","DBD",71
"Africa","South Africa",2016,55,"Utilized","DCD",1
"South-East Asia","Thailand",2016,68.1,"Actual","DBD",220
"South-East Asia","Thailand",2016,68.1,"Actual","DCD",0
"South-East Asia","Thailand",2016,68.1,"Utilized","DBD",217
"South-East Asia","Thailand",2016,68.1,"Utilized","DCD",0
"Western Pacific","Philippines",2016,102.3,"Actual","DBD",21
"Western Pacific","Philippines",2016,102.3,"Actual","DCD",0
"Western Pacific","Philippines",2016,102.3,"Utilized","DBD",21
"Western Pacific","Philippines",2016,102.3,"Utilized","DCD",0
"America","Bolivia (Plurinational State of)",2017,11.1,"Actual","DBD",10
"America","Bolivia (Plurinational State of)",2017,11.1,"Utilized","DBD",10
"America","Brazil",2017,209.3,"Actual","DBD",3420
"America","Brazil",2017,209.3,"Actual","DCD",0
"America","Brazil",2017,209.3,"Utilized","DBD",3011
"America","Brazil",2017,209.3,"Utilized","DCD",0
"America","Chile",2017,18.1,"Actual","DBD",173
"America","Chile",2017,18.1,"Actual","DCD",0
"America","Chile",2017,18.1,"Utilized","DBD",164
"America","Chile",2017,18.1,"Utilized","DCD",0
"Western Pacific","Malaysia",2017,31.6,"Actual","DBD",13
"Western Pacific","Malaysia",2017,31.6,"Actual","DCD",0
"Western Pacific","Malaysia",2017,31.6,"Utilized","DBD",13
"Western Pacific","Malaysia",2017,31.6,"Utilized","DCD",0
"America","Colombia",2017,49.1,"Actual","DBD",437
"America","Colombia",2017,49.1,"Actual","DCD",0
"America","Colombia",2017,49.1,"Utilized","DBD",434
"America","Colombia",2017,49.1,"Utilized","DCD",0
"America","Costa Rica",2017,4.9,"Actual","DBD",22
"America","Costa Rica",2017,4.9,"Actual","DCD",0
"America","Costa Rica",2017,4.9,"Utilized","DBD",22
"America","Costa Rica",2017,4.9,"Utilized","DCD",0
"America","Cuba",2017,11.5,"Actual","DBD",142
"America","Cuba",2017,11.5,"Actual","DCD",0
"America","Cuba",2017,11.5,"Utilized","DBD",116
"America","Cuba",2017,11.5,"Utilized","DCD",0
"America","Dominican Republic",2017,10.8,"Actual","DBD",14
"America","Dominican Republic",2017,10.8,"Actual","DCD",0
"America","Dominican Republic",2017,10.8,"Utilized","DBD",14
"America","Dominican Republic",2017,10.8,"Utilized","DCD",0
"America","Ecuador",2017,16.6,"Actual","DBD",83
"America","Ecuador",2017,16.6,"Actual","DCD",0
"America","Ecuador",2017,16.6,"Utilized","DBD",77
"America","Ecuador",2017,16.6,"Utilized","DCD",0
"America","Guatemala",2017,16.9,"Actual","DBD",2
"America","Guatemala",2017,16.9,"Actual","DCD",0
"America","Guatemala",2017,16.9,"Utilized","DBD",2
"America","Guatemala",2017,16.9,"Utilized","DCD",0
"America","Mexico",2017,129.2,"Actual","DBD",509
"America","Mexico",2017,129.2,"Actual","DCD",0
"America","Mexico",2017,129.2,"Utilized","DBD",505
"America","Mexico",2017,129.2,"Utilized","DCD",0
"America","Nicaragua",2017,6.2,"Actual","DBD",1
"America","Nicaragua",2017,6.2,"Actual","DCD",0
"America","Nicaragua",2017,6.2,"Utilized","DBD",1
"America","Nicaragua",2017,6.2,"Utilized","DCD",1
"America","Panama",2017,4.1,"Actual","DBD",17
"America","Panama",2017,4.1,"Actual","DCD",0
"America","Panama",2017,4.1,"Utilized","DBD",16
"America","Panama",2017,4.1,"Utilized","DCD",0
"America","Paraguay",2017,6.8,"Actual","DBD",11
"America","Paraguay",2017,6.8,"Actual","DCD",0
"America","Paraguay",2017,6.8,"Utilized","DBD",11
"America","Paraguay",2017,6.8,"Utilized","DCD",0
"Eastern Mediterranean","Sudan",2017,40.5,"Actual","DBD",0
"Eastern Mediterranean","Sudan",2017,40.5,"Actual","DCD",0
"Eastern Mediterranean","Sudan",2017,40.5,"Utilized","DBD",0
"Eastern Mediterranean","Sudan",2017,40.5,"Utilized","DCD",0
"Eastern Mediterranean","Syrian Arab Republic",2017,18.3,"Actual","DBD",0
"Eastern Mediterranean","Syrian Arab Republic",2017,18.3,"Actual","DCD",0
"Eastern Mediterranean","Syrian Arab Republic",2017,18.3,"Utilized","DBD",0
"Eastern Mediterranean","Syrian Arab Republic",2017,18.3,"Utilized","DCD",0
"Eastern Mediterranean","Kuwait",2017,4.1,"Actual","DBD",20
"Eastern Mediterranean","Kuwait",2017,4.1,"Actual","DCD",0
"Eastern Mediterranean","Kuwait",2017,4.1,"Utilized","DBD",20
"Eastern Mediterranean","Kuwait",2017,4.1,"Utilized","DCD",0
"America","Peru",2017,32.2,"Actual","DBD",52
"America","Peru",2017,32.2,"Actual","DCD",0
"America","Peru",2017,32.2,"Utilized","DBD",50
"America","Peru",2017,32.2,"Utilized","DCD",0
"America","Uruguay",2017,3.5,"Actual","DBD",66
"America","Uruguay",2017,3.5,"Actual","DCD",0
"America","Uruguay",2017,3.5,"Utilized","DBD",66
"America","Uruguay",2017,3.5,"Utilized","DCD",0
"Europe","Armenia",2017,2.9,"Actual","DBD",0
"Europe","Armenia",2017,2.9,"Actual","DCD",0
"Europe","Armenia",2017,2.9,"Utilized","DBD",0
"Europe","Armenia",2017,2.9,"Utilized","DCD",0
"Western Pacific","Australia",2017,24.5,"Actual","DBD",359
"Western Pacific","Australia",2017,24.5,"Actual","DCD",151
"Western Pacific","Australia",2017,24.5,"Utilized","DBD",343
"Western Pacific","Australia",2017,24.5,"Utilized","DCD",139
"Europe","Belarus",2017,9.5,"Actual","DBD",224
"Europe","Belarus",2017,9.5,"Actual","DCD",0
"Europe","Belarus",2017,9.5,"Utilized","DBD",210
"Europe","Belarus",2017,9.5,"Utilized","DCD",0
"Europe","Bosnia and Herzegovina",2017,3.5,"Actual","DBD",3
"Europe","Bosnia and Herzegovina",2017,3.5,"Actual","DCD",0
"Europe","Bosnia and Herzegovina",2017,3.5,"Utilized","DBD",2
"Europe","Bosnia and Herzegovina",2017,3.5,"Utilized","DCD",0
"America","Canada",2017,36.6,"Actual","DBD",601
"America","Canada",2017,36.6,"Actual","DCD",201
"America","Canada",2017,36.6,"Utilized","DBD",601
"America","Canada",2017,36.6,"Utilized","DCD",201
"Europe","Georgia",2017,3.9,"Actual","DBD",0
"Europe","Georgia",2017,3.9,"Actual","DCD",0
"Europe","Georgia",2017,3.9,"Utilized","DBD",0
"Europe","Georgia",2017,3.9,"Utilized","DCD",0
"Europe","Iceland",2017,0.3,"Actual","DBD",6
"Europe","Iceland",2017,0.3,"Actual","DCD",0
"Europe","Iceland",2017,0.3,"Utilized","DBD",6
"Europe","Iceland",2017,0.3,"Utilized","DCD",0
"Europe","Israel",2017,8.3,"Actual","DBD",88
"Europe","Israel",2017,8.3,"Actual","DCD",4
"Europe","Israel",2017,8.3,"Utilized","DBD",86
"Europe","Israel",2017,8.3,"Utilized","DCD",2
"Europe","Republic of North Macedonia",2017,2.1,"Actual","DBD",0
"Europe","Republic of North Macedonia",2017,2.1,"Actual","DCD",0
"Europe","Republic of North Macedonia",2017,2.1,"Utilized","DBD",0
"Europe","Republic of North Macedonia",2017,2.1,"Utilized","DCD",0
"Europe","Republic of Moldova",2017,4.1,"Actual","DBD",16
"Europe","Republic of Moldova",2017,4.1,"Actual","DCD",0
"Europe","Republic of Moldova",2017,4.1,"Utilized","DBD",14
"Europe","Republic of Moldova",2017,4.1,"Utilized","DCD",0
"Europe","Norway",2017,5.3,"Actual","DBD",108
"Europe","Norway",2017,5.3,"Actual","DCD",8
"Europe","Norway",2017,5.3,"Utilized","DBD",105
"Europe","Norway",2017,5.3,"Utilized","DCD",7
"Western Pacific","New Zealand",2017,4.7,"Actual","DBD",61
"Western Pacific","New Zealand",2017,4.7,"Actual","DCD",12
"Western Pacific","New Zealand",2017,4.7,"Utilized","DBD",57
"Western Pacific","New Zealand",2017,4.7,"Utilized","DCD",11
"Europe","Russian Federation",2017,144,"Actual","DBD",520
"Europe","Russian Federation",2017,144,"Actual","DCD",52
"Europe","Russian Federation",2017,144,"Utilized","DBD",516
"Europe","Russian Federation",2017,144,"Utilized","DCD",48
"Europe","Switzerland",2017,8.5,"Actual","DBD",106
"Europe","Switzerland",2017,8.5,"Actual","DCD",39
"Europe","Switzerland",2017,8.5,"Utilized","DBD",104
"Europe","Switzerland",2017,8.5,"Utilized","DCD",37
"Europe","Türkiye",2017,80.7,"Actual","DBD",554
"Europe","Türkiye",2017,80.7,"Actual","DCD",0
"Europe","Türkiye",2017,80.7,"Utilized","DBD",438
"Europe","Türkiye",2017,80.7,"Utilized","DCD",0
"America","United States of America",2017,324.5,"Actual","DBD",8403
"America","United States of America",2017,324.5,"Actual","DCD",1883
"America","United States of America",2017,324.5,"Utilized","DBD",8075
"America","United States of America",2017,324.5,"Utilized","DCD",1631
"America","Argentina",2017,44.3,"Actual","DBD",593
"America","Argentina",2017,44.3,"Actual","DCD",0
"America","Argentina",2017,44.3,"Utilized","DBD",546
"America","Argentina",2017,44.3,"Utilized","DCD",0
"America","Honduras",2017,9.3,"Actual","DBD",0
"America","Honduras",2017,9.3,"Actual","DCD",0
"America","Honduras",2017,9.3,"Utilized","DBD",0
"America","Honduras",2017,9.3,"Utilized","DCD",0
"Eastern Mediterranean","Saudi Arabia",2017,32.9,"Actual","DBD",104
"Eastern Mediterranean","Saudi Arabia",2017,32.9,"Actual","DCD",0
"Eastern Mediterranean","Saudi Arabia",2017,32.9,"Utilized","DBD",103
"Eastern Mediterranean","Saudi Arabia",2017,32.9,"Utilized","DCD",0
"Europe","Austria",2017,8.7,"Actual","DBD",206
"Europe","Austria",2017,8.7,"Actual","DCD",7
"Europe","Austria",2017,8.7,"Utilized","DBD",199
"Europe","Austria",2017,8.7,"Utilized","DCD",7
"Europe","Belgium",2017,11.4,"Actual","DBD",245
"Europe","Belgium",2017,11.4,"Actual","DCD",103
"Europe","Belgium",2017,11.4,"Utilized","DBD",245
"Europe","Belgium",2017,11.4,"Utilized","DCD",103
"Europe","Bulgaria",2017,7.1,"Actual","DBD",43
"Europe","Bulgaria",2017,7.1,"Actual","DCD",0
"Europe","Bulgaria",2017,7.1,"Utilized","DBD",19
"Europe","Bulgaria",2017,7.1,"Utilized","DCD",0
"Europe","Croatia",2017,4.2,"Actual","DBD",140
"Europe","Croatia",2017,4.2,"Actual","DCD",0
"Europe","Croatia",2017,4.2,"Utilized","DBD",132
"Europe","Croatia",2017,4.2,"Utilized","DCD",0
"Europe","Denmark",2017,5.7,"Actual","DBD",103
"Europe","Denmark",2017,5.7,"Actual","DCD",0
"Europe","Denmark",2017,5.7,"Utilized","DBD",97
"Europe","Denmark",2017,5.7,"Utilized","DCD",0
"Europe","Estonia",2017,1.3,"Actual","DBD",18
"Europe","Estonia",2017,1.3,"Actual","DCD",0
"Europe","Estonia",2017,1.3,"Utilized","DBD",18
"Europe","Estonia",2017,1.3,"Utilized","DCD",0
"Europe","Finland",2017,5.5,"Actual","DBD",118
"Europe","Finland",2017,5.5,"Actual","DCD",0
"Europe","Finland",2017,5.5,"Utilized","DBD",116
"Europe","Finland",2017,5.5,"Utilized","DCD",0
"Europe","Czech Republic",2017,10.6,"Actual","DBD",256
"Europe","Czech Republic",2017,10.6,"Actual","DCD",13
"Europe","Czech Republic",2017,10.6,"Utilized","DBD",239
"Europe","Czech Republic",2017,10.6,"Utilized","DCD",10
"Europe","France",2017,65,"Actual","DBD",1796
"Europe","France",2017,65,"Actual","DCD",137
"Europe","France",2017,65,"Utilized","DBD",1752
"Europe","France",2017,65,"Utilized","DCD",130
"Europe","Germany",2017,82.1,"Actual","DBD",797
"Europe","Germany",2017,82.1,"Actual","DCD",0
"Europe","Germany",2017,82.1,"Utilized","DBD",769
"Europe","Germany",2017,82.1,"Utilized","DCD",0
"Europe","Greece",2017,11.2,"Actual","DBD",67
"Europe","Greece",2017,11.2,"Actual","DCD",0
"Europe","Greece",2017,11.2,"Utilized","DBD",57
"Europe","Greece",2017,11.2,"Utilized","DCD",0
"Europe","Hungary",2017,9.7,"Actual","DBD",159
"Europe","Hungary",2017,9.7,"Actual","DCD",0
"Europe","Hungary",2017,9.7,"Utilized","DBD",151
"Europe","Hungary",2017,9.7,"Utilized","DCD",0
"Europe","Ireland",2017,4.8,"Actual","DBD",91
"Europe","Ireland",2017,4.8,"Actual","DCD",8
"Europe","Ireland",2017,4.8,"Utilized","DBD",84
"Europe","Ireland",2017,4.8,"Utilized","DCD",8
"Europe","Italy",2017,59.4,"Actual","DBD",1661
"Europe","Italy",2017,59.4,"Actual","DCD",53
"Europe","Italy",2017,59.4,"Utilized","DBD",1407
"Europe","Italy",2017,59.4,"Utilized","DCD",30
"Europe","Latvia",2017,1.9,"Actual","DBD",22
"Europe","Latvia",2017,1.9,"Actual","DCD",2
"Europe","Latvia",2017,1.9,"Utilized","DBD",20
"Europe","Latvia",2017,1.9,"Utilized","DCD",0
"Europe","Lithuania",2017,2.9,"Actual","DBD",40
"Europe","Lithuania",2017,2.9,"Actual","DCD",0
"Europe","Lithuania",2017,2.9,"Utilized","DBD",40
"Europe","Lithuania",2017,2.9,"Utilized","DCD",0
"Europe","Luxembourg",2017,0.6,"Actual","DBD",9
"Europe","Luxembourg",2017,0.6,"Actual","DCD",0
"Europe","Luxembourg",2017,0.6,"Utilized","DBD",9
"Europe","Luxembourg",2017,0.6,"Utilized","DCD",0
"Europe","Malta",2017,0.4,"Actual","DBD",12
"Europe","Malta",2017,0.4,"Actual","DCD",0
"Europe","Malta",2017,0.4,"Utilized","DBD",12
"Europe","Malta",2017,0.4,"Utilized","DCD",0
"Europe","Netherlands",2017,17,"Actual","DBD",112
"Europe","Netherlands",2017,17,"Actual","DCD",146
"Europe","Netherlands",2017,17,"Utilized","DBD",108
"Europe","Netherlands",2017,17,"Utilized","DCD",136
"Europe","Poland",2017,38.2,"Actual","DBD",558
"Europe","Poland",2017,38.2,"Actual","DCD",2
"Europe","Poland",2017,38.2,"Utilized","DBD",540
"Europe","Poland",2017,38.2,"Utilized","DCD",2
"Europe","Portugal",2017,10.3,"Actual","DBD",330
"Europe","Portugal",2017,10.3,"Actual","DCD",21
"Europe","Portugal",2017,10.3,"Utilized","DBD",308
"Europe","Portugal",2017,10.3,"Utilized","DCD",14
"Europe","Romania",2017,19.7,"Actual","DBD",65
"Europe","Romania",2017,19.7,"Actual","DCD",0
"Europe","Romania",2017,19.7,"Utilized","DBD",64
"Europe","Romania",2017,19.7,"Utilized","DCD",0
"Europe","Slovakia",2017,5.4,"Actual","DBD",86
"Europe","Slovakia",2017,5.4,"Actual","DCD",0
"Europe","Slovakia",2017,5.4,"Utilized","DBD",80
"Europe","Slovakia",2017,5.4,"Utilized","DCD",0
"Europe","Slovenia",2017,2.1,"Actual","DBD",43
"Europe","Slovenia",2017,2.1,"Actual","DCD",0
"Europe","Slovenia",2017,2.1,"Utilized","DBD",39
"Europe","Slovenia",2017,2.1,"Utilized","DCD",0
"Europe","Sweden",2017,9.9,"Actual","DBD",191
"Europe","Sweden",2017,9.9,"Actual","DCD",1
"Europe","Sweden",2017,9.9,"Utilized","DBD",188
"Europe","Sweden",2017,9.9,"Utilized","DCD",0
"Europe","Spain",2017,46.4,"Actual","DBD",1610
"Europe","Spain",2017,46.4,"Actual","DCD",573
"Europe","Spain",2017,46.4,"Utilized","DBD",1421
"Europe","Spain",2017,46.4,"Utilized","DCD",485
"Europe","United Kingdom",2017,66.2,"Actual","DBD",898
"Europe","United Kingdom",2017,66.2,"Actual","DCD",594
"Europe","United Kingdom",2017,66.2,"Utilized","DBD",873
"Europe","United Kingdom",2017,66.2,"Utilized","DCD",540
"Europe","Cyprus",2017,1.2,"Actual","DBD",10
"Europe","Cyprus",2017,1.2,"Actual","DCD",0
"Europe","Cyprus",2017,1.2,"Utilized","DBD",9
"Europe","Cyprus",2017,1.2,"Utilized","DCD",0
"Western Pacific","China",2017,1417.5,"Actual","DBD",1212
"Western Pacific","China",2017,1417.5,"Actual","DCD",3934
"Western Pacific","China",2017,1417.5,"Utilized","DBD",1184
"Western Pacific","China",2017,1417.5,"Utilized","DCD",3844
"Western Pacific","Japan",2017,127.5,"Actual","DBD",76
"Western Pacific","Japan",2017,127.5,"Actual","DCD",35
"Western Pacific","Japan",2017,127.5,"Utilized","DBD",76
"Western Pacific","Japan",2017,127.5,"Utilized","DCD",33
"Eastern Mediterranean","Qatar",2017,2.6,"Actual","DBD",8
"Eastern Mediterranean","Qatar",2017,2.6,"Actual","DCD",0
"Eastern Mediterranean","Qatar",2017,2.6,"Utilized","DBD",8
"Eastern Mediterranean","Qatar",2017,2.6,"Utilized","DCD",0
"Europe","Kazakhstan",2017,18.2,"Actual","DBD",24
"Europe","Kazakhstan",2017,18.2,"Actual","DCD",0
"Europe","Kazakhstan",2017,18.2,"Utilized","DBD",24
"Europe","Kazakhstan",2017,18.2,"Utilized","DCD",0
"Africa","Ethiopia",2017,105,"Actual","DBD",0
"Africa","Ethiopia",2017,105,"Actual","DCD",0
"Africa","Ethiopia",2017,105,"Utilized","DBD",0
"Africa","Ethiopia",2017,105,"Utilized","DCD",0
"Eastern Mediterranean","Jordan",2017,9.7,"Actual","DBD",0
"Eastern Mediterranean","Jordan",2017,9.7,"Actual","DCD",0
"Eastern Mediterranean","Jordan",2017,9.7,"Utilized","DBD",0
"Eastern Mediterranean","Jordan",2017,9.7,"Utilized","DCD",0
"Africa","South Africa",2017,56.7,"Actual","DBD",91
"Africa","South Africa",2017,56.7,"Actual","DCD",0
"Africa","South Africa",2017,56.7,"Utilized","DBD",91
"Africa","South Africa",2017,56.7,"Utilized","DCD",0
"South-East Asia","Thailand",2017,69,"Actual","DBD",294
"South-East Asia","Thailand",2017,69,"Actual","DCD",0
"South-East Asia","Thailand",2017,69,"Utilized","DBD",286
"South-East Asia","Thailand",2017,69,"Utilized","DCD",0
"Eastern Mediterranean","Syrian Arab Republic",2018,18.3,"Actual","DBD",0
"Eastern Mediterranean","Syrian Arab Republic",2018,18.3,"Actual","DCD",0
"Eastern Mediterranean","Syrian Arab Republic",2018,18.3,"Utilized","DBD",0
"Eastern Mediterranean","Syrian Arab Republic",2018,18.3,"Utilized","DCD",0
"South-East Asia","India",2017,1339.2,"Actual","DBD",770
"South-East Asia","India",2017,1339.2,"Actual","DCD",3
"South-East Asia","India",2017,1339.2,"Utilized","DBD",722
"South-East Asia","India",2017,1339.2,"Utilized","DCD",3
"Eastern Mediterranean","Iran (Islamic Republic of)",2017,81.2,"Actual","DBD",926
"Eastern Mediterranean","Iran (Islamic Republic of)",2017,81.2,"Actual","DCD",0
"Eastern Mediterranean","Sudan",2018,41.5,"Actual","DBD",0
"Eastern Mediterranean","Sudan",2018,41.5,"Actual","DCD",0
"Eastern Mediterranean","Sudan",2018,41.5,"Utilized","DBD",0
"Eastern Mediterranean","Sudan",2018,41.5,"Utilized","DCD",0
"Western Pacific","Malaysia",2018,32,"Actual","DBD",7
"Western Pacific","Malaysia",2018,32,"Actual","DCD",0
"Western Pacific","Malaysia",2018,32,"Utilized","DBD",7
"Western Pacific","Malaysia",2018,32,"Utilized","DCD",0
"Western Pacific","Republic of Korea",2017,51,"Actual","DBD",515
"Western Pacific","Republic of Korea",2017,51,"Utilized","DBD",515
"Western Pacific","Mongolia",2017,3.1,"Actual","DBD",0
"Western Pacific","Mongolia",2017,3.1,"Actual","DCD",0
"Western Pacific","Mongolia",2017,3.1,"Utilized","DBD",0
"Western Pacific","Mongolia",2017,3.1,"Utilized","DCD",0
"Africa","Nigeria",2017,190.9,"Actual","DBD",0
"Africa","Nigeria",2017,190.9,"Actual","DCD",0
"Africa","Nigeria",2017,190.9,"Utilized","DBD",0
"Africa","Nigeria",2017,190.9,"Utilized","DCD",0
"Eastern Mediterranean","Pakistan",2017,197,"Actual","DBD",0
"Eastern Mediterranean","Pakistan",2017,197,"Actual","DCD",0
"Eastern Mediterranean","Pakistan",2017,197,"Utilized","DBD",0
"Eastern Mediterranean","Pakistan",2017,197,"Utilized","DCD",0
"Western Pacific","Philippines",2017,104.9,"Actual","DBD",12
"Western Pacific","Philippines",2017,104.9,"Actual","DCD",0
"Western Pacific","Philippines",2017,104.9,"Utilized","DBD",11
"Western Pacific","Philippines",2017,104.9,"Utilized","DCD",0
"Western Pacific","Singapore",2017,5.7,"Actual","DBD",36
"Western Pacific","Singapore",2017,5.7,"Actual","DCD",3
"Western Pacific","Singapore",2017,5.7,"Utilized","DBD",36
"Western Pacific","Singapore",2017,5.7,"Utilized","DCD",3
"Eastern Mediterranean","Kuwait",2018,4.2,"Actual","DBD",12
"Eastern Mediterranean","Kuwait",2018,4.2,"Actual","DCD",0
"Eastern Mediterranean","Kuwait",2018,4.2,"Utilized","DBD",10
"Eastern Mediterranean","Kuwait",2018,4.2,"Utilized","DCD",0
"America","Argentina",2018,44.7,"Actual","DBD",701
"America","Argentina",2018,44.7,"Actual","DCD",1
"America","Argentina",2018,44.7,"Utilized","DBD",643
"America","Argentina",2018,44.7,"Utilized","DCD",1
"America","Brazil",2018,210.9,"Actual","DBD",3529
"America","Brazil",2018,210.9,"Actual","DCD",0
"America","Brazil",2018,210.9,"Utilized","DBD",3022
"America","Brazil",2018,210.9,"Utilized","DCD",0
"America","Colombia",2018,49.5,"Actual","DBD",398
"America","Colombia",2018,49.5,"Actual","DCD",0
"America","Colombia",2018,49.5,"Utilized","DBD",394
"America","Colombia",2018,49.5,"Utilized","DCD",0
"America","Costa Rica",2018,5,"Actual","DBD",35
"America","Costa Rica",2018,5,"Utilized","DBD",35
"America","Dominican Republic",2018,10.9,"Actual","DBD",9
"America","Dominican Republic",2018,10.9,"Actual","DCD",0
"America","Dominican Republic",2018,10.9,"Utilized","DBD",7
"America","Dominican Republic",2018,10.9,"Utilized","DCD",0
"America","Guatemala",2018,17.2,"Actual","DBD",5
"America","Guatemala",2018,17.2,"Actual","DCD",0
"America","Guatemala",2018,17.2,"Utilized","DBD",5
"America","Guatemala",2018,17.2,"Utilized","DCD",0
"America","Mexico",2018,130.8,"Actual","DBD",534
"America","Mexico",2018,130.8,"Actual","DCD",0
"America","Mexico",2018,130.8,"Utilized","DBD",518
"America","Mexico",2018,130.8,"Utilized","DCD",0
"America","Panama",2018,4.2,"Actual","DBD",27
"America","Panama",2018,4.2,"Actual","DCD",0
"America","Panama",2018,4.2,"Utilized","DBD",27
"America","Panama",2018,4.2,"Utilized","DCD",0
"America","Paraguay",2018,6.9,"Actual","DBD",13
"America","Paraguay",2018,6.9,"Actual","DCD",0
"America","Paraguay",2018,6.9,"Utilized","DBD",13
"America","Paraguay",2018,6.9,"Utilized","DCD",0
"America","Uruguay",2018,3.5,"Actual","DBD",77
"America","Uruguay",2018,3.5,"Actual","DCD",0
"America","Uruguay",2018,3.5,"Utilized","DBD",76
"America","Uruguay",2018,3.5,"Utilized","DCD",0
"America","Venezuela (Bolivarian Republic of)",2018,32.4,"Actual","DBD",0
"America","Venezuela (Bolivarian Republic of)",2018,32.4,"Actual","DCD",0
"America","Venezuela (Bolivarian Republic of)",2018,32.4,"Utilized","DBD",0
"America","Venezuela (Bolivarian Republic of)",2018,32.4,"Utilized","DCD",0
"America","Canada",2018,37,"Utilized","DBD",536
"America","Canada",2018,37,"Utilized","DCD",227
"Europe","Iceland",2018,0.3,"Actual","DBD",10
"Europe","Iceland",2018,0.3,"Actual","DCD",0
"Europe","Iceland",2018,0.3,"Utilized","DBD",10
"Europe","Iceland",2018,0.3,"Utilized","DCD",0
"Europe","Israel",2018,8.5,"Actual","DBD",111
"Europe","Israel",2018,8.5,"Actual","DCD",2
"Europe","Israel",2018,8.5,"Utilized","DBD",108
"Europe","Israel",2018,8.5,"Utilized","DCD",2
"Europe","Republic of North Macedonia",2018,2.1,"Actual","DBD",1
"Europe","Republic of North Macedonia",2018,2.1,"Actual","DCD",0
"Europe","Republic of North Macedonia",2018,2.1,"Utilized","DBD",1
"Europe","Republic of North Macedonia",2018,2.1,"Utilized","DCD",0
"Europe","Republic of Moldova",2018,4,"Actual","DBD",10
"Europe","Republic of Moldova",2018,4,"Actual","DCD",0
"Europe","Republic of Moldova",2018,4,"Utilized","DBD",8
"Europe","Republic of Moldova",2018,4,"Utilized","DCD",0
"Europe","Norway",2018,5.4,"Actual","DBD",104
"Europe","Norway",2018,5.4,"Actual","DCD",0
"Europe","Norway",2018,5.4,"Utilized","DBD",100
"Europe","Norway",2018,5.4,"Utilized","DCD",0
"Europe","Switzerland",2018,8.5,"Actual","DBD",126
"Europe","Switzerland",2018,8.5,"Actual","DCD",32
"Europe","Switzerland",2018,8.5,"Utilized","DBD",123
"Europe","Switzerland",2018,8.5,"Utilized","DCD",31
"Europe","Türkiye",2018,81.9,"Actual","DBD",598
"Europe","Türkiye",2018,81.9,"Actual","DCD",0
"Europe","Türkiye",2018,81.9,"Utilized","DBD",560
"Europe","Türkiye",2018,81.9,"Utilized","DCD",0
"America","United States of America",2018,326.8,"Actual","DBD",8589
"America","United States of America",2018,326.8,"Actual","DCD",2133
"America","United States of America",2018,326.8,"Utilized","DBD",8244
"America","United States of America",2018,326.8,"Utilized","DCD",1862
"Western Pacific","Australia",2018,24.8,"Actual","DBD",400
"Western Pacific","Australia",2018,24.8,"Actual","DCD",154
"Western Pacific","Australia",2018,24.8,"Utilized","DBD",386
"Western Pacific","Australia",2018,24.8,"Utilized","DCD",145
"Europe","Bulgaria",2018,7,"Actual","DBD",16
"Europe","Bulgaria",2018,7,"Actual","DCD",0
"Europe","Bulgaria",2018,7,"Utilized","DBD",16
"Europe","Bulgaria",2018,7,"Utilized","DCD",0
"Europe","Croatia",2018,4.2,"Actual","DBD",169
"Europe","Croatia",2018,4.2,"Actual","DCD",0
"Europe","Croatia",2018,4.2,"Utilized","DBD",151
"Europe","Croatia",2018,4.2,"Utilized","DCD",0
"Europe","Cyprus",2018,1.2,"Actual","DBD",2
"Europe","Cyprus",2018,1.2,"Actual","DCD",0
"Europe","Cyprus",2018,1.2,"Utilized","DBD",2
"Europe","Cyprus",2018,1.2,"Utilized","DCD",0
"Europe","Czech Republic",2018,10.6,"Actual","DBD",269
"Europe","Czech Republic",2018,10.6,"Actual","DCD",13
"Europe","Czech Republic",2018,10.6,"Utilized","DBD",248
"Europe","Czech Republic",2018,10.6,"Utilized","DCD",11
"Europe","Denmark",2018,5.8,"Actual","DBD",100
"Europe","Denmark",2018,5.8,"Actual","DCD",0
"Europe","Denmark",2018,5.8,"Utilized","DBD",85
"Europe","Denmark",2018,5.8,"Utilized","DCD",0
"Europe","Estonia",2018,1.3,"Actual","DBD",33
"Europe","Estonia",2018,1.3,"Actual","DCD",0
"Europe","Estonia",2018,1.3,"Utilized","DBD",33
"Europe","Estonia",2018,1.3,"Utilized","DCD",0
"Europe","Finland",2018,5.5,"Actual","DBD",117
"Europe","Finland",2018,5.5,"Actual","DCD",0
"Europe","Finland",2018,5.5,"Utilized","DBD",108
"Europe","Finland",2018,5.5,"Utilized","DCD",0
"Europe","Germany",2018,82.3,"Actual","DBD",955
"Europe","Germany",2018,82.3,"Actual","DCD",0
"Europe","Germany",2018,82.3,"Utilized","DBD",933
"Europe","Germany",2018,82.3,"Utilized","DCD",0
"Europe","Hungary",2018,9.7,"Actual","DBD",168
"Europe","Hungary",2018,9.7,"Actual","DCD",0
"Europe","Hungary",2018,9.7,"Utilized","DBD",167
"Europe","Hungary",2018,9.7,"Utilized","DCD",0
"Europe","Ireland",2018,4.8,"Actual","DBD",77
"Europe","Ireland",2018,4.8,"Actual","DCD",4
"Europe","Ireland",2018,4.8,"Utilized","DBD",70
"Europe","Ireland",2018,4.8,"Utilized","DCD",3
"Europe","Italy",2018,59.3,"Actual","DBD",1409
"Europe","Italy",2018,59.3,"Actual","DCD",57
"Europe","Italy",2018,59.3,"Utilized","DBD",1324
"Europe","Italy",2018,59.3,"Utilized","DCD",47
"Europe","Latvia",2018,1.9,"Actual","DBD",23
"Europe","Latvia",2018,1.9,"Actual","DCD",1
"Europe","Latvia",2018,1.9,"Utilized","DBD",21
"Europe","Latvia",2018,1.9,"Utilized","DCD",1
"Europe","Lithuania",2018,2.9,"Actual","DBD",46
"Europe","Lithuania",2018,2.9,"Actual","DCD",0
"Europe","Lithuania",2018,2.9,"Utilized","DBD",45
"Europe","Lithuania",2018,2.9,"Utilized","DCD",0
"Europe","Malta",2018,0.4,"Actual","DBD",10
"Europe","Malta",2018,0.4,"Actual","DCD",0
"Europe","Malta",2018,0.4,"Utilized","DBD",10
"Europe","Malta",2018,0.4,"Utilized","DCD",0
"Europe","Poland",2018,38.1,"Actual","DBD",494
"Europe","Poland",2018,38.1,"Actual","DCD",4
"Europe","Poland",2018,38.1,"Utilized","DBD",471
"Europe","Poland",2018,38.1,"Utilized","DCD",4
"Europe","Portugal",2018,10.3,"Actual","DBD",316
"Europe","Portugal",2018,10.3,"Actual","DCD",28
"Europe","Portugal",2018,10.3,"Utilized","DBD",286
"Europe","Portugal",2018,10.3,"Utilized","DCD",23
"Europe","Romania",2018,19.6,"Actual","DBD",65
"Europe","Romania",2018,19.6,"Actual","DCD",0
"Europe","Romania",2018,19.6,"Utilized","DBD",65
"Europe","Romania",2018,19.6,"Utilized","DCD",0
"Europe","Slovakia",2018,5.4,"Actual","DBD",78
"Europe","Slovakia",2018,5.4,"Actual","DCD",0
"Europe","Slovakia",2018,5.4,"Utilized","DBD",74
"Europe","Slovakia",2018,5.4,"Utilized","DCD",0
"Europe","Sweden",2018,10,"Actual","DBD",181
"Europe","Sweden",2018,10,"Actual","DCD",10
"Europe","Sweden",2018,10,"Utilized","DBD",172
"Europe","Sweden",2018,10,"Utilized","DCD",10
"Europe","United Kingdom",2018,66.6,"Actual","DBD",1000
"Europe","United Kingdom",2018,66.6,"Actual","DCD",619
"Europe","United Kingdom",2018,66.6,"Utilized","DBD",977
"Europe","United Kingdom",2018,66.6,"Utilized","DCD",565
"Europe","Spain",2018,46.4,"Actual","DBD",1612
"Europe","Spain",2018,46.4,"Actual","DCD",629
"Europe","Spain",2018,46.4,"Utilized","DBD",1398
"Europe","Spain",2018,46.4,"Utilized","DCD",527
"Europe","France",2018,65.2,"Actual","DBD",1743
"Europe","France",2018,65.2,"Actual","DCD",138
"Europe","France",2018,65.2,"Utilized","DBD",1691
"Europe","France",2018,65.2,"Utilized","DCD",132
"Eastern Mediterranean","Qatar",2018,2.7,"Actual","DBD",7
"Eastern Mediterranean","Qatar",2018,2.7,"Actual","DCD",0
"Eastern Mediterranean","Qatar",2018,2.7,"Utilized","DBD",6
"Eastern Mediterranean","Qatar",2018,2.7,"Utilized","DCD",0
"Africa","Algeria",2018,42,"Actual","DBD",0
"Africa","Algeria",2018,42,"Actual","DCD",0
"Africa","Algeria",2018,42,"Utilized","DBD",0
"Africa","Algeria",2018,42,"Utilized","DCD",0
"Europe","Austria",2018,8.8,"Actual","DBD",201
"Europe","Austria",2018,8.8,"Actual","DCD",15
"Europe","Austria",2018,8.8,"Utilized","DBD",188
"Europe","Austria",2018,8.8,"Utilized","DCD",14
"Europe","Belgium",2018,11.5,"Actual","DBD",241
"Europe","Belgium",2018,11.5,"Actual","DCD",103
"Europe","Belgium",2018,11.5,"Utilized","DBD",237
"Europe","Belgium",2018,11.5,"Utilized","DCD",98
"Europe","Luxembourg",2018,0.6,"Actual","DBD",7
"Europe","Luxembourg",2018,0.6,"Actual","DCD",0
"Europe","Luxembourg",2018,0.6,"Utilized","DBD",7
"Europe","Luxembourg",2018,0.6,"Utilized","DCD",0
"Europe","Netherlands",2018,17.1,"Actual","DBD",117
"Europe","Netherlands",2018,17.1,"Actual","DCD",164
"Europe","Netherlands",2018,17.1,"Utilized","DBD",116
"Europe","Netherlands",2018,17.1,"Utilized","DCD",157
"Europe","Slovenia",2018,2.1,"Actual","DBD",46
"Europe","Slovenia",2018,2.1,"Actual","DCD",0
"Europe","Slovenia",2018,2.1,"Utilized","DBD",40
"Europe","Slovenia",2018,2.1,"Utilized","DCD",0
"America","Cuba",2018,11.5,"Actual","DBD",130
"America","Cuba",2018,11.5,"Actual","DCD",0
"America","Cuba",2018,11.5,"Utilized","DBD",80
"America","Cuba",2018,11.5,"Utilized","DCD",0
"America","El Salvador",2018,6.4,"Actual","DBD",0
"America","El Salvador",2018,6.4,"Actual","DCD",0
"America","El Salvador",2018,6.4,"Utilized","DBD",0
"America","El Salvador",2018,6.4,"Utilized","DCD",0
"Eastern Mediterranean","Saudi Arabia",2018,33.6,"Actual","DBD",96
"Eastern Mediterranean","Saudi Arabia",2018,33.6,"Actual","DCD",0
"Eastern Mediterranean","Saudi Arabia",2018,33.6,"Utilized","DBD",94
"Eastern Mediterranean","Saudi Arabia",2018,33.6,"Utilized","DCD",0
"Europe","Russian Federation",2018,144,"Actual","DBD",609
"Europe","Russian Federation",2018,144,"Actual","DCD",37
"Europe","Russian Federation",2018,144,"Utilized","DBD",604
"Europe","Russian Federation",2018,144,"Utilized","DCD",35
"Europe","Belarus",2018,9.5,"Actual","DBD",238
"Europe","Belarus",2018,9.5,"Actual","DCD",0
"Europe","Belarus",2018,9.5,"Utilized","DBD",238
"Europe","Belarus",2018,9.5,"Utilized","DCD",0
"South-East Asia","India",2018,1354.1,"Actual","DBD",872
"South-East Asia","India",2018,1354.1,"Actual","DCD",3
"South-East Asia","India",2018,1354.1,"Utilized","DBD",709
"South-East Asia","India",2018,1354.1,"Utilized","DCD",3
"America","Bolivia (Plurinational State of)",2018,11.2,"Actual","DBD",4
"America","Bolivia (Plurinational State of)",2018,11.2,"Actual","DCD",0
"America","Bolivia (Plurinational State of)",2018,11.2,"Utilized","DBD",4
"America","Bolivia (Plurinational State of)",2018,11.2,"Utilized","DCD",0
"Western Pacific","New Zealand",2018,4.7,"Actual","DBD",53
"Western Pacific","New Zealand",2018,4.7,"Actual","DCD",9
"Western Pacific","New Zealand",2018,4.7,"Utilized","DBD",50
"Western Pacific","New Zealand",2018,4.7,"Utilized","DCD",8
"America","Ecuador",2018,16.9,"Actual","DBD",133
"America","Ecuador",2018,16.9,"Actual","DCD",0
"America","Ecuador",2018,16.9,"Utilized","DBD",128
"America","Ecuador",2018,16.9,"Utilized","DCD",0
"America","Nicaragua",2018,6.3,"Actual","DBD",1
"America","Nicaragua",2018,6.3,"Actual","DCD",0
"America","Nicaragua",2018,6.3,"Utilized","DBD",1
"America","Nicaragua",2018,6.3,"Utilized","DCD",0
"Europe","Greece",2018,11.1,"Actual","DBD",45
"Europe","Greece",2018,11.1,"Actual","DCD",0
"Europe","Greece",2018,11.1,"Utilized","DBD",43
"Europe","Greece",2018,11.1,"Utilized","DCD",0
"America","Peru",2018,32.6,"Actual","DBD",65
"America","Peru",2018,32.6,"Actual","DCD",0
"America","Peru",2018,32.6,"Utilized","DBD",62
"America","Peru",2018,32.6,"Utilized","DCD",0
"Western Pacific","China",2018,1423,"Actual","DBD",1779
"Western Pacific","China",2018,1423,"Actual","DCD",4523
"Western Pacific","Japan",2018,127.2,"Actual","DBD",66
"Western Pacific","Japan",2018,127.2,"Actual","DCD",29
"Western Pacific","Japan",2018,127.2,"Utilized","DBD",66
"Western Pacific","Japan",2018,127.2,"Utilized","DCD",29
"Eastern Mediterranean","United Arab Emirates",2018,9.5,"Actual","DBD",10
"Eastern Mediterranean","United Arab Emirates",2018,9.5,"Actual","DCD",0
"Eastern Mediterranean","United Arab Emirates",2018,9.5,"Utilized","DBD",10
"Eastern Mediterranean","United Arab Emirates",2018,9.5,"Utilized","DCD",0
"Africa","Ethiopia",2018,107.5,"Actual","DBD",0
"Africa","Ethiopia",2018,107.5,"Actual","DCD",0
"Africa","Ethiopia",2018,107.5,"Utilized","DBD",0
"Africa","Ethiopia",2018,107.5,"Utilized","DCD",0
"South-East Asia","Thailand",2018,69.2,"Actual","DBD",261
"South-East Asia","Thailand",2018,69.2,"Actual","DCD",0
"South-East Asia","Thailand",2018,69.2,"Utilized","DBD",253
"South-East Asia","Thailand",2018,69.2,"Utilized","DCD",0
"Eastern Mediterranean","Jordan",2018,9.9,"Actual","DBD",1
"Eastern Mediterranean","Jordan",2018,9.9,"Actual","DCD",0
"Eastern Mediterranean","Jordan",2018,9.9,"Utilized","DBD",1
"Eastern Mediterranean","Jordan",2018,9.9,"Utilized","DCD",0
"Europe","Serbia",2018,8.8,"Actual","DBD",23
"Europe","Serbia",2018,8.8,"Actual","DCD",0
"Europe","Serbia",2018,8.8,"Utilized","DBD",23
"Europe","Serbia",2018,8.8,"Utilized","DCD",0
"Western Pacific","Mongolia",2018,3.1,"Actual","DBD",1
"Western Pacific","Mongolia",2018,3.1,"Actual","DCD",0
"Western Pacific","Mongolia",2018,3.1,"Utilized","DBD",1
"Western Pacific","Mongolia",2018,3.1,"Utilized","DCD",0
"Africa","Senegal",2018,16.3,"Actual","DBD",0
"Africa","Senegal",2018,16.3,"Actual","DCD",0
"Africa","Senegal",2018,16.3,"Utilized","DBD",0
"Africa","Senegal",2018,16.3,"Utilized","DCD",0
"Africa","South Africa",2018,57.4,"Actual","DBD",92
"Africa","South Africa",2018,57.4,"Actual","DCD",0
"Africa","South Africa",2018,57.4,"Utilized","DBD",92
"Africa","South Africa",2018,57.4,"Utilized","DCD",0
"Western Pacific","Singapore",2018,5.8,"Actual","DBD",26
"Western Pacific","Singapore",2018,5.8,"Actual","DCD",0
"Western Pacific","Singapore",2018,5.8,"Utilized","DBD",26
"Western Pacific","Singapore",2018,5.8,"Utilized","DCD",0
"Africa","Nigeria",2018,195.9,"Actual","DBD",0
"Africa","Nigeria",2018,195.9,"Actual","DCD",0
"Africa","Nigeria",2018,195.9,"Utilized","DBD",0
"Africa","Nigeria",2018,195.9,"Utilized","DCD",0
"Western Pacific","Republic of Korea",2018,51.2,"Actual","DBD",449
"Western Pacific","Republic of Korea",2018,51.2,"Utilized","DBD",449
"Eastern Mediterranean","Morocco",2018,36.2,"Actual","DBD",11
"Eastern Mediterranean","Morocco",2018,36.2,"Actual","DCD",1
"Eastern Mediterranean","Morocco",2018,36.2,"Utilized","DBD",11
"Eastern Mediterranean","Morocco",2018,36.2,"Utilized","DCD",1
"Eastern Mediterranean","Lebanon",2018,6.1,"Actual","DBD",4
"Eastern Mediterranean","Lebanon",2018,6.1,"Actual","DCD",0
"Eastern Mediterranean","Lebanon",2018,6.1,"Utilized","DBD",2
"Eastern Mediterranean","Lebanon",2018,6.1,"Utilized","DCD",0
"Africa","Kenya",2018,51,"Actual","DBD",0
"Africa","Kenya",2018,51,"Actual","DCD",0
"Africa","Kenya",2018,51,"Utilized","DBD",0
"Africa","Kenya",2018,51,"Utilized","DCD",0
"Eastern Mediterranean","Pakistan",2018,200.8,"Actual","DBD",0
"Eastern Mediterranean","Pakistan",2018,200.8,"Actual","DCD",0
"Eastern Mediterranean","Pakistan",2018,200.8,"Utilized","DBD",0
"Eastern Mediterranean","Pakistan",2018,200.8,"Utilized","DCD",0
"Eastern Mediterranean","Iran (Islamic Republic of)",2018,82,"Actual","DBD",923
"Eastern Mediterranean","Iran (Islamic Republic of)",2018,82,"Actual","DCD",0
"Europe","Kazakhstan",2018,18.4,"Actual","DBD",9
"Europe","Kazakhstan",2018,18.4,"Actual","DCD",0
"Europe","Kazakhstan",2018,18.4,"Utilized","DBD",9
"Europe","Kazakhstan",2018,18.4,"Utilized","DCD",0
"America","Trinidad and Tobago",2018,1.4,"Actual","DBD",4
"America","Trinidad and Tobago",2018,1.4,"Actual","DCD",0
"America","Trinidad and Tobago",2018,1.4,"Utilized","DBD",4
"America","Trinidad and Tobago",2018,1.4,"Utilized","DCD",0
"America","Argentina",2019,45.1,"Actual","DBD",883
"America","Argentina",2019,45.1,"Actual","DCD",1
"America","Argentina",2019,45.1,"Utilized","DBD",773
"America","Argentina",2019,45.1,"Utilized","DCD",1
"America","Brazil",2019,212.4,"Actual","DBD",3767
"America","Brazil",2019,212.4,"Actual","DCD",0
"America","Brazil",2019,212.4,"Utilized","DBD",3161
"America","Brazil",2019,212.4,"Utilized","DCD",0
"America","Chile",2019,18.3,"Actual","DBD",188
"America","Chile",2019,18.3,"Actual","DCD",0
"America","Chile",2019,18.3,"Utilized","DBD",182
"America","Chile",2019,18.3,"Utilized","DCD",0
"America","Colombia",2019,49.8,"Actual","DBD",417
"America","Colombia",2019,49.8,"Actual","DCD",0
"America","Colombia",2019,49.8,"Utilized","DBD",411
"America","Colombia",2019,49.8,"Utilized","DCD",0
"America","Costa Rica",2019,5,"Actual","DBD",33
"America","Costa Rica",2019,5,"Actual","DCD",0
"America","Costa Rica",2019,5,"Utilized","DBD",30
"America","Costa Rica",2019,5,"Utilized","DCD",0
"America","Cuba",2019,11.5,"Actual","DBD",138
"America","Cuba",2019,11.5,"Actual","DCD",0
"America","Cuba",2019,11.5,"Utilized","DBD",85
"America","Cuba",2019,11.5,"Utilized","DCD",0
"America","Dominican Republic",2019,11,"Actual","DBD",23
"America","Dominican Republic",2019,11,"Actual","DCD",0
"America","Dominican Republic",2019,11,"Utilized","DBD",22
"America","Dominican Republic",2019,11,"Utilized","DCD",0
"America","Ecuador",2019,17.1,"Actual","DBD",133
"America","Ecuador",2019,17.1,"Actual","DCD",0
"America","Ecuador",2019,17.1,"Utilized","DBD",125
"America","Ecuador",2019,17.1,"Utilized","DCD",0
"America","Mexico",2019,132.3,"Actual","DBD",500
"America","Mexico",2019,132.3,"Actual","DCD",0
"America","Mexico",2019,132.3,"Utilized","DBD",490
"America","Mexico",2019,132.3,"Utilized","DCD",0
"America","Panama",2019,4.2,"Actual","DBD",18
"America","Panama",2019,4.2,"Actual","DCD",0
"America","Panama",2019,4.2,"Utilized","DBD",15
"America","Panama",2019,4.2,"Utilized","DCD",0
"America","Paraguay",2019,7,"Actual","DBD",20
"America","Paraguay",2019,7,"Actual","DCD",0
"America","Paraguay",2019,7,"Utilized","DBD",20
"America","Paraguay",2019,7,"Utilized","DCD",0
"America","Peru",2019,32.9,"Actual","DBD",75
"America","Peru",2019,32.9,"Actual","DCD",0
"America","Peru",2019,32.9,"Utilized","DBD",75
"America","Peru",2019,32.9,"Utilized","DCD",0
"America","Uruguay",2019,3.5,"Actual","DBD",75
"America","Uruguay",2019,3.5,"Actual","DCD",0
"America","Uruguay",2019,3.5,"Utilized","DBD",75
"America","Uruguay",2019,3.5,"Utilized","DCD",0
"Europe","Armenia",2019,2.9,"Actual","DBD",0
"Europe","Armenia",2019,2.9,"Actual","DCD",0
"Europe","Armenia",2019,2.9,"Utilized","DBD",0
"Europe","Armenia",2019,2.9,"Utilized","DCD",0
"Europe","Belarus",2019,9.4,"Actual","DBD",248
"Europe","Belarus",2019,9.4,"Actual","DCD",0
"Europe","Belarus",2019,9.4,"Utilized","DBD",247
"Europe","Belarus",2019,9.4,"Utilized","DCD",0
"Europe","Israel",2019,8.6,"Actual","DBD",96
"Europe","Israel",2019,8.6,"Actual","DCD",5
"Europe","Israel",2019,8.6,"Utilized","DBD",95
"Europe","Israel",2019,8.6,"Utilized","DCD",5
"Europe","Iceland",2019,0.3,"Actual","DBD",7
"Europe","Iceland",2019,0.3,"Actual","DCD",0
"Europe","Iceland",2019,0.3,"Utilized","DBD",7
"Europe","Iceland",2019,0.3,"Utilized","DCD",0
"Europe","Norway",2019,5.4,"Actual","DBD",115
"Europe","Norway",2019,5.4,"Actual","DCD",0
"Europe","Norway",2019,5.4,"Utilized","DBD",113
"Europe","Norway",2019,5.4,"Utilized","DCD",0
"Europe","Republic of Moldova",2019,4,"Actual","DBD",11
"Europe","Republic of Moldova",2019,4,"Actual","DCD",0
"Europe","Republic of Moldova",2019,4,"Utilized","DBD",6
"Europe","Republic of Moldova",2019,4,"Utilized","DCD",0
"Europe","Republic of North Macedonia",2019,2.1,"Actual","DBD",3
"Europe","Republic of North Macedonia",2019,2.1,"Actual","DCD",0
"Europe","Republic of North Macedonia",2019,2.1,"Utilized","DBD",3
"Europe","Republic of North Macedonia",2019,2.1,"Utilized","DCD",0
"Europe","Russian Federation",2019,143.9,"Actual","DBD",696
"Europe","Russian Federation",2019,143.9,"Actual","DCD",44
"Europe","Russian Federation",2019,143.9,"Utilized","DBD",692
"Europe","Russian Federation",2019,143.9,"Utilized","DCD",40
"Europe","Serbia",2019,8.7,"Actual","DBD",15
"Europe","Serbia",2019,8.7,"Utilized","DBD",15
"Europe","Türkiye",2019,83,"Actual","DBD",499
"Europe","Türkiye",2019,83,"Actual","DCD",0
"Europe","Türkiye",2019,83,"Utilized","DBD",487
"Europe","Türkiye",2019,83,"Utilized","DCD",0
"America","United States of America",2019,329.1,"Actual","DBD",9152
"America","United States of America",2019,329.1,"Actual","DCD",2718
"America","United States of America",2019,329.1,"Utilized","DBD",8725
"America","United States of America",2019,329.1,"Utilized","DCD",2372
"Europe","Austria",2019,8.8,"Actual","DBD",185
"Europe","Austria",2019,8.8,"Actual","DCD",21
"Europe","Austria",2019,8.8,"Utilized","DBD",163
"Europe","Austria",2019,8.8,"Utilized","DCD",17
"Europe","Belgium",2019,11.6,"Actual","DBD",211
"Europe","Belgium",2019,11.6,"Actual","DCD",110
"Europe","Belgium",2019,11.6,"Utilized","DBD",206
"Europe","Belgium",2019,11.6,"Utilized","DCD",106
"Europe","Bulgaria",2019,7,"Actual","DBD",16
"Europe","Bulgaria",2019,7,"Actual","DCD",0
"Europe","Bulgaria",2019,7,"Utilized","DBD",16
"Europe","Bulgaria",2019,7,"Utilized","DCD",0
"Europe","Croatia",2019,4.1,"Actual","DBD",131
"Europe","Croatia",2019,4.1,"Actual","DCD",0
"Europe","Croatia",2019,4.1,"Utilized","DBD",128
"Europe","Croatia",2019,4.1,"Utilized","DCD",0
"Europe","Cyprus",2019,1.2,"Actual","DBD",6
"Europe","Cyprus",2019,1.2,"Actual","DCD",0
"Europe","Cyprus",2019,1.2,"Utilized","DBD",6
"Europe","Cyprus",2019,1.2,"Utilized","DCD",0
"Europe","Czech Republic",2019,10.6,"Actual","DBD",270
"Europe","Czech Republic",2019,10.6,"Actual","DCD",18
"Europe","Czech Republic",2019,10.6,"Utilized","DBD",247
"Europe","Czech Republic",2019,10.6,"Utilized","DCD",18
"Europe","Denmark",2019,5.8,"Actual","DBD",102
"Europe","Denmark",2019,5.8,"Actual","DCD",0
"Europe","Denmark",2019,5.8,"Utilized","DBD",100
"Europe","Denmark",2019,5.8,"Utilized","DCD",0
"Europe","Estonia",2019,1.3,"Actual","DBD",25
"Europe","Estonia",2019,1.3,"Actual","DCD",0
"Europe","Estonia",2019,1.3,"Utilized","DBD",25
"Europe","Estonia",2019,1.3,"Utilized","DCD",0
"Europe","Finland",2019,5.6,"Actual","DBD",145
"Europe","Finland",2019,5.6,"Actual","DCD",0
"Europe","Finland",2019,5.6,"Utilized","DBD",141
"Europe","Finland",2019,5.6,"Utilized","DCD",0
"Europe","Germany",2019,82.4,"Actual","DBD",932
"Europe","Germany",2019,82.4,"Actual","DCD",0
"Europe","Germany",2019,82.4,"Utilized","DBD",899
"Europe","Germany",2019,82.4,"Utilized","DCD",0
"Europe","Greece",2019,11.1,"Actual","DBD",61
"Europe","Greece",2019,11.1,"Actual","DCD",0
"Europe","Greece",2019,11.1,"Utilized","DBD",56
"Europe","Greece",2019,11.1,"Utilized","DCD",0
"Europe","France",2019,65.5,"Actual","DBD",1729
"Europe","France",2019,65.5,"Actual","DCD",195
"Europe","France",2019,65.5,"Utilized","DBD",1693
"Europe","France",2019,65.5,"Utilized","DCD",189
"Eastern Mediterranean","Qatar",2019,2.7,"Actual","DBD",8
"Eastern Mediterranean","Qatar",2019,2.7,"Actual","DCD",0
"Eastern Mediterranean","Qatar",2019,2.7,"Utilized","DBD",8
"Eastern Mediterranean","Qatar",2019,2.7,"Utilized","DCD",0
"Eastern Mediterranean","Sudan",2019,42.5,"Actual","DBD",0
"Eastern Mediterranean","Sudan",2019,42.5,"Actual","DCD",0
"Eastern Mediterranean","Sudan",2019,42.5,"Utilized","DBD",0
"Eastern Mediterranean","Sudan",2019,42.5,"Utilized","DCD",0
"Western Pacific","Mongolia",2019,3.2,"Actual","DBD",9
"Western Pacific","Mongolia",2019,3.2,"Actual","DCD",0
"Western Pacific","Mongolia",2019,3.2,"Utilized","DBD",8
"Western Pacific","Mongolia",2019,3.2,"Utilized","DCD",0
"Eastern Mediterranean","Syrian Arab Republic",2019,18.5,"Actual","DBD",0
"Eastern Mediterranean","Syrian Arab Republic",2019,18.5,"Actual","DCD",0
"Eastern Mediterranean","Syrian Arab Republic",2019,18.5,"Utilized","DBD",0
"Eastern Mediterranean","Syrian Arab Republic",2019,18.5,"Utilized","DCD",0
"Africa","Algeria",2019,42.7,"Actual","DBD",1
"Africa","Algeria",2019,42.7,"Actual","DCD",0
"Africa","Algeria",2019,42.7,"Utilized","DBD",1
"Africa","Algeria",2019,42.7,"Utilized","DCD",0
"Eastern Mediterranean","Kuwait",2019,4.2,"Actual","DBD",27
"Eastern Mediterranean","Kuwait",2019,4.2,"Actual","DCD",0
"Eastern Mediterranean","Kuwait",2019,4.2,"Utilized","DBD",26
"Eastern Mediterranean","Kuwait",2019,4.2,"Utilized","DCD",0
"Eastern Mediterranean","Saudi Arabia",2019,34.1,"Actual","DBD",114
"Eastern Mediterranean","Saudi Arabia",2019,34.1,"Actual","DCD",0
"Eastern Mediterranean","Saudi Arabia",2019,34.1,"Utilized","DBD",113
"Eastern Mediterranean","Saudi Arabia",2019,34.1,"Utilized","DCD",0
"Europe","Hungary",2019,9.7,"Actual","DBD",180
"Europe","Hungary",2019,9.7,"Actual","DCD",0
"Europe","Hungary",2019,9.7,"Utilized","DBD",177
"Europe","Hungary",2019,9.7,"Utilized","DCD",0
"Europe","Ireland",2019,4.8,"Actual","DBD",78
"Europe","Ireland",2019,4.8,"Actual","DCD",7
"Europe","Ireland",2019,4.8,"Utilized","DBD",74
"Europe","Ireland",2019,4.8,"Utilized","DCD",7
"Europe","Italy",2019,59.2,"Actual","DBD",1415
"Europe","Italy",2019,59.2,"Actual","DCD",80
"Europe","Italy",2019,59.2,"Utilized","DBD",1315
"Europe","Italy",2019,59.2,"Utilized","DCD",64
"Europe","Latvia",2019,1.9,"Actual","DBD",19
"Europe","Latvia",2019,1.9,"Actual","DCD",0
"Europe","Latvia",2019,1.9,"Utilized","DBD",12
"Europe","Latvia",2019,1.9,"Utilized","DCD",0
"Europe","Lithuania",2019,2.9,"Actual","DBD",52
"Europe","Lithuania",2019,2.9,"Actual","DCD",0
"Europe","Lithuania",2019,2.9,"Utilized","DBD",49
"Europe","Lithuania",2019,2.9,"Utilized","DCD",0
"Europe","Luxembourg",2019,0.6,"Actual","DBD",5
"Europe","Luxembourg",2019,0.6,"Actual","DCD",0
"Europe","Luxembourg",2019,0.6,"Utilized","DBD",5
"Europe","Luxembourg",2019,0.6,"Utilized","DCD",0
"Europe","Malta",2019,0.4,"Actual","DBD",10
"Europe","Malta",2019,0.4,"Actual","DCD",0
"Europe","Malta",2019,0.4,"Utilized","DBD",10
"Europe","Malta",2019,0.4,"Utilized","DCD",0
"Western Pacific","Japan",2019,126.9,"Actual","DBD",97
"Western Pacific","Japan",2019,126.9,"Actual","DCD",28
"Western Pacific","Japan",2019,126.9,"Utilized","DBD",97
"Western Pacific","Japan",2019,126.9,"Utilized","DCD",27
"Western Pacific","Malaysia",2019,32.5,"Actual","DBD",16
"Western Pacific","Malaysia",2019,32.5,"Actual","DCD",0
"Western Pacific","Malaysia",2019,32.5,"Utilized","DBD",15
"Western Pacific","Malaysia",2019,32.5,"Utilized","DCD",0
"Eastern Mediterranean","United Arab Emirates",2019,9.7,"Actual","DBD",10
"Eastern Mediterranean","United Arab Emirates",2019,9.7,"Actual","DCD",0
"Eastern Mediterranean","United Arab Emirates",2019,9.7,"Utilized","DBD",10
"Eastern Mediterranean","United Arab Emirates",2019,9.7,"Utilized","DCD",0
"Europe","Netherlands",2019,17.1,"Actual","DBD",106
"Europe","Netherlands",2019,17.1,"Actual","DCD",152
"Europe","Netherlands",2019,17.1,"Utilized","DBD",103
"Europe","Netherlands",2019,17.1,"Utilized","DCD",147
"Europe","Poland",2019,38,"Actual","DBD",503
"Europe","Poland",2019,38,"Actual","DCD",1
"Europe","Poland",2019,38,"Utilized","DBD",490
"Europe","Poland",2019,38,"Utilized","DCD",1
"Europe","Portugal",2019,10.3,"Actual","DBD",320
"Europe","Portugal",2019,10.3,"Actual","DCD",27
"Europe","Portugal",2019,10.3,"Utilized","DBD",290
"Europe","Portugal",2019,10.3,"Utilized","DCD",21
"Europe","Spain",2019,46.4,"Actual","DBD",1557
"Europe","Spain",2019,46.4,"Actual","DCD",745
"Europe","Spain",2019,46.4,"Utilized","DBD",1372
"Europe","Spain",2019,46.4,"Utilized","DCD",616
"Europe","Slovakia",2019,5.5,"Actual","DBD",98
"Europe","Slovakia",2019,5.5,"Actual","DCD",0
"Europe","Slovakia",2019,5.5,"Utilized","DBD",92
"Europe","Slovakia",2019,5.5,"Utilized","DCD",0
"Europe","Sweden",2019,10.1,"Actual","DBD",194
"Europe","Sweden",2019,10.1,"Actual","DCD",4
"Europe","Sweden",2019,10.1,"Utilized","DBD",187
"Europe","Sweden",2019,10.1,"Utilized","DCD",4
"Europe","United Kingdom",2019,67,"Actual","DBD",964
"Europe","United Kingdom",2019,67,"Actual","DCD",689
"Europe","United Kingdom",2019,67,"Utilized","DBD",921
"Europe","United Kingdom",2019,67,"Utilized","DCD",608
"Europe","Slovenia",2019,2.1,"Actual","DBD",44
"Europe","Slovenia",2019,2.1,"Actual","DCD",0
"Europe","Slovenia",2019,2.1,"Utilized","DBD",38
"Europe","Slovenia",2019,2.1,"Utilized","DCD",0
"Europe","Romania",2019,19.5,"Actual","DBD",85
"Europe","Romania",2019,19.5,"Actual","DCD",0
"Europe","Romania",2019,19.5,"Utilized","DBD",84
"Europe","Romania",2019,19.5,"Utilized","DCD",0
"Western Pacific","New Zealand",2019,4.8,"Actual","DBD",61
"Western Pacific","New Zealand",2019,4.8,"Actual","DCD",13
"Western Pacific","New Zealand",2019,4.8,"Utilized","DBD",61
"Western Pacific","New Zealand",2019,4.8,"Utilized","DCD",12
"Europe","Switzerland",2019,8.6,"Actual","DBD",100
"Europe","Switzerland",2019,8.6,"Actual","DCD",57
"Europe","Switzerland",2019,8.6,"Utilized","DBD",99
"Europe","Switzerland",2019,8.6,"Utilized","DCD",54
"America","Guatemala",2019,17.6,"Actual","DBD",3
"America","Guatemala",2019,17.6,"Actual","DCD",0
"America","Guatemala",2019,17.6,"Utilized","DBD",3
"America","Guatemala",2019,17.6,"Utilized","DCD",0
"America","Nicaragua",2019,6.4,"Actual","DBD",2
"America","Nicaragua",2019,6.4,"Actual","DCD",0
"America","Nicaragua",2019,6.4,"Utilized","DBD",2
"America","Nicaragua",2019,6.4,"Utilized","DCD",0
"America","Venezuela (Bolivarian Republic of)",2019,32.8,"Actual","DBD",0
"America","Venezuela (Bolivarian Republic of)",2019,32.8,"Actual","DCD",0
"America","Venezuela (Bolivarian Republic of)",2019,32.8,"Utilized","DBD",0
"America","Venezuela (Bolivarian Republic of)",2019,32.8,"Utilized","DCD",0
"Western Pacific","Australia",2019,25.1,"Actual","DBD",376
"Western Pacific","Australia",2019,25.1,"Actual","DCD",172
"Western Pacific","Australia",2019,25.1,"Utilized","DBD",354
"Western Pacific","Australia",2019,25.1,"Utilized","DCD",157
"South-East Asia","India",2019,1368.7,"Actual","DBD",715
"South-East Asia","India",2019,1368.7,"Actual","DCD",0
"South-East Asia","India",2019,1368.7,"Utilized","DBD",712
"South-East Asia","India",2019,1368.7,"Utilized","DCD",0
"Western Pacific","China",2019,1428.2,"Actual","DBD",1906
"Western Pacific","China",2019,1428.2,"Actual","DCD",3912
"Western Pacific","China",2019,1428.2,"Utilized","DBD",1889
"Western Pacific","China",2019,1428.2,"Utilized","DCD",3886
"America","Canada",2019,37.3,"Actual","DBD",585
"America","Canada",2019,37.3,"Actual","DCD",243
"America","Canada",2019,37.3,"Utilized","DBD",585
"America","Canada",2019,37.3,"Utilized","DCD",243
"Europe","Georgia",2019,3.9,"Actual","DBD",0
"Europe","Georgia",2019,3.9,"Actual","DCD",0
"Europe","Georgia",2019,3.9,"Utilized","DBD",0
"Europe","Georgia",2019,3.9,"Utilized","DCD",0
"Africa","Nigeria",2019,201,"Actual","DBD",0
"Africa","Nigeria",2019,201,"Actual","DCD",0
"Africa","Nigeria",2019,201,"Utilized","DBD",0
"Africa","Nigeria",2019,201,"Utilized","DCD",0
"America","Trinidad and Tobago",2019,1.4,"Actual","DBD",1
"America","Trinidad and Tobago",2019,1.4,"Actual","DCD",0
"America","Trinidad and Tobago",2019,1.4,"Utilized","DBD",1
"America","Trinidad and Tobago",2019,1.4,"Utilized","DCD",0
"Africa","Ethiopia",2019,110.1,"Actual","DBD",0
"Africa","Ethiopia",2019,110.1,"Actual","DCD",0
"Africa","Ethiopia",2019,110.1,"Utilized","DBD",0
"Africa","Ethiopia",2019,110.1,"Utilized","DCD",0
"Eastern Mediterranean","Jordan",2019,10.1,"Actual","DBD",0
"Eastern Mediterranean","Jordan",2019,10.1,"Actual","DCD",0
"Eastern Mediterranean","Jordan",2019,10.1,"Utilized","DBD",0
"Eastern Mediterranean","Jordan",2019,10.1,"Utilized","DCD",0
"Eastern Mediterranean","Morocco",2019,36.6,"Actual","DBD",4
"Eastern Mediterranean","Morocco",2019,36.6,"Actual","DCD",0
"Eastern Mediterranean","Morocco",2019,36.6,"Utilized","DBD",4
"Eastern Mediterranean","Morocco",2019,36.6,"Utilized","DCD",0
"Western Pacific","Singapore",2019,5.9,"Actual","DBD",25
"Western Pacific","Singapore",2019,5.9,"Actual","DCD",1
"Western Pacific","Singapore",2019,5.9,"Utilized","DBD",25
"Western Pacific","Singapore",2019,5.9,"Utilized","DCD",1
"South-East Asia","Thailand",2019,69.3,"Actual","DBD",301
"South-East Asia","Thailand",2019,69.3,"Actual","DCD",0
"South-East Asia","Thailand",2019,69.3,"Utilized","DBD",291
"South-East Asia","Thailand",2019,69.3,"Utilized","DCD",0
"Eastern Mediterranean","Pakistan",2019,204.6,"Actual","DBD",0
"Eastern Mediterranean","Pakistan",2019,204.6,"Actual","DCD",0
"Eastern Mediterranean","Pakistan",2019,204.6,"Utilized","DBD",0
"Eastern Mediterranean","Pakistan",2019,204.6,"Utilized","DCD",0
"Western Pacific","Republic of Korea",2019,51.3,"Actual","DBD",450
"Western Pacific","Republic of Korea",2019,51.3,"Actual","DCD",0
"Western Pacific","Republic of Korea",2019,51.3,"Utilized","DBD",450
"Western Pacific","Republic of Korea",2019,51.3,"Utilized","DCD",0
"Europe","Kazakhstan",2019,18.6,"Actual","DBD",9
"Europe","Kazakhstan",2019,18.6,"Actual","DCD",0
"Europe","Kazakhstan",2019,18.6,"Utilized","DBD",9
"Europe","Kazakhstan",2019,18.6,"Utilized","DCD",0
"Eastern Mediterranean","Iran (Islamic Republic of)",2019,82.8,"Actual","DBD",1078
"Eastern Mediterranean","Iran (Islamic Republic of)",2019,82.8,"Actual","DCD",0
"South-East Asia","Bangladesh",2019,168.1,"Actual","DBD",0
"South-East Asia","Bangladesh",2019,168.1,"Actual","DCD",0
"South-East Asia","Bangladesh",2019,168.1,"Utilized","DBD",0
"South-East Asia","Bangladesh",2019,168.1,"Utilized","DCD",0
"Europe","Austria",2020,9,"Actual","DBD",188
"Europe","Austria",2020,9,"Actual","DCD",25
"Europe","Austria",2020,9,"Utilized","DBD",173
"Europe","Austria",2020,9,"Utilized","DCD",15
"Europe","Belgium",2020,11.6,"Actual","DBD",144
"Europe","Belgium",2020,11.6,"Actual","DCD",105
"Europe","Belgium",2020,11.6,"Utilized","DBD",142
"Europe","Belgium",2020,11.6,"Utilized","DCD",103
"Europe","Bulgaria",2020,6.9,"Actual","DBD",4
"Europe","Bulgaria",2020,6.9,"Actual","DCD",0
"Europe","Bulgaria",2020,6.9,"Utilized","DBD",4
"Europe","Bulgaria",2020,6.9,"Utilized","DCD",0
"Europe","Croatia",2020,4.1,"Actual","DBD",104
"Europe","Croatia",2020,4.1,"Actual","DCD",0
"Europe","Croatia",2020,4.1,"Utilized","DBD",97
"Europe","Croatia",2020,4.1,"Utilized","DCD",0
"Europe","Denmark",2020,5.8,"Actual","DBD",124
"Europe","Denmark",2020,5.8,"Actual","DCD",0
"Europe","Denmark",2020,5.8,"Utilized","DBD",121
"Europe","Denmark",2020,5.8,"Utilized","DCD",0
"Europe","Estonia",2020,1.3,"Actual","DBD",33
"Europe","Estonia",2020,1.3,"Actual","DCD",0
"Europe","Estonia",2020,1.3,"Utilized","DBD",33
"Europe","Estonia",2020,1.3,"Utilized","DCD",0
"Europe","Finland",2020,5.5,"Actual","DBD",126
"Europe","Finland",2020,5.5,"Actual","DCD",0
"Europe","Finland",2020,5.5,"Utilized","DBD",121
"Europe","Finland",2020,5.5,"Utilized","DCD",0
"Europe","Germany",2020,83.8,"Actual","DBD",913
"Europe","Germany",2020,83.8,"Actual","DCD",0
"Europe","Germany",2020,83.8,"Utilized","DBD",887
"Europe","Germany",2020,83.8,"Utilized","DCD",0
"Europe","Hungary",2020,9.7,"Actual","DBD",111
"Europe","Hungary",2020,9.7,"Actual","DCD",0
"Europe","Hungary",2020,9.7,"Utilized","DBD",108
"Europe","Hungary",2020,9.7,"Utilized","DCD",0
"Europe","Latvia",2020,1.9,"Actual","DBD",21
"Europe","Latvia",2020,1.9,"Actual","DCD",0
"Europe","Latvia",2020,1.9,"Utilized","DBD",20
"Europe","Latvia",2020,1.9,"Utilized","DCD",0
"Europe","Lithuania",2020,2.7,"Actual","DBD",45
"Europe","Lithuania",2020,2.7,"Actual","DCD",4
"Europe","Lithuania",2020,2.7,"Utilized","DBD",45
"Europe","Lithuania",2020,2.7,"Utilized","DCD",4
"Europe","Luxembourg",2020,0.6,"Actual","DBD",3
"Europe","Luxembourg",2020,0.6,"Actual","DCD",0
"Europe","Luxembourg",2020,0.6,"Utilized","DBD",3
"Europe","Luxembourg",2020,0.6,"Utilized","DCD",0
"Europe","Malta",2020,0.4,"Actual","DBD",2
"Europe","Malta",2020,0.4,"Actual","DCD",0
"Europe","Malta",2020,0.4,"Utilized","DBD",2
"Europe","Malta",2020,0.4,"Utilized","DCD",0
"Europe","Netherlands",2020,17.1,"Actual","DBD",100
"Europe","Netherlands",2020,17.1,"Actual","DCD",155
"Europe","Netherlands",2020,17.1,"Utilized","DBD",100
"Europe","Netherlands",2020,17.1,"Utilized","DCD",151
"Europe","Slovenia",2020,2.1,"Actual","DBD",47
"Europe","Slovenia",2020,2.1,"Actual","DCD",0
"Europe","Slovenia",2020,2.1,"Utilized","DBD",39
"Europe","Slovenia",2020,2.1,"Utilized","DCD",0
"Europe","Sweden",2020,10.1,"Actual","DBD",170
"Europe","Sweden",2020,10.1,"Actual","DCD",11
"Europe","Sweden",2020,10.1,"Utilized","DBD",163
"Europe","Sweden",2020,10.1,"Utilized","DCD",11
"Europe","United Kingdom",2020,67.9,"Actual","DBD",814
"Europe","United Kingdom",2020,67.9,"Actual","DCD",434
"Europe","United Kingdom",2020,67.9,"Utilized","DBD",780
"Europe","United Kingdom",2020,67.9,"Utilized","DCD",400
"Europe","Spain",2020,46.8,"Actual","DBD",1156
"Europe","Spain",2020,46.8,"Actual","DCD",621
"Europe","Spain",2020,46.8,"Utilized","DBD",1035
"Europe","Spain",2020,46.8,"Utilized","DCD",546
"Europe","Armenia",2020,3,"Actual","DBD",0
"Europe","Armenia",2020,3,"Actual","DCD",0
"Europe","Armenia",2020,3,"Utilized","DBD",0
"Europe","Armenia",2020,3,"Utilized","DCD",0
"Europe","Georgia",2020,4,"Actual","DBD",0
"Europe","Georgia",2020,4,"Actual","DCD",0
"Europe","Georgia",2020,4,"Utilized","DBD",0
"Europe","Georgia",2020,4,"Utilized","DCD",0
"Europe","Iceland",2020,0.3,"Actual","DBD",4
"Europe","Iceland",2020,0.3,"Actual","DCD",0
"Europe","Iceland",2020,0.3,"Utilized","DBD",4
"Europe","Iceland",2020,0.3,"Utilized","DCD",0
"Europe","Israel",2020,8.7,"Actual","DBD",83
"Europe","Israel",2020,8.7,"Actual","DCD",9
"Europe","Israel",2020,8.7,"Utilized","DBD",82
"Europe","Israel",2020,8.7,"Utilized","DCD",7
"Europe","Republic of North Macedonia",2020,2.1,"Actual","DBD",2
"Europe","Republic of North Macedonia",2020,2.1,"Actual","DCD",0
"Europe","Republic of North Macedonia",2020,2.1,"Utilized","DBD",2
"Europe","Republic of North Macedonia",2020,2.1,"Utilized","DCD",0
"Europe","Norway",2020,5.4,"Actual","DBD",102
"Europe","Norway",2020,5.4,"Actual","DCD",0
"Europe","Norway",2020,5.4,"Utilized","DBD",101
"Europe","Norway",2020,5.4,"Utilized","DCD",0
"America","United States of America",2020,331,"Actual","DBD",9364
"America","United States of America",2020,331,"Actual","DCD",3224
"America","United States of America",2020,331,"Utilized","DBD",8896
"America","United States of America",2020,331,"Utilized","DCD",2682
"America","Costa Rica",2020,5.1,"Actual","DBD",27
"America","Costa Rica",2020,5.1,"Actual","DCD",0
"America","Costa Rica",2020,5.1,"Utilized","DBD",26
"America","Costa Rica",2020,5.1,"Utilized","DCD",0
"America","Dominican Republic",2020,10.8,"Actual","DBD",4
"America","Dominican Republic",2020,10.8,"Actual","DCD",0
"America","Dominican Republic",2020,10.8,"Utilized","DBD",4
"America","Dominican Republic",2020,10.8,"Utilized","DCD",0
"America","Paraguay",2020,7.1,"Actual","DBD",6
"America","Paraguay",2020,7.1,"Actual","DCD",0
"America","Paraguay",2020,7.1,"Utilized","DBD",6
"America","Paraguay",2020,7.1,"Utilized","DCD",0
"Europe","Belarus",2020,9.4,"Actual","DBD",201
"Europe","Belarus",2020,9.4,"Actual","DCD",0
"Europe","Belarus",2020,9.4,"Utilized","DBD",192
"Europe","Belarus",2020,9.4,"Utilized","DCD",0
"Europe","Ukraine",2020,43.7,"Actual","DBD",11
"Europe","Ukraine",2020,43.7,"Actual","DCD",0
"Europe","Ukraine",2020,43.7,"Utilized","DBD",11
"Europe","Ukraine",2020,43.7,"Utilized","DCD",0
"Europe","Italy",2020,60.5,"Actual","DBD",1240
"Europe","Italy",2020,60.5,"Actual","DCD",63
"Europe","Italy",2020,60.5,"Utilized","DBD",1182
"Europe","Italy",2020,60.5,"Utilized","DCD",53
"Europe","Poland",2020,37.8,"Actual","DBD",393
"Europe","Poland",2020,37.8,"Actual","DCD",0
"Europe","Poland",2020,37.8,"Utilized","DBD",387
"Europe","Poland",2020,37.8,"Utilized","DCD",0
"Europe","Portugal",2020,10.2,"Actual","DBD",242
"Europe","Portugal",2020,10.2,"Actual","DCD",11
"Europe","Portugal",2020,10.2,"Utilized","DBD",226
"Europe","Portugal",2020,10.2,"Utilized","DCD",10
"Europe","Republic of Moldova",2020,4,"Actual","DBD",2
"Europe","Republic of Moldova",2020,4,"Actual","DCD",0
"Europe","Republic of Moldova",2020,4,"Utilized","DBD",1
"Europe","Republic of Moldova",2020,4,"Utilized","DCD",0
"America","Argentina",2020,45.2,"Actual","DBD",444
"America","Argentina",2020,45.2,"Actual","DCD",1
"America","Argentina",2020,45.2,"Utilized","DBD",413
"America","Argentina",2020,45.2,"Utilized","DCD",1
"America","Panama",2020,4.3,"Actual","DBD",3
"America","Panama",2020,4.3,"Actual","DCD",0
"America","Panama",2020,4.3,"Utilized","DBD",3
"America","Panama",2020,4.3,"Utilized","DCD",0
"America","Uruguay",2020,3.5,"Actual","DBD",63
"America","Uruguay",2020,3.5,"Actual","DCD",0
"America","Uruguay",2020,3.5,"Utilized","DBD",63
"America","Uruguay",2020,3.5,"Utilized","DCD",0
"Europe","Czech Republic",2020,10.7,"Actual","DBD",241
"Europe","Czech Republic",2020,10.7,"Actual","DCD",8
"Europe","Czech Republic",2020,10.7,"Utilized","DBD",220
"Europe","Czech Republic",2020,10.7,"Utilized","DCD",6
"America","Mexico",2020,128.9,"Actual","DBD",152
"America","Mexico",2020,128.9,"Actual","DCD",0
"America","Mexico",2020,128.9,"Utilized","DBD",150
"America","Mexico",2020,128.9,"Utilized","DCD",0
"Europe","France",2020,65.3,"Actual","DBD",1355
"Europe","France",2020,65.3,"Actual","DCD",157
"Europe","France",2020,65.3,"Utilized","DBD",1322
"Europe","France",2020,65.3,"Utilized","DCD",152
"Europe","Cyprus",2020,1.2,"Actual","DBD",5
"Europe","Cyprus",2020,1.2,"Actual","DCD",0
"Europe","Cyprus",2020,1.2,"Utilized","DBD",5
"Europe","Cyprus",2020,1.2,"Utilized","DCD",0
"America","El Salvador",2020,6.5,"Actual","DBD",0
"America","El Salvador",2020,6.5,"Actual","DCD",0
"America","El Salvador",2020,6.5,"Utilized","DBD",0
"America","El Salvador",2020,6.5,"Utilized","DCD",0
"Europe","Greece",2020,10.4,"Actual","DBD",48
"Europe","Greece",2020,10.4,"Actual","DCD",0
"Europe","Greece",2020,10.4,"Utilized","DBD",46
"Europe","Greece",2020,10.4,"Utilized","DCD",0
"America","Brazil",2020,212.6,"Actual","DBD",3027
"America","Brazil",2020,212.6,"Actual","DCD",0
"America","Brazil",2020,212.6,"Utilized","DBD",2708
"America","Brazil",2020,212.6,"Utilized","DCD",0
"America","Peru",2020,33,"Actual","DBD",17
"America","Peru",2020,33,"Actual","DCD",0
"America","Peru",2020,33,"Utilized","DBD",15
"America","Peru",2020,33,"Utilized","DCD",0
"Western Pacific","Australia",2020,25.5,"Actual","DBD",325
"Western Pacific","Australia",2020,25.5,"Actual","DCD",138
"Western Pacific","Australia",2020,25.5,"Utilized","DBD",312
"Western Pacific","Australia",2020,25.5,"Utilized","DCD",128
"Europe","Bosnia and Herzegovina",2020,3.3,"Actual","DBD",1
"Europe","Bosnia and Herzegovina",2020,3.3,"Actual","DCD",0
"Europe","Bosnia and Herzegovina",2020,3.3,"Utilized","DBD",1
"Europe","Bosnia and Herzegovina",2020,3.3,"Utilized","DCD",0
"Western Pacific","New Zealand",2020,4.8,"Actual","DBD",56
"Western Pacific","New Zealand",2020,4.8,"Actual","DCD",8
"Western Pacific","New Zealand",2020,4.8,"Utilized","DBD",52
"Western Pacific","New Zealand",2020,4.8,"Utilized","DCD",8
"Europe","Serbia",2020,8.7,"Actual","DBD",3
"Europe","Serbia",2020,8.7,"Actual","DCD",0
"Europe","Serbia",2020,8.7,"Utilized","DBD",3
"Europe","Serbia",2020,8.7,"Utilized","DCD",0
"Europe","Switzerland",2020,8.7,"Actual","DBD",96
"Europe","Switzerland",2020,8.7,"Actual","DCD",50
"Europe","Switzerland",2020,8.7,"Utilized","DBD",95
"Europe","Switzerland",2020,8.7,"Utilized","DCD",41
"Europe","Türkiye",2020,84.3,"Actual","DBD",172
"Europe","Türkiye",2020,84.3,"Actual","DCD",0
"Europe","Türkiye",2020,84.3,"Utilized","DBD",148
"Europe","Türkiye",2020,84.3,"Utilized","DCD",0
"Europe","Romania",2020,19.2,"Actual","DBD",66
"Europe","Romania",2020,19.2,"Actual","DCD",0
"Europe","Romania",2020,19.2,"Utilized","DBD",66
"Europe","Romania",2020,19.2,"Utilized","DCD",0
"Europe","Slovakia",2020,5.5,"Actual","DBD",70
"Europe","Slovakia",2020,5.5,"Actual","DCD",0
"Europe","Slovakia",2020,5.5,"Utilized","DBD",67
"Europe","Slovakia",2020,5.5,"Utilized","DCD",0
"America","Venezuela (Bolivarian Republic of)",2020,28.4,"Actual","DBD",0
"America","Venezuela (Bolivarian Republic of)",2020,28.4,"Actual","DCD",0
"America","Venezuela (Bolivarian Republic of)",2020,28.4,"Utilized","DBD",0
"America","Venezuela (Bolivarian Republic of)",2020,28.4,"Utilized","DCD",0
"America","Ecuador",2020,17.6,"Actual","DBD",29
"America","Ecuador",2020,17.6,"Actual","DCD",0
"America","Ecuador",2020,17.6,"Utilized","DBD",28
"America","Ecuador",2020,17.6,"Utilized","DCD",0
"Europe","Russian Federation",2020,145.9,"Actual","DBD",553
"Europe","Russian Federation",2020,145.9,"Actual","DCD",19
"Europe","Russian Federation",2020,145.9,"Utilized","DBD",547
"Europe","Russian Federation",2020,145.9,"Utilized","DCD",17
"Europe","Ireland",2020,4.9,"Actual","DBD",56
"Europe","Ireland",2020,4.9,"Actual","DCD",7
"Europe","Ireland",2020,4.9,"Utilized","DBD",53
"Europe","Ireland",2020,4.9,"Utilized","DCD",7
"Europe","Albania",2020,2.9,"Actual","DBD",0
"Europe","Albania",2020,2.9,"Actual","DCD",0
"Europe","Albania",2020,2.9,"Utilized","DBD",0
"Europe","Albania",2020,2.9,"Utilized","DCD",0
"South-East Asia","Bangladesh",2020,164.7,"Actual","DBD",0
"South-East Asia","Bangladesh",2020,164.7,"Actual","DCD",0
"South-East Asia","Bangladesh",2020,164.7,"Utilized","DBD",0
"South-East Asia","Bangladesh",2020,164.7,"Utilized","DCD",0
"Africa","Kenya",2020,53.8,"Actual","DBD",0
"Africa","Kenya",2020,53.8,"Actual","DCD",0
"Africa","Kenya",2020,53.8,"Utilized","DBD",0
"Africa","Kenya",2020,53.8,"Utilized","DCD",0
"Eastern Mediterranean","Kuwait",2020,4.3,"Actual","DBD",14
"Eastern Mediterranean","Kuwait",2020,4.3,"Actual","DCD",0
"Eastern Mediterranean","Kuwait",2020,4.3,"Utilized","DBD",14
"Eastern Mediterranean","Kuwait",2020,4.3,"Utilized","DCD",0
"Western Pacific","Mongolia",2020,3.3,"Actual","DBD",5
"Western Pacific","Mongolia",2020,3.3,"Actual","DCD",0
"Western Pacific","Mongolia",2020,3.3,"Utilized","DBD",5
"Western Pacific","Mongolia",2020,3.3,"Utilized","DCD",0
"Africa","Algeria",2020,43.9,"Actual","DBD",0
"Africa","Algeria",2020,43.9,"Actual","DCD",0
"Africa","Algeria",2020,43.9,"Utilized","DBD",0
"Africa","Algeria",2020,43.9,"Utilized","DCD",0
"Eastern Mediterranean","Oman",2020,5.1,"Actual","DBD",0
"Eastern Mediterranean","Oman",2020,5.1,"Actual","DCD",0
"Eastern Mediterranean","Oman",2020,5.1,"Utilized","DBD",0
"Eastern Mediterranean","Oman",2020,5.1,"Utilized","DCD",0
"Eastern Mediterranean","Pakistan",2020,220.9,"Actual","DBD",0
"Eastern Mediterranean","Pakistan",2020,220.9,"Actual","DCD",0
"Eastern Mediterranean","Pakistan",2020,220.9,"Utilized","DBD",0
"Eastern Mediterranean","Pakistan",2020,220.9,"Utilized","DCD",0
"Eastern Mediterranean","Qatar",2020,2.9,"Actual","DBD",2
"Eastern Mediterranean","Qatar",2020,2.9,"Actual","DCD",0
"Eastern Mediterranean","Qatar",2020,2.9,"Utilized","DBD",2
"Eastern Mediterranean","Qatar",2020,2.9,"Utilized","DCD",0
"Eastern Mediterranean","Sudan",2020,43.8,"Actual","DBD",0
"Eastern Mediterranean","Sudan",2020,43.8,"Actual","DCD",0
"Eastern Mediterranean","Sudan",2020,43.8,"Utilized","DBD",0
"Eastern Mediterranean","Sudan",2020,43.8,"Utilized","DCD",0
"Western Pacific","China",2020,1447.4,"Actual","DBD",2315
"Western Pacific","China",2020,1447.4,"Actual","DCD",2907
"Western Pacific","China",2020,1447.4,"Utilized","DBD",2303
"Western Pacific","China",2020,1447.4,"Utilized","DCD",2882
"Eastern Mediterranean","Syrian Arab Republic",2020,17.5,"Actual","DBD",0
"Eastern Mediterranean","Syrian Arab Republic",2020,17.5,"Actual","DCD",0
"Eastern Mediterranean","Syrian Arab Republic",2020,17.5,"Utilized","DBD",0
"Eastern Mediterranean","Syrian Arab Republic",2020,17.5,"Utilized","DCD",0
"America","Trinidad and Tobago",2020,1.4,"Actual","DBD",2
"America","Trinidad and Tobago",2020,1.4,"Actual","DCD",0
"America","Trinidad and Tobago",2020,1.4,"Utilized","DBD",2
"America","Trinidad and Tobago",2020,1.4,"Utilized","DCD",0
"Eastern Mediterranean","United Arab Emirates",2020,9.9,"Actual","DBD",9
"Eastern Mediterranean","United Arab Emirates",2020,9.9,"Actual","DCD",0
"Eastern Mediterranean","United Arab Emirates",2020,9.9,"Utilized","DBD",9
"Eastern Mediterranean","United Arab Emirates",2020,9.9,"Utilized","DCD",0
"Africa","Ethiopia",2020,115,"Actual","DBD",0
"Africa","Ethiopia",2020,115,"Actual","DCD",0
"Africa","Ethiopia",2020,115,"Utilized","DBD",0
"Africa","Ethiopia",2020,115,"Utilized","DCD",0
"South-East Asia","Thailand",2020,69.8,"Actual","DBD",315
"South-East Asia","Thailand",2020,69.8,"Actual","DCD",0
"South-East Asia","Thailand",2020,69.8,"Utilized","DBD",304
"South-East Asia","Thailand",2020,69.8,"Utilized","DCD",0
"Western Pacific","Malaysia",2020,32.4,"Actual","DBD",28
"Western Pacific","Malaysia",2020,32.4,"Actual","DCD",0
"Western Pacific","Malaysia",2020,32.4,"Utilized","DBD",27
"Western Pacific","Malaysia",2020,32.4,"Utilized","DCD",0
"Western Pacific","Japan",2020,126.5,"Actual","DBD",68
"Western Pacific","Japan",2020,126.5,"Actual","DCD",9
"Western Pacific","Japan",2020,126.5,"Utilized","DBD",68
"Western Pacific","Japan",2020,126.5,"Utilized","DCD",9
"America","Bolivia (Plurinational State of)",2020,11.7,"Actual","DBD",0
"America","Bolivia (Plurinational State of)",2020,11.7,"Actual","DCD",0
"America","Bolivia (Plurinational State of)",2020,11.7,"Utilized","DBD",0
"America","Bolivia (Plurinational State of)",2020,11.7,"Utilized","DCD",0
"America","Cuba",2020,11.3,"Actual","DBD",51
"America","Cuba",2020,11.3,"Actual","DCD",0
"America","Cuba",2020,11.3,"Utilized","DBD",51
"America","Cuba",2020,11.3,"Utilized","DCD",0
"America","Guatemala",2020,17.9,"Actual","DBD",0
"America","Guatemala",2020,17.9,"Actual","DCD",0
"America","Guatemala",2020,17.9,"Utilized","DBD",0
"America","Guatemala",2020,17.9,"Utilized","DCD",0
"Eastern Mediterranean","Saudi Arabia",2020,34.8,"Actual","DBD",65
"Eastern Mediterranean","Saudi Arabia",2020,34.8,"Actual","DCD",0
"Eastern Mediterranean","Saudi Arabia",2020,34.8,"Utilized","DBD",63
"Eastern Mediterranean","Saudi Arabia",2020,34.8,"Utilized","DCD",0
"Eastern Mediterranean","Iran (Islamic Republic of)",2020,84,"Actual","DBD",645
"Eastern Mediterranean","Iran (Islamic Republic of)",2020,84,"Actual","DCD",0
"America","Colombia",2020,50.9,"Actual","DBD",222
"America","Colombia",2020,50.9,"Actual","DCD",0
"America","Colombia",2020,50.9,"Utilized","DBD",219
"America","Colombia",2020,50.9,"Utilized","DCD",0
"America","Canada",2020,37.7,"Actual","DBD",538
"America","Canada",2020,37.7,"Actual","DCD",196
"America","Canada",2020,37.7,"Utilized","DBD",538
"America","Canada",2020,37.7,"Utilized","DCD",196
"South-East Asia","India",2020,1380,"Actual","DBD",347
"South-East Asia","India",2020,1380,"Actual","DCD",4
"South-East Asia","India",2020,1380,"Utilized","DBD",344
"South-East Asia","India",2020,1380,"Utilized","DCD",4
"America","Chile",2020,19.1,"Actual","DBD",141
"America","Chile",2020,19.1,"Actual","DCD",0
"America","Chile",2020,19.1,"Utilized","DBD",132
"America","Chile",2020,19.1,"Utilized","DCD",0
"Africa","Nigeria",2020,206.1,"Actual","DBD",0
"Africa","Nigeria",2020,206.1,"Actual","DCD",0
"Africa","Nigeria",2020,206.1,"Utilized","DBD",0
"Africa","Nigeria",2020,206.1,"Utilized","DCD",0
"Africa","United Republic of Tanzania",2020,59.7,"Actual","DBD",0
"Africa","United Republic of Tanzania",2020,59.7,"Actual","DCD",0
"Africa","United Republic of Tanzania",2020,59.7,"Utilized","DBD",0
"Africa","United Republic of Tanzania",2020,59.7,"Utilized","DCD",0
"Western Pacific","Singapore",2020,5.9,"Actual","DBD",11
"Western Pacific","Singapore",2020,5.9,"Actual","DCD",1
"Western Pacific","Singapore",2020,5.9,"Utilized","DBD",11
"Western Pacific","Singapore",2020,5.9,"Utilized","DCD",1
"Western Pacific","Republic of Korea",2020,51.3,"Actual","DBD",478
"Western Pacific","Republic of Korea",2020,51.3,"Actual","DCD",0
"Western Pacific","Republic of Korea",2020,51.3,"Utilized","DBD",478
"Western Pacific","Republic of Korea",2020,51.3,"Utilized","DCD",0
"South-East Asia","Sri Lanka",2020,21.4,"Actual","DBD",98
"South-East Asia","Sri Lanka",2020,21.4,"Actual","DCD",0
"South-East Asia","Sri Lanka",2020,21.4,"Utilized","DBD",98
"South-East Asia","Sri Lanka",2020,21.4,"Utilized","DCD",0
"Eastern Mediterranean","Jordan",2020,10.2,"Actual","DBD",1
"Eastern Mediterranean","Jordan",2020,10.2,"Actual","DCD",0
"Eastern Mediterranean","Jordan",2020,10.2,"Utilized","DBD",1
"Eastern Mediterranean","Jordan",2020,10.2,"Utilized","DCD",0
"Eastern Mediterranean","Morocco",2020,36.9,"Actual","DBD",5
"Eastern Mediterranean","Morocco",2020,36.9,"Actual","DCD",0
"Eastern Mediterranean","Morocco",2020,36.9,"Utilized","DBD",5
"Eastern Mediterranean","Morocco",2020,36.9,"Utilized","DCD",0
"Western Pacific","Philippines",2020,109.6,"Actual","DBD",6
"Western Pacific","Philippines",2020,109.6,"Actual","DCD",0
"Western Pacific","Philippines",2020,109.6,"Utilized","DBD",6
"Western Pacific","Philippines",2020,109.6,"Utilized","DCD",0
"Europe","Kazakhstan",2020,18.8,"Actual","DBD",2
"Europe","Kazakhstan",2020,18.8,"Actual","DCD",0
"Europe","Kazakhstan",2020,18.8,"Utilized","DBD",2
"Europe","Kazakhstan",2020,18.8,"Utilized","DCD",0
"Europe","Monaco",2020,0,"Actual","DBD",0
"Europe","Monaco",2020,0,"Actual","DCD",0
"Europe","Monaco",2020,0,"Utilized","DBD",0
"Europe","Monaco",2020,0,"Utilized","DCD",0
"Western Pacific","Malaysia",2021,32.8,"Actual","DBD",7
"Western Pacific","Malaysia",2021,32.8,"Actual","DCD",0
"Western Pacific","Malaysia",2021,32.8,"Utilized","DBD",7
"Western Pacific","Malaysia",2021,32.8,"Utilized","DCD",0
"Eastern Mediterranean","Kuwait",2021,4.3,"Actual","DBD",25
"Eastern Mediterranean","Kuwait",2021,4.3,"Actual","DCD",0
"Eastern Mediterranean","Kuwait",2021,4.3,"Utilized","DBD",25
"Eastern Mediterranean","Kuwait",2021,4.3,"Utilized","DCD",0
"Western Pacific","Mongolia",2021,3.3,"Actual","DBD",7
"Western Pacific","Mongolia",2021,3.3,"Actual","DCD",0
"Western Pacific","Mongolia",2021,3.3,"Utilized","DBD",7
"Western Pacific","Mongolia",2021,3.3,"Utilized","DCD",0
"South-East Asia","Bangladesh",2021,166.3,"Actual","DBD",0
"South-East Asia","Bangladesh",2021,166.3,"Actual","DCD",0
"South-East Asia","Bangladesh",2021,166.3,"Utilized","DBD",0
"South-East Asia","Bangladesh",2021,166.3,"Utilized","DCD",0
"Africa","Kenya",2021,55,"Actual","DBD",0
"Africa","Kenya",2021,55,"Actual","DCD",0
"Africa","Kenya",2021,55,"Utilized","DBD",0
"Africa","Kenya",2021,55,"Utilized","DCD",0
"America","Chile",2021,19.2,"Actual","DBD",147
"America","Chile",2021,19.2,"Actual","DCD",0
"America","Chile",2021,19.2,"Utilized","DBD",136
"America","Chile",2021,19.2,"Utilized","DCD",0
"America","Costa Rica",2021,5.1,"Actual","DBD",17
"America","Costa Rica",2021,5.1,"Actual","DCD",0
"America","Costa Rica",2021,5.1,"Utilized","DBD",16
"America","Costa Rica",2021,5.1,"Utilized","DCD",0
"America","Dominican Republic",2021,11,"Actual","DBD",9
"America","Dominican Republic",2021,11,"Actual","DCD",0
"America","Dominican Republic",2021,11,"Utilized","DBD",8
"America","Dominican Republic",2021,11,"Utilized","DCD",0
"America","El Salvador",2021,6.5,"Actual","DBD",0
"America","El Salvador",2021,6.5,"Actual","DCD",0
"America","El Salvador",2021,6.5,"Utilized","DBD",0
"America","El Salvador",2021,6.5,"Utilized","DCD",0
"America","Honduras",2021,10.1,"Actual","DBD",0
"America","Honduras",2021,10.1,"Actual","DCD",0
"America","Honduras",2021,10.1,"Utilized","DBD",0
"America","Honduras",2021,10.1,"Utilized","DCD",0
"America","Mexico",2021,130.3,"Actual","DBD",260
"America","Mexico",2021,130.3,"Actual","DCD",0
"America","Mexico",2021,130.3,"Utilized","DBD",257
"America","Mexico",2021,130.3,"Utilized","DCD",0
"America","Paraguay",2021,7.2,"Actual","DBD",15
"America","Paraguay",2021,7.2,"Actual","DCD",0
"America","Paraguay",2021,7.2,"Utilized","DBD",15
"America","Paraguay",2021,7.2,"Utilized","DCD",0
"America","Uruguay",2021,3.5,"Actual","DBD",43
"America","Uruguay",2021,3.5,"Actual","DCD",0
"America","Uruguay",2021,3.5,"Utilized","DBD",42
"America","Uruguay",2021,3.5,"Utilized","DCD",0
"Europe","Armenia",2021,3,"Actual","DBD",0
"Europe","Armenia",2021,3,"Actual","DCD",0
"Europe","Armenia",2021,3,"Utilized","DBD",0
"Europe","Armenia",2021,3,"Utilized","DCD",0
"Europe","Belarus",2021,9.4,"Actual","DBD",218
"Europe","Belarus",2021,9.4,"Actual","DCD",0
"Europe","Belarus",2021,9.4,"Utilized","DBD",211
"Europe","Belarus",2021,9.4,"Utilized","DCD",0
"Eastern Mediterranean","Oman",2021,5.2,"Actual","DBD",0
"Eastern Mediterranean","Oman",2021,5.2,"Actual","DCD",0
"Eastern Mediterranean","Oman",2021,5.2,"Utilized","DBD",0
"Eastern Mediterranean","Oman",2021,5.2,"Utilized","DCD",0
"Eastern Mediterranean","Qatar",2021,2.9,"Actual","DBD",11
"Eastern Mediterranean","Qatar",2021,2.9,"Actual","DCD",0
"Eastern Mediterranean","Qatar",2021,2.9,"Utilized","DBD",11
"Eastern Mediterranean","Qatar",2021,2.9,"Utilized","DCD",0
"America","Trinidad and Tobago",2021,1.4,"Actual","DBD",0
"America","Trinidad and Tobago",2021,1.4,"Actual","DCD",0
"America","Trinidad and Tobago",2021,1.4,"Utilized","DBD",0
"America","Trinidad and Tobago",2021,1.4,"Utilized","DCD",0
"Europe","Georgia",2021,4,"Actual","DBD",0
"Europe","Georgia",2021,4,"Actual","DCD",0
"Europe","Georgia",2021,4,"Utilized","DBD",0
"Europe","Georgia",2021,4,"Utilized","DCD",0
"Europe","Iceland",2021,0.3,"Actual","DBD",11
"Europe","Iceland",2021,0.3,"Actual","DCD",0
"Europe","Iceland",2021,0.3,"Utilized","DBD",11
"Europe","Iceland",2021,0.3,"Utilized","DCD",0
"Europe","Israel",2021,8.8,"Actual","DBD",89
"Europe","Israel",2021,8.8,"Actual","DCD",3
"Europe","Israel",2021,8.8,"Utilized","DBD",88
"Europe","Israel",2021,8.8,"Utilized","DCD",3
"Europe","Republic of Moldova",2021,4,"Actual","DBD",0
"Europe","Republic of Moldova",2021,4,"Actual","DCD",0
"Europe","Republic of Moldova",2021,4,"Utilized","DBD",0
"Europe","Republic of Moldova",2021,4,"Utilized","DCD",0
"Western Pacific","China",2021,1452.5,"Actual","DBD",3285
"Western Pacific","China",2021,1452.5,"Actual","DCD",1987
"Western Pacific","China",2021,1452.5,"Utilized","DBD",3268
"Western Pacific","China",2021,1452.5,"Utilized","DCD",1975
"Eastern Mediterranean","Saudi Arabia",2021,35.3,"Actual","DBD",102
"Eastern Mediterranean","Saudi Arabia",2021,35.3,"Actual","DCD",0
"Eastern Mediterranean","Saudi Arabia",2021,35.3,"Utilized","DBD",102
"Eastern Mediterranean","Saudi Arabia",2021,35.3,"Utilized","DCD",0
"Eastern Mediterranean","Syrian Arab Republic",2021,18.3,"Actual","DBD",0
"Eastern Mediterranean","Syrian Arab Republic",2021,18.3,"Actual","DCD",0
"Eastern Mediterranean","Syrian Arab Republic",2021,18.3,"Utilized","DBD",0
"Eastern Mediterranean","Syrian Arab Republic",2021,18.3,"Utilized","DCD",0
"South-East Asia","Thailand",2021,70,"Actual","DBD",190
"South-East Asia","Thailand",2021,70,"Actual","DCD",0
"South-East Asia","Thailand",2021,70,"Utilized","DBD",184
"South-East Asia","Thailand",2021,70,"Utilized","DCD",0
"Eastern Mediterranean","United Arab Emirates",2021,10,"Actual","DBD",39
"Eastern Mediterranean","United Arab Emirates",2021,10,"Actual","DCD",0
"Eastern Mediterranean","United Arab Emirates",2021,10,"Utilized","DBD",39
"Eastern Mediterranean","United Arab Emirates",2021,10,"Utilized","DCD",0
"Europe","Norway",2021,5.5,"Actual","DBD",96
"Europe","Norway",2021,5.5,"Actual","DCD",0
"Europe","Norway",2021,5.5,"Utilized","DBD",95
"Europe","Norway",2021,5.5,"Utilized","DCD",0
"Europe","Serbia",2021,8.7,"Actual","DBD",3
"Europe","Serbia",2021,8.7,"Actual","DCD",0
"Europe","Serbia",2021,8.7,"Utilized","DBD",3
"Europe","Serbia",2021,8.7,"Utilized","DCD",0
"Europe","Switzerland",2021,8.7,"Actual","DBD",109
"Europe","Switzerland",2021,8.7,"Actual","DCD",57
"Europe","Switzerland",2021,8.7,"Utilized","DBD",108
"Europe","Switzerland",2021,8.7,"Utilized","DCD",53
"America","United States of America",2021,332.9,"Actual","DBD",9673
"America","United States of America",2021,332.9,"Actual","DCD",4190
"America","United States of America",2021,332.9,"Utilized","DBD",9108
"America","United States of America",2021,332.9,"Utilized","DCD",3294
"America","Argentina",2021,45.6,"Actual","DBD",630
"America","Argentina",2021,45.6,"Actual","DCD",1
"America","Argentina",2021,45.6,"Utilized","DBD",571
"America","Argentina",2021,45.6,"Utilized","DCD",1
"America","Brazil",2021,214,"Actual","DBD",2937
"America","Brazil",2021,214,"Actual","DCD",0
"America","Brazil",2021,214,"Utilized","DBD",2616
"America","Brazil",2021,214,"Utilized","DCD",0
"Europe","Germany",2021,83.9,"Actual","DBD",933
"Europe","Germany",2021,83.9,"Actual","DCD",0
"Europe","Germany",2021,83.9,"Utilized","DBD",900
"Europe","Germany",2021,83.9,"Utilized","DCD",0
"Europe","Austria",2021,9,"Actual","DBD",173
"Europe","Austria",2021,9,"Actual","DCD",9
"Europe","Austria",2021,9,"Utilized","DBD",162
"Europe","Austria",2021,9,"Utilized","DCD",6
"Europe","Belgium",2021,11.6,"Actual","DBD",177
"Europe","Belgium",2021,11.6,"Actual","DCD",135
"Europe","Belgium",2021,11.6,"Utilized","DBD",159
"Europe","Belgium",2021,11.6,"Utilized","DCD",121
"Europe","Bulgaria",2021,6.9,"Actual","DBD",17
"Europe","Bulgaria",2021,6.9,"Actual","DCD",0
"Europe","Bulgaria",2021,6.9,"Utilized","DBD",14
"Europe","Bulgaria",2021,6.9,"Utilized","DCD",0
"Europe","Cyprus",2021,1.2,"Actual","DBD",5
"Europe","Cyprus",2021,1.2,"Actual","DCD",0
"Europe","Cyprus",2021,1.2,"Utilized","DBD",5
"Europe","Cyprus",2021,1.2,"Utilized","DCD",0
"Europe","Estonia",2021,1.3,"Actual","DBD",21
"Europe","Estonia",2021,1.3,"Actual","DCD",0
"Europe","Estonia",2021,1.3,"Utilized","DBD",21
"Europe","Estonia",2021,1.3,"Utilized","DCD",0
"Europe","Finland",2021,5.5,"Actual","DBD",118
"Europe","Finland",2021,5.5,"Actual","DCD",4
"Europe","Finland",2021,5.5,"Utilized","DBD",115
"Europe","Finland",2021,5.5,"Utilized","DCD",4
"Europe","France",2021,65.4,"Actual","DBD",1392
"Europe","France",2021,65.4,"Actual","DCD",222
"Europe","France",2021,65.4,"Utilized","DBD",1373
"Europe","France",2021,65.4,"Utilized","DCD",216
"Europe","Greece",2021,10.4,"Actual","DBD",52
"Europe","Greece",2021,10.4,"Actual","DCD",0
"Europe","Greece",2021,10.4,"Utilized","DBD",45
"Europe","Greece",2021,10.4,"Utilized","DCD",0
"Europe","Hungary",2021,9.6,"Actual","DBD",102
"Europe","Hungary",2021,9.6,"Actual","DCD",0
"Europe","Hungary",2021,9.6,"Utilized","DBD",101
"Europe","Hungary",2021,9.6,"Utilized","DCD",0
"Europe","Ireland",2021,5,"Actual","DBD",57
"Europe","Ireland",2021,5,"Actual","DCD",8
"Europe","Ireland",2021,5,"Utilized","DBD",54
"Europe","Ireland",2021,5,"Utilized","DCD",8
"Europe","Latvia",2021,1.9,"Actual","DBD",17
"Europe","Latvia",2021,1.9,"Actual","DCD",0
"Europe","Latvia",2021,1.9,"Utilized","DBD",16
"Europe","Latvia",2021,1.9,"Utilized","DCD",0
"Europe","Lithuania",2021,2.7,"Actual","DBD",47
"Europe","Lithuania",2021,2.7,"Actual","DCD",4
"Europe","Lithuania",2021,2.7,"Utilized","DBD",47
"Europe","Lithuania",2021,2.7,"Utilized","DCD",4
"Europe","Luxembourg",2021,0.6,"Actual","DBD",2
"Europe","Luxembourg",2021,0.6,"Actual","DCD",0
"Europe","Luxembourg",2021,0.6,"Utilized","DBD",2
"Europe","Luxembourg",2021,0.6,"Utilized","DCD",0
"Europe","Malta",2021,0.4,"Actual","DBD",3
"Europe","Malta",2021,0.4,"Actual","DCD",0
"Europe","Malta",2021,0.4,"Utilized","DBD",3
"Europe","Malta",2021,0.4,"Utilized","DCD",0
"Europe","Poland",2021,37.8,"Actual","DBD",396
"Europe","Poland",2021,37.8,"Actual","DCD",0
"Europe","Poland",2021,37.8,"Utilized","DBD",386
"Europe","Poland",2021,37.8,"Utilized","DCD",0
"Europe","Portugal",2021,10.2,"Actual","DBD",285
"Europe","Portugal",2021,10.2,"Actual","DCD",17
"Europe","Portugal",2021,10.2,"Utilized","DBD",274
"Europe","Portugal",2021,10.2,"Utilized","DCD",14
"Europe","Netherlands",2021,17.2,"Actual","DBD",99
"Europe","Netherlands",2021,17.2,"Actual","DCD",174
"Europe","Netherlands",2021,17.2,"Utilized","DBD",99
"Europe","Netherlands",2021,17.2,"Utilized","DCD",172
"Europe","Romania",2021,19.1,"Actual","DBD",47
"Europe","Romania",2021,19.1,"Actual","DCD",0
"Europe","Romania",2021,19.1,"Utilized","DBD",47
"Europe","Romania",2021,19.1,"Utilized","DCD",0
"Europe","Sweden",2021,10.2,"Actual","DBD",170
"Europe","Sweden",2021,10.2,"Actual","DCD",27
"Europe","Sweden",2021,10.2,"Utilized","DBD",165
"Europe","Sweden",2021,10.2,"Utilized","DCD",27
"Europe","United Kingdom",2021,68.2,"Actual","DBD",786
"Europe","United Kingdom",2021,68.2,"Actual","DCD",564
"Europe","United Kingdom",2021,68.2,"Utilized","DBD",756
"Europe","United Kingdom",2021,68.2,"Utilized","DCD",511
"Europe","Croatia",2021,4.1,"Actual","DBD",121
"Europe","Croatia",2021,4.1,"Actual","DCD",0
"Europe","Croatia",2021,4.1,"Utilized","DBD",112
"Europe","Croatia",2021,4.1,"Utilized","DCD",0
"Europe","Czech Republic",2021,10.7,"Actual","DBD",255
"Europe","Czech Republic",2021,10.7,"Actual","DCD",13
"Europe","Czech Republic",2021,10.7,"Utilized","DBD",232
"Europe","Czech Republic",2021,10.7,"Utilized","DCD",10
"Europe","Denmark",2021,5.8,"Actual","DBD",105
"Europe","Denmark",2021,5.8,"Actual","DCD",0
"Europe","Denmark",2021,5.8,"Utilized","DBD",101
"Europe","Denmark",2021,5.8,"Utilized","DCD",0
"Europe","Slovakia",2021,5.5,"Actual","DBD",60
"Europe","Slovakia",2021,5.5,"Actual","DCD",0
"Europe","Slovakia",2021,5.5,"Utilized","DBD",55
"Europe","Slovakia",2021,5.5,"Utilized","DCD",0
"Europe","Slovenia",2021,2.1,"Actual","DBD",41
"Europe","Slovenia",2021,2.1,"Actual","DCD",0
"Europe","Slovenia",2021,2.1,"Utilized","DBD",39
"Europe","Slovenia",2021,2.1,"Utilized","DCD",0
"Europe","Spain",2021,46.7,"Actual","DBD",1243
"Europe","Spain",2021,46.7,"Actual","DCD",662
"Europe","Spain",2021,46.7,"Utilized","DBD",1108
"Europe","Spain",2021,46.7,"Utilized","DCD",582
"Western Pacific","Japan",2021,126.1,"Actual","DBD",66
"Western Pacific","Japan",2021,126.1,"Actual","DCD",12
"Western Pacific","Japan",2021,126.1,"Utilized","DBD",64
"Western Pacific","Japan",2021,126.1,"Utilized","DCD",12
"Europe","Italy",2021,60.4,"Actual","DBD",1365
"Europe","Italy",2021,60.4,"Actual","DCD",93
"Europe","Italy",2021,60.4,"Utilized","DBD",1307
"Europe","Italy",2021,60.4,"Utilized","DCD",80
"Western Pacific","Australia",2021,25.8,"Actual","DBD",297
"Western Pacific","Australia",2021,25.8,"Actual","DCD",124
"Western Pacific","Australia",2021,25.8,"Utilized","DBD",290
"Western Pacific","Australia",2021,25.8,"Utilized","DCD",112
"Europe","Bosnia and Herzegovina",2021,3.3,"Actual","DBD",1
"Europe","Bosnia and Herzegovina",2021,3.3,"Actual","DCD",0
"Europe","Bosnia and Herzegovina",2021,3.3,"Utilized","DBD",1
"Europe","Bosnia and Herzegovina",2021,3.3,"Utilized","DCD",0
"America","Canada",2021,38.1,"Actual","DBD",502
"America","Canada",2021,38.1,"Actual","DCD",232
"America","Canada",2021,38.1,"Utilized","DBD",502
"America","Canada",2021,38.1,"Utilized","DCD",232
"Western Pacific","New Zealand",2021,4.9,"Actual","DBD",60
"Western Pacific","New Zealand",2021,4.9,"Actual","DCD",6
"Western Pacific","New Zealand",2021,4.9,"Utilized","DBD",59
"Western Pacific","New Zealand",2021,4.9,"Utilized","DCD",4
"Europe","Türkiye",2021,85,"Actual","DBD",305
"Europe","Türkiye",2021,85,"Actual","DCD",0
"Europe","Türkiye",2021,85,"Utilized","DBD",165
"America","Bolivia (Plurinational State of)",2021,11.8,"Actual","DBD",0
"America","Bolivia (Plurinational State of)",2021,11.8,"Actual","DCD",0
"America","Bolivia (Plurinational State of)",2021,11.8,"Utilized","DBD",0
"America","Bolivia (Plurinational State of)",2021,11.8,"Utilized","DCD",0
"Eastern Mediterranean","Pakistan",2021,225.2,"Actual","DBD",0
"Eastern Mediterranean","Pakistan",2021,225.2,"Actual","DCD",0
"Eastern Mediterranean","Pakistan",2021,225.2,"Utilized","DBD",0
"Eastern Mediterranean","Pakistan",2021,225.2,"Utilized","DCD",0
"Eastern Mediterranean","Iran (Islamic Republic of)",2021,85,"Actual","DBD",979
"Eastern Mediterranean","Iran (Islamic Republic of)",2021,85,"Actual","DCD",0
"Eastern Mediterranean","Iran (Islamic Republic of)",2021,85,"Utilized","DBD",925
"Eastern Mediterranean","Iran (Islamic Republic of)",2021,85,"Utilized","DCD",0
"America","Colombia",2021,51.3,"Actual","DBD",268
"America","Colombia",2021,51.3,"Actual","DCD",0
"America","Colombia",2021,51.3,"Utilized","DBD",262
"America","Colombia",2021,51.3,"Utilized","DCD",0
"Eastern Mediterranean","Sudan",2021,44.9,"Actual","DBD",0
"Eastern Mediterranean","Sudan",2021,44.9,"Actual","DCD",0
"Eastern Mediterranean","Sudan",2021,44.9,"Utilized","DBD",0
"Eastern Mediterranean","Sudan",2021,44.9,"Utilized","DCD",0
"America","Cuba",2021,11.3,"Actual","DBD",0
"America","Cuba",2021,11.3,"Actual","DCD",0
"America","Cuba",2021,11.3,"Utilized","DBD",0
"America","Cuba",2021,11.3,"Utilized","DCD",0
"Europe","Kazakhstan",2021,19,"Actual","DBD",4
"Europe","Kazakhstan",2021,19,"Actual","DCD",0
"Europe","Kazakhstan",2021,19,"Utilized","DBD",4
"Europe","Kazakhstan",2021,19,"Utilized","DCD",0
"America","Ecuador",2021,17.9,"Actual","DBD",47
"America","Ecuador",2021,17.9,"Actual","DCD",0
"America","Ecuador",2021,17.9,"Utilized","DBD",47
"America","Ecuador",2021,17.9,"Utilized","DCD",0
"America","Panama",2021,4.4,"Actual","DBD",0
"America","Panama",2021,4.4,"Actual","DCD",0
"America","Panama",2021,4.4,"Utilized","DBD",0
"America","Panama",2021,4.4,"Utilized","DCD",0
"America","Guatemala",2021,18.2,"Actual","DBD",1
"America","Guatemala",2021,18.2,"Actual","DCD",0
"America","Guatemala",2021,18.2,"Utilized","DBD",1
"America","Guatemala",2021,18.2,"Utilized","DCD",0
"Africa","Ethiopia",2021,117.9,"Actual","DBD",0
"Africa","Ethiopia",2021,117.9,"Actual","DCD",0
"Africa","Ethiopia",2021,117.9,"Utilized","DBD",0
"Africa","Ethiopia",2021,117.9,"Utilized","DCD",0
"South-East Asia","India",2021,1393.4,"Actual","DBD",552
"South-East Asia","India",2021,1393.4,"Actual","DCD",0
"South-East Asia","India",2021,1393.4,"Utilized","DBD",541
"South-East Asia","India",2021,1393.4,"Utilized","DCD",0
"America","Peru",2021,33.4,"Actual","DBD",23
"America","Peru",2021,33.4,"Actual","DCD",0
"America","Peru",2021,33.4,"Utilized","DBD",21
"America","Peru",2021,33.4,"Utilized","DCD",0
"Western Pacific","Singapore",2021,5.9,"Actual","DBD",13
"Western Pacific","Singapore",2021,5.9,"Actual","DCD",2
"Western Pacific","Singapore",2021,5.9,"Utilized","DBD",13
"Western Pacific","Singapore",2021,5.9,"Utilized","DCD",2
"America","Jamaica",2021,3,"Actual","DBD",0
"America","Jamaica",2021,3,"Actual","DCD",0
"America","Jamaica",2021,3,"Utilized","DBD",0
"America","Jamaica",2021,3,"Utilized","DCD",0
"Eastern Mediterranean","State of Libya",2021,7,"Actual","DBD",0
"Eastern Mediterranean","State of Libya",2021,7,"Actual","DCD",0
"Eastern Mediterranean","State of Libya",2021,7,"Utilized","DBD",0
"Eastern Mediterranean","State of Libya",2021,7,"Utilized","DCD",0
"Western Pacific","Philippines",2021,111,"Actual","DBD",3
"Western Pacific","Philippines",2021,111,"Actual","DCD",0
"Western Pacific","Philippines",2021,111,"Utilized","DBD",3
"Western Pacific","Philippines",2021,111,"Utilized","DCD",0
"Eastern Mediterranean","Jordan",2021,10.3,"Actual","DBD",2
"Eastern Mediterranean","Jordan",2021,10.3,"Actual","DCD",0
"Eastern Mediterranean","Jordan",2021,10.3,"Utilized","DBD",2
"Eastern Mediterranean","Jordan",2021,10.3,"Utilized","DCD",0
"South-East Asia","Sri Lanka",2021,21.5,"Actual","DBD",34
"South-East Asia","Sri Lanka",2021,21.5,"Actual","DCD",0
"South-East Asia","Sri Lanka",2021,21.5,"Utilized","DBD",34
"South-East Asia","Sri Lanka",2021,21.5,"Utilized","DCD",0
"Eastern Mediterranean","Morocco",2021,37.3,"Actual","DBD",0
"Eastern Mediterranean","Morocco",2021,37.3,"Actual","DCD",0
"Eastern Mediterranean","Morocco",2021,37.3,"Utilized","DBD",0
"Eastern Mediterranean","Morocco",2021,37.3,"Utilized","DCD",0
"Africa","Nigeria",2021,211.4,"Actual","DBD",0
"Africa","Nigeria",2021,211.4,"Actual","DCD",0
"Africa","Nigeria",2021,211.4,"Utilized","DBD",0
"Africa","Nigeria",2021,211.4,"Utilized","DCD",0
"Western Pacific","Republic of Korea",2021,51.3,"Actual","DBD",442
"Western Pacific","Republic of Korea",2021,51.3,"Actual","DCD",0
"Western Pacific","Republic of Korea",2021,51.3,"Utilized","DBD",442
"Western Pacific","Republic of Korea",2021,51.3,"Utilized","DCD",0
"Eastern Mediterranean","Qatar",2022,3,"Actual","DBD",10
"Eastern Mediterranean","Qatar",2022,3,"Actual","DCD",0
"Eastern Mediterranean","Qatar",2022,3,"Utilized","DBD",10
"Eastern Mediterranean","Qatar",2022,3,"Utilized","DCD",0
"South-East Asia","Thailand",2022,70.1,"Actual","DBD",303
"South-East Asia","Thailand",2022,70.1,"Actual","DCD",0
"South-East Asia","Thailand",2022,70.1,"Utilized","DBD",291
"South-East Asia","Thailand",2022,70.1,"Utilized","DCD",0
"Eastern Mediterranean","Oman",2022,5.3,"Actual","DBD",1
"Eastern Mediterranean","Oman",2022,5.3,"Actual","DCD",0
"Eastern Mediterranean","Oman",2022,5.3,"Utilized","DBD",1
"Eastern Mediterranean","Oman",2022,5.3,"Utilized","DCD",0
"Europe","Albania",2022,2.9,"Actual","DBD",0
"Europe","Albania",2022,2.9,"Actual","DCD",0
"Europe","Albania",2022,2.9,"Utilized","DBD",0
"Europe","Albania",2022,2.9,"Utilized","DCD",0
"America","Jamaica",2022,3,"Actual","DBD",0
"America","Jamaica",2022,3,"Actual","DCD",0
"America","Jamaica",2022,3,"Utilized","DBD",0
"America","Jamaica",2022,3,"Utilized","DCD",0
"Western Pacific","Japan",2022,125.6,"Actual","DBD",93
"Western Pacific","Japan",2022,125.6,"Actual","DCD",15
"Western Pacific","Japan",2022,125.6,"Utilized","DBD",93
"Western Pacific","Japan",2022,125.6,"Utilized","DCD",15
"Western Pacific","Mongolia",2022,3.4,"Actual","DBD",3
"Western Pacific","Mongolia",2022,3.4,"Actual","DCD",0
"Western Pacific","Mongolia",2022,3.4,"Utilized","DBD",2
"Western Pacific","Mongolia",2022,3.4,"Utilized","DCD",0
"Eastern Mediterranean","Saudi Arabia",2022,35.8,"Actual","DBD",118
"Eastern Mediterranean","Saudi Arabia",2022,35.8,"Actual","DCD",0
"Eastern Mediterranean","Saudi Arabia",2022,35.8,"Utilized","DBD",112
"Eastern Mediterranean","Saudi Arabia",2022,35.8,"Utilized","DCD",0
"Eastern Mediterranean","Syrian Arab Republic",2022,19.4,"Actual","DBD",0
"Eastern Mediterranean","Syrian Arab Republic",2022,19.4,"Actual","DCD",0
"Eastern Mediterranean","Syrian Arab Republic",2022,19.4,"Utilized","DBD",0
"Eastern Mediterranean","Syrian Arab Republic",2022,19.4,"Utilized","DCD",0
"South-East Asia","Bangladesh",2022,167.9,"Actual","DBD",0
"South-East Asia","Bangladesh",2022,167.9,"Actual","DCD",0
"South-East Asia","Bangladesh",2022,167.9,"Utilized","DBD",0
"South-East Asia","Bangladesh",2022,167.9,"Utilized","DCD",0
"Africa","Ethiopia",2022,120.8,"Actual","DBD",0
"Africa","Ethiopia",2022,120.8,"Actual","DCD",0
"Africa","Ethiopia",2022,120.8,"Utilized","DBD",0
"Africa","Ethiopia",2022,120.8,"Utilized","DCD",0
"Europe","Kazakhstan",2022,19.2,"Actual","DBD",4
"Europe","Kazakhstan",2022,19.2,"Actual","DCD",0
"Europe","Kazakhstan",2022,19.2,"Utilized","DBD",4
"Europe","Kazakhstan",2022,19.2,"Utilized","DCD",0
"Western Pacific","China",2022,1456.8,"Actual","DBD",3756
"Western Pacific","China",2022,1456.8,"Actual","DCD",1872
"Western Pacific","China",2022,1456.8,"Utilized","DBD",3738
"Western Pacific","China",2022,1456.8,"Utilized","DCD",1856
"Eastern Mediterranean","Kuwait",2022,4.4,"Actual","DBD",32
"Eastern Mediterranean","Kuwait",2022,4.4,"Actual","DCD",0
"Eastern Mediterranean","Kuwait",2022,4.4,"Utilized","DBD",30
"Eastern Mediterranean","Kuwait",2022,4.4,"Utilized","DCD",0
"Africa","Kenya",2022,56.2,"Actual","DBD",0
"Africa","Kenya",2022,56.2,"Actual","DCD",0
"Africa","Kenya",2022,56.2,"Utilized","DBD",0
"Africa","Kenya",2022,56.2,"Utilized","DCD",0
"Europe","Germany",2022,83.9,"Actual","DBD",869
"Europe","Germany",2022,83.9,"Actual","DCD",0
"Europe","Germany",2022,83.9,"Utilized","DBD",842
"Europe","Germany",2022,83.9,"Utilized","DCD",0
"Europe","Belgium",2022,11.7,"Actual","DBD",191
"Europe","Belgium",2022,11.7,"Actual","DCD",151
"Europe","Belgium",2022,11.7,"Utilized","DBD",191
"Europe","Belgium",2022,11.7,"Utilized","DCD",151
"Europe","Bulgaria",2022,6.8,"Actual","DBD",14
"Europe","Bulgaria",2022,6.8,"Actual","DCD",0
"Europe","Bulgaria",2022,6.8,"Utilized","DBD",14
"Europe","Bulgaria",2022,6.8,"Utilized","DCD",0
"Europe","Cyprus",2022,1.2,"Actual","DBD",4
"Europe","Cyprus",2022,1.2,"Actual","DCD",0
"Europe","Cyprus",2022,1.2,"Utilized","DBD",4
"Europe","Cyprus",2022,1.2,"Utilized","DCD",0
"Europe","Croatia",2022,4.1,"Actual","DBD",95
"Europe","Croatia",2022,4.1,"Actual","DCD",0
"Europe","Croatia",2022,4.1,"Utilized","DBD",91
"Europe","Croatia",2022,4.1,"Utilized","DCD",0
"Europe","Denmark",2022,5.8,"Actual","DBD",84
"Europe","Denmark",2022,5.8,"Actual","DCD",0
"Europe","Denmark",2022,5.8,"Utilized","DBD",82
"Europe","Denmark",2022,5.8,"Utilized","DCD",0
"Europe","Estonia",2022,1.3,"Actual","DBD",25
"Europe","Estonia",2022,1.3,"Actual","DCD",0
"Europe","Estonia",2022,1.3,"Utilized","DBD",25
"Europe","Estonia",2022,1.3,"Utilized","DCD",0
"Europe","Finland",2022,5.6,"Actual","DBD",104
"Europe","Finland",2022,5.6,"Actual","DCD",10
"Europe","Finland",2022,5.6,"Utilized","DBD",103
"Europe","Finland",2022,5.6,"Utilized","DCD",10
"Europe","France",2022,65.6,"Actual","DBD",1459
"Europe","France",2022,65.6,"Actual","DCD",235
"Europe","France",2022,65.6,"Utilized","DBD",1428
"Europe","France",2022,65.6,"Utilized","DCD",232
"Europe","Hungary",2022,9.6,"Actual","DBD",122
"Europe","Hungary",2022,9.6,"Actual","DCD",0
"Europe","Hungary",2022,9.6,"Utilized","DBD",119
"Europe","Hungary",2022,9.6,"Utilized","DCD",0
"Europe","Ireland",2022,5,"Actual","DBD",73
"Europe","Ireland",2022,5,"Actual","DCD",13
"Europe","Ireland",2022,5,"Utilized","DBD",69
"Europe","Ireland",2022,5,"Utilized","DCD",13
"Europe","Italy",2022,60.3,"Actual","DBD",1366
"Europe","Italy",2022,60.3,"Actual","DCD",143
"Europe","Italy",2022,60.3,"Utilized","DBD",1326
"Europe","Italy",2022,60.3,"Utilized","DCD",131
"Europe","Luxembourg",2022,0.6,"Actual","DBD",8
"Europe","Luxembourg",2022,0.6,"Actual","DCD",0
"Europe","Luxembourg",2022,0.6,"Utilized","DBD",8
"Europe","Luxembourg",2022,0.6,"Utilized","DCD",0
"Europe","Netherlands",2022,17.2,"Actual","DBD",120
"Europe","Netherlands",2022,17.2,"Actual","DCD",173
"Europe","Netherlands",2022,17.2,"Utilized","DBD",120
"Europe","Netherlands",2022,17.2,"Utilized","DCD",165
"Europe","Poland",2022,37.7,"Actual","DBD",445
"Europe","Poland",2022,37.7,"Actual","DCD",0
"Europe","Poland",2022,37.7,"Utilized","DBD",436
"Europe","Poland",2022,37.7,"Utilized","DCD",0
"Europe","Czech Republic",2022,10.7,"Actual","DBD",277
"Europe","Czech Republic",2022,10.7,"Actual","DCD",21
"Europe","Czech Republic",2022,10.7,"Utilized","DBD",246
"Europe","Czech Republic",2022,10.7,"Utilized","DCD",20
"Europe","Slovenia",2022,2.1,"Actual","DBD",54
"Europe","Slovenia",2022,2.1,"Actual","DCD",0
"Europe","Slovenia",2022,2.1,"Utilized","DBD",49
"Europe","Slovenia",2022,2.1,"Utilized","DCD",0
"Europe","Spain",2022,46.7,"Actual","DBD",1283
"Europe","Spain",2022,46.7,"Actual","DCD",913
"Europe","Spain",2022,46.7,"Utilized","DBD",1139
"Europe","Spain",2022,46.7,"Utilized","DCD",810
"Europe","Sweden",2022,10.2,"Actual","DBD",166
"Europe","Sweden",2022,10.2,"Actual","DCD",47
"Europe","Sweden",2022,10.2,"Utilized","DBD",159
"Europe","Sweden",2022,10.2,"Utilized","DCD",47
"Europe","Austria",2022,9.1,"Actual","DBD",203
"Europe","Austria",2022,9.1,"Actual","DCD",19
"Europe","Austria",2022,9.1,"Utilized","DBD",184
"Europe","Austria",2022,9.1,"Utilized","DCD",14
"Europe","Georgia",2022,4,"Actual","DBD",0
"Europe","Georgia",2022,4,"Actual","DCD",0
"Europe","Georgia",2022,4,"Utilized","DBD",0
"Europe","Georgia",2022,4,"Utilized","DCD",0
"Europe","Iceland",2022,0.3,"Actual","DBD",10
"Europe","Iceland",2022,0.3,"Actual","DCD",0
"Europe","Iceland",2022,0.3,"Utilized","DBD",10
"Europe","Iceland",2022,0.3,"Utilized","DCD",0
"Europe","Republic of Moldova",2022,4,"Actual","DBD",3
"Europe","Republic of Moldova",2022,4,"Actual","DCD",0
"Europe","Republic of Moldova",2022,4,"Utilized","DBD",3
"Europe","Republic of Moldova",2022,4,"Utilized","DCD",0
"Europe","Norway",2022,5.5,"Actual","DBD",104
"Europe","Norway",2022,5.5,"Actual","DCD",7
"Europe","Norway",2022,5.5,"Utilized","DBD",103
"Europe","Norway",2022,5.5,"Utilized","DCD",6
"Europe","Serbia",2022,8.7,"Actual","DBD",2
"Europe","Serbia",2022,8.7,"Actual","DCD",0
"Europe","Serbia",2022,8.7,"Utilized","DBD",2
"Europe","Serbia",2022,8.7,"Utilized","DCD",0
"Europe","United Kingdom",2022,68.5,"Actual","DBD",767
"Europe","United Kingdom",2022,68.5,"Actual","DCD",646
"Europe","United Kingdom",2022,68.5,"Utilized","DBD",745
"Europe","United Kingdom",2022,68.5,"Utilized","DCD",600
"Europe","Armenia",2022,3,"Actual","DBD",0
"Europe","Armenia",2022,3,"Actual","DCD",0
"Europe","Armenia",2022,3,"Utilized","DBD",0
"Europe","Armenia",2022,3,"Utilized","DCD",0
"Eastern Mediterranean","Afghanistan",2022,40.8,"Actual","DBD",0
"Eastern Mediterranean","Afghanistan",2022,40.8,"Actual","DCD",0
"Eastern Mediterranean","Afghanistan",2022,40.8,"Utilized","DBD",0
"Eastern Mediterranean","Afghanistan",2022,40.8,"Utilized","DCD",0
"America","Brazil",2022,215.4,"Actual","DBD",3266
"America","Brazil",2022,215.4,"Actual","DCD",0
"America","Brazil",2022,215.4,"Utilized","DBD",2897
"America","Brazil",2022,215.4,"Utilized","DCD",0
"America","Chile",2022,19.3,"Actual","DBD",171
"America","Chile",2022,19.3,"Actual","DCD",0
"America","Chile",2022,19.3,"Utilized","DBD",163
"America","Chile",2022,19.3,"Utilized","DCD",0
"America","Costa Rica",2022,5.2,"Actual","DBD",27
"America","Costa Rica",2022,5.2,"Actual","DCD",0
"America","Costa Rica",2022,5.2,"Utilized","DBD",27
"America","Costa Rica",2022,5.2,"Utilized","DCD",0
"America","Dominican Republic",2022,11.1,"Actual","DBD",10
"America","Dominican Republic",2022,11.1,"Actual","DCD",0
"America","Dominican Republic",2022,11.1,"Utilized","DBD",10
"America","Dominican Republic",2022,11.1,"Utilized","DCD",0
"America","El Salvador",2022,6.6,"Actual","DBD",0
"America","El Salvador",2022,6.6,"Actual","DCD",0
"America","El Salvador",2022,6.6,"Utilized","DBD",0
"America","El Salvador",2022,6.6,"Utilized","DCD",0
"America","Ecuador",2022,18.1,"Actual","DBD",91
"America","Ecuador",2022,18.1,"Actual","DCD",0
"America","Ecuador",2022,18.1,"Utilized","DBD",85
"America","Ecuador",2022,18.1,"Utilized","DCD",0
"America","Mexico",2022,131.6,"Actual","DBD",398
"America","Mexico",2022,131.6,"Actual","DCD",0
"America","Mexico",2022,131.6,"Utilized","DBD",392
"America","Mexico",2022,131.6,"Utilized","DCD",0
"America","Panama",2022,4.4,"Actual","DBD",18
"America","Panama",2022,4.4,"Actual","DCD",0
"America","Panama",2022,4.4,"Utilized","DBD",18
"America","Panama",2022,4.4,"Utilized","DCD",0
"America","Paraguay",2022,7.3,"Actual","DBD",15
"America","Paraguay",2022,7.3,"Actual","DCD",0
"America","Paraguay",2022,7.3,"Utilized","DBD",15
"America","Paraguay",2022,7.3,"Utilized","DCD",0
"America","Colombia",2022,51.5,"Actual","DBD",332
"America","Colombia",2022,51.5,"Actual","DCD",0
"America","Colombia",2022,51.5,"Utilized","DBD",331
"America","Colombia",2022,51.5,"Utilized","DCD",0
"America","Uruguay",2022,3.5,"Actual","DBD",75
"America","Uruguay",2022,3.5,"Actual","DCD",0
"America","Uruguay",2022,3.5,"Utilized","DBD",73
"America","Uruguay",2022,3.5,"Utilized","DCD",0
"America","Argentina",2022,46,"Actual","DBD",760
"America","Argentina",2022,46,"Actual","DCD",7
"America","Argentina",2022,46,"Utilized","DBD",682
"America","Argentina",2022,46,"Utilized","DCD",7
"Europe","Romania",2022,19,"Actual","DBD",85
"Europe","Romania",2022,19,"Actual","DCD",0
"Europe","Romania",2022,19,"Utilized","DBD",85
"Europe","Romania",2022,19,"Utilized","DCD",0
"Europe","Israel",2022,8.9,"Actual","DBD",99
"Europe","Israel",2022,8.9,"Actual","DCD",3
"Europe","Israel",2022,8.9,"Utilized","DBD",98
"Europe","Israel",2022,8.9,"Utilized","DCD",1
"America","Barbados",2022,0.3,"Actual","DBD",0
"America","Barbados",2022,0.3,"Actual","DCD",0
"America","Barbados",2022,0.3,"Utilized","DBD",0
"America","Barbados",2022,0.3,"Utilized","DCD",0
"Eastern Mediterranean","State of Libya",2022,7,"Actual","DBD",0
"Eastern Mediterranean","State of Libya",2022,7,"Actual","DCD",0
"Eastern Mediterranean","State of Libya",2022,7,"Utilized","DBD",0
"Eastern Mediterranean","State of Libya",2022,7,"Utilized","DCD",0
"Africa","Nigeria",2022,216.7,"Actual","DBD",0
"Africa","Nigeria",2022,216.7,"Actual","DCD",0
"Africa","Nigeria",2022,216.7,"Utilized","DBD",0
"Africa","Nigeria",2022,216.7,"Utilized","DCD",0
"Eastern Mediterranean","Pakistan",2022,229.5,"Actual","DBD",0
"Eastern Mediterranean","Pakistan",2022,229.5,"Actual","DCD",0
"Eastern Mediterranean","Pakistan",2022,229.5,"Utilized","DBD",0
"Eastern Mediterranean","Pakistan",2022,229.5,"Utilized","DCD",0
"Western Pacific","Philippines",2022,112.5,"Actual","DBD",20
"Western Pacific","Philippines",2022,112.5,"Actual","DCD",0
"Western Pacific","Philippines",2022,112.5,"Utilized","DBD",20
"Western Pacific","Philippines",2022,112.5,"Utilized","DCD",0
"Western Pacific","Republic of Korea",2022,51.3,"Actual","DBD",405
"Western Pacific","Republic of Korea",2022,51.3,"Actual","DCD",0
"Western Pacific","Republic of Korea",2022,51.3,"Utilized","DBD",405
"Western Pacific","Republic of Korea",2022,51.3,"Utilized","DCD",0
"Eastern Mediterranean","Tunisia",2022,12,"Actual","DBD",19
"Eastern Mediterranean","Tunisia",2022,12,"Actual","DCD",0
"Eastern Mediterranean","Tunisia",2022,12,"Utilized","DBD",19
"Eastern Mediterranean","Tunisia",2022,12,"Utilized","DCD",0
"Europe","Greece",2022,10.3,"Actual","DBD",69
"Europe","Greece",2022,10.3,"Actual","DCD",0
"Europe","Greece",2022,10.3,"Utilized","DBD",66
"Europe","Greece",2022,10.3,"Utilized","DCD",0
"Europe","Latvia",2022,1.8,"Actual","DBD",24
"Europe","Latvia",2022,1.8,"Actual","DCD",0
"Europe","Latvia",2022,1.8,"Utilized","DBD",22
"Europe","Latvia",2022,1.8,"Utilized","DCD",0
"Europe","Lithuania",2022,2.7,"Actual","DBD",45
"Europe","Lithuania",2022,2.7,"Actual","DCD",1
"Europe","Lithuania",2022,2.7,"Utilized","DBD",44
"Europe","Lithuania",2022,2.7,"Utilized","DCD",1
"Europe","Malta",2022,0.4,"Actual","DBD",5
"Europe","Malta",2022,0.4,"Actual","DCD",0
"Europe","Malta",2022,0.4,"Utilized","DBD",5
"Europe","Malta",2022,0.4,"Utilized","DCD",0
"Europe","Portugal",2022,10.1,"Actual","DBD",290
"Europe","Portugal",2022,10.1,"Actual","DCD",28
"Europe","Portugal",2022,10.1,"Utilized","DBD",258
"Europe","Portugal",2022,10.1,"Utilized","DCD",19
"Europe","Slovakia",2022,5.5,"Actual","DBD",71
"Europe","Slovakia",2022,5.5,"Actual","DCD",0
"Europe","Slovakia",2022,5.5,"Utilized","DBD",69
"Europe","Slovakia",2022,5.5,"Utilized","DCD",0
"Western Pacific","Australia",2022,26.1,"Actual","DBD",337
"Western Pacific","Australia",2022,26.1,"Actual","DCD",117
"Western Pacific","Australia",2022,26.1,"Utilized","DBD",325
"Western Pacific","Australia",2022,26.1,"Utilized","DCD",108
"Europe","Belarus",2022,9.4,"Actual","DBD",241
"Europe","Belarus",2022,9.4,"Actual","DCD",0
"Europe","Belarus",2022,9.4,"Utilized","DBD",235
"Europe","Belarus",2022,9.4,"Utilized","DCD",0
"Europe","Bosnia and Herzegovina",2022,3.2,"Actual","DBD",0
"Europe","Bosnia and Herzegovina",2022,3.2,"Actual","DCD",0
"Europe","Bosnia and Herzegovina",2022,3.2,"Utilized","DBD",0
"Europe","Bosnia and Herzegovina",2022,3.2,"Utilized","DCD",0
"America","Canada",2022,38.4,"Utilized","DBD",561
"America","Canada",2022,38.4,"Utilized","DCD",262
"Western Pacific","New Zealand",2022,4.9,"Actual","DBD",53
"Western Pacific","New Zealand",2022,4.9,"Actual","DCD",10
"Western Pacific","New Zealand",2022,4.9,"Utilized","DBD",50
"Western Pacific","New Zealand",2022,4.9,"Utilized","DCD",9
"Europe","Switzerland",2022,8.8,"Actual","DBD",91
"Europe","Switzerland",2022,8.8,"Actual","DCD",73
"Europe","Switzerland",2022,8.8,"Utilized","DBD",89
"Europe","Switzerland",2022,8.8,"Utilized","DCD",68
"Europe","Türkiye",2022,85.6,"Actual","DBD",289
"Europe","Türkiye",2022,85.6,"Actual","DCD",0
"Europe","Türkiye",2022,85.6,"Utilized","DBD",176
"Europe","Türkiye",2022,85.6,"Utilized","DCD",0
"America","United States of America",2022,334.8,"Actual","DBD",10127
"America","United States of America",2022,334.8,"Actual","DCD",4778
"America","United States of America",2022,334.8,"Utilized","DBD",9499
"America","United States of America",2022,334.8,"Utilized","DCD",3605
"Europe","Republic of North Macedonia",2022,2.1,"Actual","DBD",5
"Europe","Republic of North Macedonia",2022,2.1,"Actual","DCD",0
"Europe","Republic of North Macedonia",2022,2.1,"Utilized","DBD",5
"Europe","Republic of North Macedonia",2022,2.1,"Utilized","DCD",0
"America","Bolivia (Plurinational State of)",2022,12,"Actual","DBD",0
"America","Bolivia (Plurinational State of)",2022,12,"Actual","DCD",0
"America","Bolivia (Plurinational State of)",2022,12,"Utilized","DBD",0
"America","Bolivia (Plurinational State of)",2022,12,"Utilized","DCD",0
"Eastern Mediterranean","Iran (Islamic Republic of)",2022,86,"Actual","DBD",1016
"Eastern Mediterranean","Iran (Islamic Republic of)",2022,86,"Actual","DCD",0
"Eastern Mediterranean","Iran (Islamic Republic of)",2022,86,"Utilized","DBD",1000
"Eastern Mediterranean","Iran (Islamic Republic of)",2022,86,"Utilized","DCD",0
"America","Cuba",2022,11.3,"Actual","DBD",5
"America","Cuba",2022,11.3,"Actual","DCD",0
"America","Cuba",2022,11.3,"Utilized","DBD",5
"America","Cuba",2022,11.3,"Utilized","DCD",0
"America","Honduras",2022,10.2,"Actual","DBD",0
"America","Honduras",2022,10.2,"Actual","DCD",0
"America","Honduras",2022,10.2,"Utilized","DBD",0
"America","Honduras",2022,10.2,"Utilized","DCD",0
"South-East Asia","India",2022,1406.6,"Actual","DBD",941
"South-East Asia","India",2022,1406.6,"Actual","DCD",0
"South-East Asia","India",2022,1406.6,"Utilized","DBD",920
"South-East Asia","India",2022,1406.6,"Utilized","DCD",0
"America","Peru",2022,33.7,"Actual","DBD",42
"America","Peru",2022,33.7,"Actual","DCD",0
"America","Peru",2022,33.7,"Utilized","DBD",41
"America","Peru",2022,33.7,"Utilized","DCD",0
"America","Guatemala",2022,18.6,"Actual","DBD",0
"America","Guatemala",2022,18.6,"Actual","DCD",0
"America","Guatemala",2022,18.6,"Utilized","DBD",0
"America","Guatemala",2022,18.6,"Utilized","DCD",0
"Eastern Mediterranean","United Arab Emirates",2022,10.1,"Actual","DBD",55
"Eastern Mediterranean","United Arab Emirates",2022,10.1,"Actual","DCD",0
"Eastern Mediterranean","United Arab Emirates",2022,10.1,"Utilized","DBD",55
"Eastern Mediterranean","United Arab Emirates",2022,10.1,"Utilized","DCD",0
"Western Pacific","Singapore",2022,5.9,"Actual","DBD",21
"Western Pacific","Singapore",2022,5.9,"Actual","DCD",0
"Western Pacific","Singapore",2022,5.9,"Utilized","DBD",21
"Western Pacific","Singapore",2022,5.9,"Utilized","DCD",0
"Eastern Mediterranean","Jordan",2022,10.3,"Actual","DBD",0
"Eastern Mediterranean","Jordan",2022,10.3,"Actual","DCD",0
"Eastern Mediterranean","Jordan",2022,10.3,"Utilized","DBD",0
"Eastern Mediterranean","Jordan",2022,10.3,"Utilized","DCD",0
"Europe","Azerbaijan",2022,10.3,"Actual","DBD",0
"Europe","Azerbaijan",2022,10.3,"Actual","DCD",0
"Europe","Azerbaijan",2022,10.3,"Utilized","DBD",0
"Europe","Azerbaijan",2022,10.3,"Utilized","DCD",0
"America","Trinidad and Tobago",2022,1.4,"Actual","DBD",1
"America","Trinidad and Tobago",2022,1.4,"Actual","DCD",0
"America","Trinidad and Tobago",2022,1.4,"Utilized","DBD",1
"America","Trinidad and Tobago",2022,1.4,"Utilized","DCD",0
"America","Venezuela (Bolivarian Republic of)",2022,29.3,"Actual","DBD",0
"America","Venezuela (Bolivarian Republic of)",2022,29.3,"Actual","DCD",0
"America","Venezuela (Bolivarian Republic of)",2022,29.3,"Utilized","DBD",0
"America","Venezuela (Bolivarian Republic of)",2022,29.3,"Utilized","DCD",0
"Eastern Mediterranean","Qatar",2023,2.7,"Actual","DBD",20
"Eastern Mediterranean","Qatar",2023,2.7,"Actual","DCD",0
"Eastern Mediterranean","Qatar",2023,2.7,"Utilized","DBD",18
"Eastern Mediterranean","Qatar",2023,2.7,"Utilized","DCD",0
"Western Pacific","Mongolia",2023,3.4,"Actual","DBD",2
"Western Pacific","Mongolia",2023,3.4,"Actual","DCD",0
"Western Pacific","Mongolia",2023,3.4,"Utilized","DBD",2
"Western Pacific","Mongolia",2023,3.4,"Utilized","DCD",0
"Eastern Mediterranean","Syrian Arab Republic",2023,23.2,"Actual","DBD",0
"Eastern Mediterranean","Syrian Arab Republic",2023,23.2,"Actual","DCD",0
"Eastern Mediterranean","Syrian Arab Republic",2023,23.2,"Utilized","DBD",0
"Eastern Mediterranean","Syrian Arab Republic",2023,23.2,"Utilized","DCD",0
"South-East Asia","Bangladesh",2023,173,"Actual","DBD",1
"South-East Asia","Bangladesh",2023,173,"Actual","DCD",0
"South-East Asia","Bangladesh",2023,173,"Utilized","DBD",1
"South-East Asia","Bangladesh",2023,173,"Utilized","DCD",0
"Eastern Mediterranean","State of Libya",2023,6.9,"Actual","DBD",0
"Eastern Mediterranean","State of Libya",2023,6.9,"Actual","DCD",0
"Eastern Mediterranean","State of Libya",2023,6.9,"Utilized","DBD",0
"Eastern Mediterranean","State of Libya",2023,6.9,"Utilized","DCD",0
"Eastern Mediterranean","Pakistan",2023,240.5,"Actual","DBD",2
"Eastern Mediterranean","Pakistan",2023,240.5,"Actual","DCD",0
"Eastern Mediterranean","Pakistan",2023,240.5,"Utilized","DBD",2
"Eastern Mediterranean","Pakistan",2023,240.5,"Utilized","DCD",0
"Western Pacific","Philippines",2023,117.3,"Actual","DBD",15
"Western Pacific","Philippines",2023,117.3,"Actual","DCD",0
"Western Pacific","Philippines",2023,117.3,"Utilized","DBD",15
"Western Pacific","Philippines",2023,117.3,"Utilized","DCD",0
"Eastern Mediterranean","Kuwait",2023,4.3,"Actual","DBD",33
"Eastern Mediterranean","Kuwait",2023,4.3,"Actual","DCD",0
"Eastern Mediterranean","Kuwait",2023,4.3,"Utilized","DBD",33
"Eastern Mediterranean","Kuwait",2023,4.3,"Utilized","DCD",0
"Eastern Mediterranean","Tunisia",2023,12.5,"Actual","DBD",17
"Eastern Mediterranean","Tunisia",2023,12.5,"Actual","DCD",0
"Eastern Mediterranean","Tunisia",2023,12.5,"Utilized","DBD",16
"Eastern Mediterranean","Tunisia",2023,12.5,"Utilized","DCD",0
"America","Trinidad and Tobago",2023,1.5,"Actual","DBD",0
"America","Trinidad and Tobago",2023,1.5,"Actual","DCD",0
"America","Trinidad and Tobago",2023,1.5,"Utilized","DBD",0
"America","Trinidad and Tobago",2023,1.5,"Utilized","DCD",0
"South-East Asia","Thailand",2023,71.8,"Actual","DBD",446
"South-East Asia","Thailand",2023,71.8,"Actual","DCD",0
"South-East Asia","Thailand",2023,71.8,"Utilized","DBD",430
"South-East Asia","Thailand",2023,71.8,"Utilized","DCD",0
"Eastern Mediterranean","Oman",2023,4.6,"Actual","DBD",2
"Eastern Mediterranean","Oman",2023,4.6,"Actual","DCD",0
"Eastern Mediterranean","Oman",2023,4.6,"Utilized","DBD",2
"Eastern Mediterranean","Oman",2023,4.6,"Utilized","DCD",0
"Europe","Albania",2023,2.8,"Actual","DBD",0
"Europe","Albania",2023,2.8,"Actual","DCD",0
"Europe","Albania",2023,2.8,"Utilized","DBD",0
"Europe","Albania",2023,2.8,"Utilized","DCD",0
"America","Barbados",2023,0.3,"Actual","DBD",0
"America","Barbados",2023,0.3,"Actual","DCD",0
"America","Barbados",2023,0.3,"Utilized","DBD",0
"America","Barbados",2023,0.3,"Utilized","DCD",0
"Europe","Armenia",2023,2.8,"Actual","DBD",0
"Europe","Armenia",2023,2.8,"Actual","DCD",0
"Europe","Armenia",2023,2.8,"Utilized","DBD",0
"Europe","Armenia",2023,2.8,"Utilized","DCD",0
"Western Pacific","Australia",2023,26.4,"Actual","DBD",334
"Western Pacific","Australia",2023,26.4,"Actual","DCD",179
"Western Pacific","Australia",2023,26.4,"Utilized","DBD",322
"Western Pacific","Australia",2023,26.4,"Utilized","DCD",168
"Europe","Belarus",2023,9.5,"Actual","DBD",240
"Europe","Belarus",2023,9.5,"Actual","DCD",0
"Europe","Belarus",2023,9.5,"Utilized","DBD",236
"Europe","Belarus",2023,9.5,"Utilized","DCD",0
"Europe","Bosnia and Herzegovina",2023,3.2,"Actual","DBD",2
"Europe","Bosnia and Herzegovina",2023,3.2,"Actual","DCD",0
"Europe","Bosnia and Herzegovina",2023,3.2,"Utilized","DBD",2
"Europe","Bosnia and Herzegovina",2023,3.2,"Utilized","DCD",0
"America","Canada",2023,38.8,"Utilized","DBD",638
"America","Canada",2023,38.8,"Utilized","DCD",314
"Europe","Georgia",2023,3.7,"Actual","DBD",0
"Europe","Georgia",2023,3.7,"Actual","DCD",0
"Europe","Georgia",2023,3.7,"Utilized","DBD",0
"Europe","Georgia",2023,3.7,"Utilized","DCD",0
"Western Pacific","China",2023,1433.9,"Actual","DBD",4563
"Western Pacific","China",2023,1433.9,"Actual","DCD",1891
"Western Pacific","China",2023,1433.9,"Utilized","DBD",4529
"Western Pacific","China",2023,1433.9,"Utilized","DCD",1872
"Europe","Kazakhstan",2023,19.6,"Actual","DBD",7
"Europe","Kazakhstan",2023,19.6,"Actual","DCD",0
"Europe","Kazakhstan",2023,19.6,"Utilized","DBD",7
"Europe","Kazakhstan",2023,19.6,"Utilized","DCD",0
"Eastern Mediterranean","Afghanistan",2023,42.2,"Actual","DBD",0
"Eastern Mediterranean","Afghanistan",2023,42.2,"Actual","DCD",0
"Eastern Mediterranean","Afghanistan",2023,42.2,"Utilized","DBD",0
"Eastern Mediterranean","Afghanistan",2023,42.2,"Utilized","DCD",0
"Africa","Kenya",2023,55.1,"Actual","DBD",0
"Africa","Kenya",2023,55.1,"Actual","DCD",0
"Africa","Kenya",2023,55.1,"Utilized","DBD",0
"Africa","Kenya",2023,55.1,"Utilized","DCD",0
"Western Pacific","Japan",2023,123.3,"Actual","DBD",130
"Western Pacific","Japan",2023,123.3,"Actual","DCD",15
"Western Pacific","Japan",2023,123.3,"Utilized","DBD",130
"Western Pacific","Japan",2023,123.3,"Utilized","DCD",15
"Western Pacific","Republic of Korea",2023,51.8,"Actual","DBD",483
"Western Pacific","Republic of Korea",2023,51.8,"Actual","DCD",0
"Western Pacific","Republic of Korea",2023,51.8,"Utilized","DBD",483
"Western Pacific","Republic of Korea",2023,51.8,"Utilized","DCD",0
"Eastern Mediterranean","Saudi Arabia",2023,36.9,"Actual","DBD",146
"Eastern Mediterranean","Saudi Arabia",2023,36.9,"Actual","DCD",0
"Eastern Mediterranean","Saudi Arabia",2023,36.9,"Utilized","DBD",138
"Eastern Mediterranean","Saudi Arabia",2023,36.9,"Utilized","DCD",0
"Africa","Nigeria",2023,223.8,"Actual","DBD",0
"Africa","Nigeria",2023,223.8,"Actual","DCD",0
"Africa","Nigeria",2023,223.8,"Utilized","DBD",0
"Africa","Nigeria",2023,223.8,"Utilized","DCD",0
"Africa","Ethiopia",2023,126.5,"Actual","DBD",0
"Africa","Ethiopia",2023,126.5,"Actual","DCD",0
"Africa","Ethiopia",2023,126.5,"Utilized","DBD",0
"Africa","Ethiopia",2023,126.5,"Utilized","DCD",0
"Europe","Iceland",2023,0.4,"Actual","DBD",10
"Europe","Iceland",2023,0.4,"Actual","DCD",0
"Europe","Iceland",2023,0.4,"Utilized","DBD",10
"Europe","Iceland",2023,0.4,"Utilized","DCD",0
"Europe","Israel",2023,9.2,"Actual","DBD",103
"Europe","Israel",2023,9.2,"Actual","DCD",4
"Europe","Israel",2023,9.2,"Utilized","DBD",95
"Europe","Israel",2023,9.2,"Utilized","DCD",3
"Europe","Republic of North Macedonia",2023,2.1,"Actual","DBD",4
"Europe","Republic of North Macedonia",2023,2.1,"Actual","DCD",0
"Europe","Republic of North Macedonia",2023,2.1,"Utilized","DBD",3
"Europe","Republic of North Macedonia",2023,2.1,"Utilized","DCD",0
"Europe","Republic of Moldova",2023,3.4,"Actual","DBD",1
"Europe","Republic of Moldova",2023,3.4,"Actual","DCD",0
"Europe","Republic of Moldova",2023,3.4,"Utilized","DBD",1
"Europe","Republic of Moldova",2023,3.4,"Utilized","DCD",0
"Western Pacific","New Zealand",2023,5.2,"Actual","DBD",54
"Western Pacific","New Zealand",2023,5.2,"Actual","DCD",10
"Western Pacific","New Zealand",2023,5.2,"Utilized","DBD",54
"Western Pacific","New Zealand",2023,5.2,"Utilized","DCD",9
"Europe","Norway",2023,5.5,"Actual","DBD",103
"Europe","Norway",2023,5.5,"Actual","DCD",19
"Europe","Norway",2023,5.5,"Utilized","DBD",101
"Europe","Norway",2023,5.5,"Utilized","DCD",18
"Europe","Serbia",2023,7.1,"Actual","DBD",13
"Europe","Serbia",2023,7.1,"Actual","DCD",0
"Europe","Serbia",2023,7.1,"Utilized","DBD",13
"Europe","Serbia",2023,7.1,"Utilized","DCD",0
"Europe","Switzerland",2023,8.8,"Actual","DBD",104
"Europe","Switzerland",2023,8.8,"Actual","DCD",96
"Europe","Switzerland",2023,8.8,"Utilized","DBD",98
"Europe","Switzerland",2023,8.8,"Utilized","DCD",87
"Europe","Türkiye",2023,85.8,"Actual","DBD",305
"Europe","Türkiye",2023,85.8,"Actual","DCD",0
"Europe","Türkiye",2023,85.8,"Utilized","DBD",190
"Europe","Türkiye",2023,85.8,"Utilized","DCD",0
"Europe","Ukraine",2023,36.7,"Actual","DBD",149
"Europe","Ukraine",2023,36.7,"Actual","DCD",0
"Europe","Ukraine",2023,36.7,"Utilized","DBD",135
"Europe","Ukraine",2023,36.7,"Utilized","DCD",0
"Europe","United Kingdom",2023,67.7,"Actual","DBD",760
"Europe","United Kingdom",2023,67.7,"Actual","DCD",753
"Europe","United Kingdom",2023,67.7,"Utilized","DBD",734
"Europe","United Kingdom",2023,67.7,"Utilized","DCD",689
"Europe","Austria",2023,9,"Actual","DBD",164
"Europe","Austria",2023,9,"Actual","DCD",24
"Europe","Austria",2023,9,"Utilized","DBD",144
"Europe","Austria",2023,9,"Utilized","DCD",16
"Europe","Belgium",2023,11.7,"Actual","DBD",172
"Europe","Belgium",2023,11.7,"Actual","DCD",211
"Europe","Belgium",2023,11.7,"Utilized","DBD",169
"Europe","Belgium",2023,11.7,"Utilized","DCD",200
"Europe","Bulgaria",2023,6.7,"Actual","DBD",22
"Europe","Bulgaria",2023,6.7,"Actual","DCD",0
"Europe","Bulgaria",2023,6.7,"Utilized","DBD",22
"Europe","Bulgaria",2023,6.7,"Utilized","DCD",0
"Europe","Croatia",2023,4,"Actual","DBD",116
"Europe","Croatia",2023,4,"Actual","DCD",0
"Europe","Croatia",2023,4,"Utilized","DBD",110
"Europe","Croatia",2023,4,"Utilized","DCD",0
"Europe","Cyprus",2023,1.3,"Actual","DBD",9
"Europe","Cyprus",2023,1.3,"Actual","DCD",0
"Europe","Cyprus",2023,1.3,"Utilized","DBD",9
"Europe","Cyprus",2023,1.3,"Utilized","DCD",0
"Europe","Czech Republic",2023,10.5,"Actual","DBD",259
"Europe","Czech Republic",2023,10.5,"Actual","DCD",40
"Europe","Czech Republic",2023,10.5,"Utilized","DBD",232
"Europe","Czech Republic",2023,10.5,"Utilized","DCD",37
"Europe","Denmark",2023,5.9,"Actual","DBD",112
"Europe","Denmark",2023,5.9,"Actual","DCD",1
"Europe","Denmark",2023,5.9,"Utilized","DBD",110
"Europe","Denmark",2023,5.9,"Utilized","DCD",1
"Europe","Estonia",2023,1.3,"Actual","DBD",30
"Europe","Estonia",2023,1.3,"Actual","DCD",0
"Europe","Estonia",2023,1.3,"Utilized","DBD",30
"Europe","Estonia",2023,1.3,"Utilized","DCD",0
"Europe","Finland",2023,5.5,"Actual","DBD",133
"Europe","Finland",2023,5.5,"Actual","DCD",22
"Europe","Finland",2023,5.5,"Utilized","DBD",128
"Europe","Finland",2023,5.5,"Utilized","DCD",22
"Europe","France",2023,64.8,"Actual","DBD",1512
"Europe","France",2023,64.8,"Actual","DCD",279
"Europe","France",2023,64.8,"Utilized","DBD",1488
"Europe","France",2023,64.8,"Utilized","DCD",276
"Europe","Germany",2023,83.3,"Actual","DBD",965
"Europe","Germany",2023,83.3,"Actual","DCD",0
"Europe","Germany",2023,83.3,"Utilized","DBD",931
"Europe","Germany",2023,83.3,"Utilized","DCD",0
"Europe","Greece",2023,10.3,"Actual","DBD",87
"Europe","Greece",2023,10.3,"Actual","DCD",0
"Europe","Greece",2023,10.3,"Utilized","DBD",80
"Europe","Greece",2023,10.3,"Utilized","DCD",0
"Europe","Hungary",2023,10.2,"Actual","DBD",131
"Europe","Hungary",2023,10.2,"Actual","DCD",0
"Europe","Hungary",2023,10.2,"Utilized","DBD",125
"Europe","Hungary",2023,10.2,"Utilized","DCD",0
"Europe","Ireland",2023,5.1,"Actual","DBD",71
"Europe","Ireland",2023,5.1,"Actual","DCD",24
"Europe","Ireland",2023,5.1,"Utilized","DBD",67
"Europe","Ireland",2023,5.1,"Utilized","DCD",24
"Europe","Italy",2023,58.9,"Actual","DBD",1503
"Europe","Italy",2023,58.9,"Actual","DCD",228
"Europe","Italy",2023,58.9,"Utilized","DBD",1456
"Europe","Italy",2023,58.9,"Utilized","DCD",211
"Europe","Latvia",2023,1.8,"Actual","DBD",25
"Europe","Latvia",2023,1.8,"Actual","DCD",0
"Europe","Latvia",2023,1.8,"Utilized","DBD",24
"Europe","Latvia",2023,1.8,"Utilized","DCD",0
"Europe","Lithuania",2023,2.7,"Actual","DBD",51
"Europe","Lithuania",2023,2.7,"Actual","DCD",2
"Europe","Lithuania",2023,2.7,"Utilized","DBD",50
"Europe","Lithuania",2023,2.7,"Utilized","DCD",2
"Europe","Luxembourg",2023,0.7,"Actual","DBD",7
"Europe","Luxembourg",2023,0.7,"Actual","DCD",0
"Europe","Luxembourg",2023,0.7,"Utilized","DBD",7
"Europe","Luxembourg",2023,0.7,"Utilized","DCD",0
"Europe","Malta",2023,0.5,"Actual","DBD",1
"Europe","Malta",2023,0.5,"Actual","DCD",0
"Europe","Malta",2023,0.5,"Utilized","DBD",1
"Europe","Malta",2023,0.5,"Utilized","DCD",0
"Europe","Netherlands",2023,17.6,"Actual","DBD",111
"Europe","Netherlands",2023,17.6,"Actual","DCD",193
"Europe","Netherlands",2023,17.6,"Utilized","DBD",110
"Europe","Netherlands",2023,17.6,"Utilized","DCD",182
"Europe","Poland",2023,41,"Actual","DBD",566
"Europe","Poland",2023,41,"Actual","DCD",0
"Europe","Poland",2023,41,"Utilized","DBD",556
"Europe","Poland",2023,41,"Utilized","DCD",0
"Europe","Portugal",2023,10.2,"Actual","DBD",332
"Europe","Portugal",2023,10.2,"Actual","DCD",43
"Europe","Portugal",2023,10.2,"Utilized","DBD",318
"Europe","Portugal",2023,10.2,"Utilized","DCD",27
"Europe","Romania",2023,19.9,"Actual","DBD",82
"Europe","Romania",2023,19.9,"Actual","DCD",0
"Europe","Romania",2023,19.9,"Utilized","DBD",82
"Europe","Romania",2023,19.9,"Utilized","DCD",0
"Europe","Slovakia",2023,5.8,"Actual","DBD",68
"Europe","Slovakia",2023,5.8,"Actual","DCD",0
"Europe","Slovakia",2023,5.8,"Utilized","DBD",64
"Europe","Slovakia",2023,5.8,"Utilized","DCD",0
"Europe","Slovenia",2023,2.1,"Actual","DBD",64
"Europe","Slovenia",2023,2.1,"Actual","DCD",0
"Europe","Slovenia",2023,2.1,"Utilized","DBD",58
"Europe","Slovenia",2023,2.1,"Utilized","DCD",0
"Europe","Spain",2023,47.5,"Actual","DBD",1296
"Europe","Spain",2023,47.5,"Actual","DCD",1050
"Europe","Spain",2023,47.5,"Utilized","DBD",1114
"Europe","Spain",2023,47.5,"Utilized","DCD",932
"Europe","Sweden",2023,10.6,"Actual","DBD",195
"Europe","Sweden",2023,10.6,"Actual","DCD",72
"Europe","Sweden",2023,10.6,"Utilized","DBD",190
"Europe","Sweden",2023,10.6,"Utilized","DCD",68
"America","United States of America",2023,340,"Actual","DBD",10441
"America","United States of America",2023,340,"Actual","DCD",5895
"America","United States of America",2023,340,"Utilized","DBD",9809
"America","United States of America",2023,340,"Utilized","DCD",4523
"America","Argentina",2023,45.8,"Actual","DBD",790
"America","Argentina",2023,45.8,"Actual","DCD",26
"America","Argentina",2023,45.8,"Utilized","DBD",717
"America","Argentina",2023,45.8,"Utilized","DCD",23
"America","Bolivia (Plurinational State of)",2023,12.4,"Actual","DBD",4
"America","Bolivia (Plurinational State of)",2023,12.4,"Actual","DCD",0
"America","Bolivia (Plurinational State of)",2023,12.4,"Utilized","DBD",4
"America","Bolivia (Plurinational State of)",2023,12.4,"Utilized","DCD",0
"America","Brazil",2023,216.4,"Actual","DBD",3759
"America","Brazil",2023,216.4,"Actual","DCD",0
"America","Brazil",2023,216.4,"Utilized","DBD",3299
"America","Brazil",2023,216.4,"Utilized","DCD",0
"America","Chile",2023,19.6,"Actual","DBD",192
"America","Chile",2023,19.6,"Actual","DCD",0
"America","Chile",2023,19.6,"Utilized","DBD",190
"America","Chile",2023,19.6,"Utilized","DCD",0
"America","Colombia",2023,52.1,"Actual","DBD",388
"America","Colombia",2023,52.1,"Actual","DCD",0
"America","Colombia",2023,52.1,"Utilized","DBD",385
"America","Colombia",2023,52.1,"Utilized","DCD",0
"America","Costa Rica",2023,5.2,"Actual","DBD",21
"America","Costa Rica",2023,5.2,"Actual","DCD",0
"America","Costa Rica",2023,5.2,"Utilized","DBD",21
"America","Costa Rica",2023,5.2,"Utilized","DCD",0
"America","Cuba",2023,11.2,"Actual","DBD",7
"America","Cuba",2023,11.2,"Actual","DCD",0
"America","Cuba",2023,11.2,"Utilized","DBD",7
"America","Cuba",2023,11.2,"Utilized","DCD",0
"America","Dominican Republic",2023,11.3,"Actual","DBD",8
"America","Dominican Republic",2023,11.3,"Actual","DCD",0
"America","Dominican Republic",2023,11.3,"Utilized","DBD",8
"America","Dominican Republic",2023,11.3,"Utilized","DCD",0
"America","Ecuador",2023,18.2,"Actual","DBD",88
"America","Ecuador",2023,18.2,"Actual","DCD",0
"America","Ecuador",2023,18.2,"Utilized","DBD",88
"America","Ecuador",2023,18.2,"Utilized","DCD",0
"America","Jamaica",2023,2.8,"Actual","DBD",0
"America","Jamaica",2023,2.8,"Actual","DCD",0
"America","Jamaica",2023,2.8,"Utilized","DBD",0
"America","Jamaica",2023,2.8,"Utilized","DCD",0
"America","El Salvador",2023,6.4,"Actual","DBD",0
"America","El Salvador",2023,6.4,"Actual","DCD",0
"America","El Salvador",2023,6.4,"Utilized","DBD",0
"America","El Salvador",2023,6.4,"Utilized","DCD",0
"America","Guatemala",2023,18.1,"Actual","DBD",7
"America","Guatemala",2023,18.1,"Actual","DCD",0
"America","Guatemala",2023,18.1,"Utilized","DBD",7
"America","Guatemala",2023,18.1,"Utilized","DCD",0
"America","Mexico",2023,128.5,"Actual","DBD",513
"America","Mexico",2023,128.5,"Actual","DCD",0
"America","Mexico",2023,128.5,"Utilized","DBD",504
"America","Mexico",2023,128.5,"Utilized","DCD",0
"America","Panama",2023,4.5,"Actual","DBD",12
"America","Panama",2023,4.5,"Actual","DCD",0
"America","Panama",2023,4.5,"Utilized","DBD",12
"America","Panama",2023,4.5,"Utilized","DCD",0
"America","Paraguay",2023,6.9,"Actual","DBD",21
"America","Paraguay",2023,6.9,"Actual","DCD",0
"America","Paraguay",2023,6.9,"Utilized","DBD",19
"America","Paraguay",2023,6.9,"Utilized","DCD",0
"America","Peru",2023,34.4,"Actual","DBD",50
"America","Peru",2023,34.4,"Actual","DCD",0
"America","Peru",2023,34.4,"Utilized","DBD",49
"America","Peru",2023,34.4,"Utilized","DCD",0
"America","Uruguay",2023,3.4,"Actual","DBD",67
"America","Uruguay",2023,3.4,"Actual","DCD",0
"America","Uruguay",2023,3.4,"Utilized","DBD",65
"America","Uruguay",2023,3.4,"Utilized","DCD",0
"America","Venezuela (Bolivarian Republic of)",2023,28.8,"Actual","DBD",0
"America","Venezuela (Bolivarian Republic of)",2023,28.8,"Actual","DCD",0
"America","Venezuela (Bolivarian Republic of)",2023,28.8,"Utilized","DBD",0
"America","Venezuela (Bolivarian Republic of)",2023,28.8,"Utilized","DCD",0
"Eastern Mediterranean","United Arab Emirates",2023,9.5,"Actual","DBD",87
"Eastern Mediterranean","United Arab Emirates",2023,9.5,"Actual","DCD",0
"Eastern Mediterranean","United Arab Emirates",2023,9.5,"Utilized","DBD",85
"Eastern Mediterranean","United Arab Emirates",2023,9.5,"Utilized","DCD",0
"South-East Asia","India",2023,1428.6,"Actual","DBD",1098
"South-East Asia","India",2023,1428.6,"Actual","DCD",1
"South-East Asia","India",2023,1428.6,"Utilized","DBD",1021
"South-East Asia","India",2023,1428.6,"Utilized","DCD",1
"Western Pacific","Malaysia",2023,34.3,"Actual","DBD",43
"Western Pacific","Malaysia",2023,34.3,"Actual","DCD",0
"Western Pacific","Malaysia",2023,34.3,"Utilized","DBD",43
"Western Pacific","Malaysia",2023,34.3,"Utilized","DCD",0
"Western Pacific","Singapore",2023,6,"Actual","DBD",25
"Western Pacific","Singapore",2023,6,"Actual","DCD",3
"Western Pacific","Singapore",2023,6,"Utilized","DBD",25
"Western Pacific","Singapore",2023,6,"Utilized","DCD",3
"America","Guyana",2023,0.8,"Actual","DBD",0
"America","Guyana",2023,0.8,"Actual","DCD",0
"America","Guyana",2023,0.8,"Utilized","DBD",0
"America","Guyana",2023,0.8,"Utilized","DCD",0
"Eastern Mediterranean","Jordan",2023,11.3,"Actual","DBD",0
"Eastern Mediterranean","Jordan",2023,11.3,"Actual","DCD",0
"Eastern Mediterranean","Jordan",2023,11.3,"Utilized","DBD",0
"Eastern Mediterranean","Jordan",2023,11.3,"Utilized","DCD",0
"South-East Asia","Sri Lanka",2023,21.9,"Actual","DBD",74
"South-East Asia","Sri Lanka",2023,21.9,"Actual","DCD",0
"South-East Asia","Sri Lanka",2023,21.9,"Utilized","DBD",35
"South-East Asia","Sri Lanka",2023,21.9,"Utilized","DCD",0
"America","Bolivia (Plurinational State of)",2024,12.6,"Actual","DBD",4
"America","Bolivia (Plurinational State of)",2024,12.6,"Actual","DCD",0
"America","Bolivia (Plurinational State of)",2024,12.6,"Utilized","DBD",4
"America","Bolivia (Plurinational State of)",2024,12.6,"Utilized","DCD",0
"America","Brazil",2024,217.6,"Actual","DBD",3771
"America","Brazil",2024,217.6,"Actual","DCD",0
"America","Brazil",2024,217.6,"Utilized","DBD",3380
"America","Brazil",2024,217.6,"Utilized","DCD",0
"America","Colombia",2024,52.3,"Actual","DBD",388
"America","Colombia",2024,52.3,"Actual","DCD",0
"America","Colombia",2024,52.3,"Utilized","DBD",385
"America","Colombia",2024,52.3,"Utilized","DCD",0
"America","Costa Rica",2024,5.2,"Actual","DBD",29
"America","Costa Rica",2024,5.2,"Actual","DCD",0
"America","Costa Rica",2024,5.2,"Utilized","DBD",29
"America","Costa Rica",2024,5.2,"Utilized","DCD",0
"America","Chile",2024,19.7,"Actual","DBD",213
"America","Chile",2024,19.7,"Actual","DCD",0
"America","Chile",2024,19.7,"Utilized","DBD",207
"America","Chile",2024,19.7,"Utilized","DCD",0
"America","Dominican Republic",2024,11.4,"Actual","DBD",24
"America","Dominican Republic",2024,11.4,"Actual","DCD",0
"America","Dominican Republic",2024,11.4,"Utilized","DBD",22
"America","Dominican Republic",2024,11.4,"Utilized","DCD",0
"America","Ecuador",2024,18.4,"Actual","DBD",72
"America","Ecuador",2024,18.4,"Actual","DCD",0
"America","Ecuador",2024,18.4,"Utilized","DBD",67
"America","Ecuador",2024,18.4,"Utilized","DCD",0
"America","El Salvador",2024,6.4,"Actual","DBD",0
"America","El Salvador",2024,6.4,"Actual","DCD",0
"America","El Salvador",2024,6.4,"Utilized","DBD",0
"America","El Salvador",2024,6.4,"Utilized","DCD",0
"America","Guatemala",2024,18.4,"Actual","DBD",10
"America","Guatemala",2024,18.4,"Actual","DCD",0
"America","Guatemala",2024,18.4,"Utilized","DBD",10
"America","Guatemala",2024,18.4,"Utilized","DCD",0
"America","Panama",2024,4.5,"Actual","DBD",15
"America","Panama",2024,4.5,"Actual","DCD",0
"America","Panama",2024,4.5,"Utilized","DBD",15
"America","Panama",2024,4.5,"Utilized","DCD",0
"America","Paraguay",2024,6.9,"Actual","DBD",26
"America","Paraguay",2024,6.9,"Actual","DCD",0
"America","Paraguay",2024,6.9,"Utilized","DBD",25
"America","Paraguay",2024,6.9,"Utilized","DCD",0
"America","Mexico",2024,129.4,"Actual","DBD",545
"America","Mexico",2024,129.4,"Actual","DCD",0
"America","Mexico",2024,129.4,"Utilized","DBD",533
"America","Mexico",2024,129.4,"Utilized","DCD",0
"America","Peru",2024,34.7,"Actual","DBD",51
"America","Peru",2024,34.7,"Actual","DCD",0
"America","Peru",2024,34.7,"Utilized","DBD",50
"America","Peru",2024,34.7,"Utilized","DCD",0
"America","Uruguay",2024,3.4,"Actual","DBD",67
"America","Uruguay",2024,3.4,"Actual","DCD",0
"America","Uruguay",2024,3.4,"Utilized","DBD",66
"America","Uruguay",2024,3.4,"Utilized","DCD",0
"America","Trinidad and Tobago",2024,1.5,"Actual","DBD",0
"America","Trinidad and Tobago",2024,1.5,"Actual","DCD",0
"America","Trinidad and Tobago",2024,1.5,"Utilized","DBD",0
"America","Trinidad and Tobago",2024,1.5,"Utilized","DCD",0
"Eastern Mediterranean","State of Libya",2024,7,"Actual","DBD",0
"Eastern Mediterranean","State of Libya",2024,7,"Actual","DCD",0
"Eastern Mediterranean","State of Libya",2024,7,"Utilized","DBD",0
"Eastern Mediterranean","State of Libya",2024,7,"Utilized","DCD",0
"Europe","Kazakhstan",2024,19.8,"Actual","DBD",6
"Europe","Kazakhstan",2024,19.8,"Actual","DCD",0
"Europe","Kazakhstan",2024,19.8,"Utilized","DBD",6
"Europe","Kazakhstan",2024,19.8,"Utilized","DCD",0
"America","Barbados",2024,0.3,"Actual","DBD",0
"America","Barbados",2024,0.3,"Actual","DCD",0
"America","Barbados",2024,0.3,"Utilized","DBD",0
"America","Barbados",2024,0.3,"Utilized","DCD",0
"South-East Asia","Bangladesh",2024,174.7,"Actual","DBD",1
"South-East Asia","Bangladesh",2024,174.7,"Actual","DCD",0
"South-East Asia","Bangladesh",2024,174.7,"Utilized","DBD",1
"South-East Asia","Bangladesh",2024,174.7,"Utilized","DCD",0
"Eastern Mediterranean","Qatar",2024,2.7,"Actual","DBD",22
"Eastern Mediterranean","Qatar",2024,2.7,"Actual","DCD",0
"Eastern Mediterranean","Qatar",2024,2.7,"Utilized","DBD",18
"Eastern Mediterranean","Qatar",2024,2.7,"Utilized","DCD",0
"Europe","Albania",2024,2.8,"Actual","DBD",0
"Europe","Albania",2024,2.8,"Actual","DCD",0
"Europe","Albania",2024,2.8,"Utilized","DBD",0
"Europe","Albania",2024,2.8,"Utilized","DCD",0
"America","Argentina",2024,46.1,"Actual","DBD",767
"America","Argentina",2024,46.1,"Actual","DCD",36
"America","Argentina",2024,46.1,"Utilized","DBD",693
"America","Argentina",2024,46.1,"Utilized","DCD",32
"Africa","Nigeria",2024,229.2,"Actual","DBD",0
"Africa","Nigeria",2024,229.2,"Actual","DCD",0
"Africa","Nigeria",2024,229.2,"Utilized","DBD",0
"Africa","Nigeria",2024,229.2,"Utilized","DCD",0
"Eastern Mediterranean","Oman",2024,4.7,"Actual","DBD",5
"Eastern Mediterranean","Oman",2024,4.7,"Actual","DCD",0
"Eastern Mediterranean","Oman",2024,4.7,"Utilized","DBD",5
"Eastern Mediterranean","Oman",2024,4.7,"Utilized","DCD",0
"Eastern Mediterranean","Tunisia",2024,12.6,"Actual","DBD",8
"Eastern Mediterranean","Tunisia",2024,12.6,"Actual","DCD",0
"Eastern Mediterranean","Tunisia",2024,12.6,"Utilized","DBD",8
"Eastern Mediterranean","Tunisia",2024,12.6,"Utilized","DCD",0
"Africa","Kenya",2024,56.2,"Actual","DBD",0
"Africa","Kenya",2024,56.2,"Actual","DCD",0
"Africa","Kenya",2024,56.2,"Utilized","DBD",0
"Africa","Kenya",2024,56.2,"Utilized","DCD",0
"Eastern Mediterranean","Syrian Arab Republic",2024,24.3,"Actual","DBD",0
"Eastern Mediterranean","Syrian Arab Republic",2024,24.3,"Actual","DCD",0
"Eastern Mediterranean","Syrian Arab Republic",2024,24.3,"Utilized","DBD",0
"Eastern Mediterranean","Syrian Arab Republic",2024,24.3,"Utilized","DCD",0
"Western Pacific","Japan",2024,122.6,"Actual","DBD",130
"Western Pacific","Japan",2024,122.6,"Actual","DCD",8
"Western Pacific","Japan",2024,122.6,"Utilized","DBD",130
"Western Pacific","Japan",2024,122.6,"Utilized","DCD",8
"Western Pacific","Mongolia",2024,3.5,"Actual","DBD",5
"Western Pacific","Mongolia",2024,3.5,"Actual","DCD",0
"Western Pacific","Mongolia",2024,3.5,"Utilized","DBD",5
"Western Pacific","Mongolia",2024,3.5,"Utilized","DCD",0
"Western Pacific","China",2024,1433.4,"Actual","DBD",4680
"Western Pacific","China",2024,1433.4,"Actual","DCD",2064
"Western Pacific","China",2024,1433.4,"Utilized","DBD",4640
"Western Pacific","China",2024,1433.4,"Utilized","DCD",2022
"Eastern Mediterranean","Kuwait",2024,4.3,"Actual","DBD",48
"Eastern Mediterranean","Kuwait",2024,4.3,"Actual","DCD",0
"Eastern Mediterranean","Kuwait",2024,4.3,"Utilized","DBD",44
"Eastern Mediterranean","Kuwait",2024,4.3,"Utilized","DCD",0
"South-East Asia","Sri Lanka",2024,21.9,"Actual","DBD",70
"South-East Asia","Sri Lanka",2024,21.9,"Actual","DCD",0
"South-East Asia","Sri Lanka",2024,21.9,"Utilized","DBD",44
"South-East Asia","Sri Lanka",2024,21.9,"Utilized","DCD",0
"Eastern Mediterranean","Pakistan",2024,245.2,"Actual","DBD",1
"Eastern Mediterranean","Pakistan",2024,245.2,"Actual","DCD",0
"Eastern Mediterranean","Pakistan",2024,245.2,"Utilized","DBD",1
"Eastern Mediterranean","Pakistan",2024,245.2,"Utilized","DCD",0
"America","Cuba",2024,11.2,"Actual","DBD",5
"America","Cuba",2024,11.2,"Actual","DCD",0
"America","Cuba",2024,11.2,"Utilized","DBD",4
"America","Cuba",2024,11.2,"Utilized","DCD",0
"America","Honduras",2024,10.8,"Actual","DBD",0
"America","Honduras",2024,10.8,"Actual","DCD",0
"America","Honduras",2024,10.8,"Utilized","DBD",0
"America","Honduras",2024,10.8,"Utilized","DCD",0
"America","Jamaica",2024,2.8,"Actual","DBD",0
"America","Jamaica",2024,2.8,"Actual","DCD",0
"America","Jamaica",2024,2.8,"Utilized","DBD",0
"America","Jamaica",2024,2.8,"Utilized","DCD",0
"Africa","Ethiopia",2024,129.7,"Actual","DBD",0
"Africa","Ethiopia",2024,129.7,"Actual","DCD",0
"Africa","Ethiopia",2024,129.7,"Utilized","DBD",0
"Africa","Ethiopia",2024,129.7,"Utilized","DCD",0
"Eastern Mediterranean","United Arab Emirates",2024,9.6,"Actual","DBD",111
"Eastern Mediterranean","United Arab Emirates",2024,9.6,"Actual","DCD",0
"Eastern Mediterranean","United Arab Emirates",2024,9.6,"Utilized","DBD",110
"Eastern Mediterranean","United Arab Emirates",2024,9.6,"Utilized","DCD",0
"Western Pacific","Republic of Korea",2024,51.7,"Actual","DBD",397
"Western Pacific","Republic of Korea",2024,51.7,"Actual","DCD",0
"Western Pacific","Republic of Korea",2024,51.7,"Utilized","DBD",397
"Western Pacific","Republic of Korea",2024,51.7,"Utilized","DCD",0
"South-East Asia","Thailand",2024,71.9,"Actual","DBD",436
"South-East Asia","Thailand",2024,71.9,"Actual","DCD",0
"South-East Asia","Thailand",2024,71.9,"Utilized","DBD",416
"South-East Asia","Thailand",2024,71.9,"Utilized","DCD",0
"Western Pacific","Malaysia",2024,34.7,"Actual","DBD",45
"Western Pacific","Malaysia",2024,34.7,"Actual","DCD",0
"Western Pacific","Malaysia",2024,34.7,"Utilized","DBD",44
"Western Pacific","Malaysia",2024,34.7,"Utilized","DCD",0
"Europe","Armenia",2024,2.8,"Actual","DBD",0
"Europe","Armenia",2024,2.8,"Actual","DCD",0
"Europe","Armenia",2024,2.8,"Utilized","DBD",0
"Europe","Armenia",2024,2.8,"Utilized","DCD",0
"Western Pacific","Australia",2024,26.7,"Actual","DBD",335
"Western Pacific","Australia",2024,26.7,"Actual","DCD",192
"Western Pacific","Australia",2024,26.7,"Utilized","DBD",322
"Western Pacific","Australia",2024,26.7,"Utilized","DCD",170
"Europe","Belarus",2024,9.5,"Actual","DBD",242
"Europe","Belarus",2024,9.5,"Actual","DCD",0
"Europe","Belarus",2024,9.5,"Utilized","DBD",238
"Europe","Belarus",2024,9.5,"Utilized","DCD",0
"Europe","Georgia",2024,3.7,"Actual","DBD",0
"Europe","Georgia",2024,3.7,"Actual","DCD",0
"Europe","Georgia",2024,3.7,"Utilized","DBD",0
"Europe","Georgia",2024,3.7,"Utilized","DCD",0
"Europe","Iceland",2024,0.4,"Actual","DBD",3
"Europe","Iceland",2024,0.4,"Actual","DCD",0
"Europe","Iceland",2024,0.4,"Utilized","DBD",3
"Europe","Iceland",2024,0.4,"Utilized","DCD",0
"Europe","Republic of North Macedonia",2024,2.1,"Actual","DBD",2
"Europe","Republic of North Macedonia",2024,2.1,"Actual","DCD",0
"Europe","Republic of North Macedonia",2024,2.1,"Utilized","DBD",2
"Europe","Republic of North Macedonia",2024,2.1,"Utilized","DCD",0
"Western Pacific","New Zealand",2024,5.3,"Actual","DBD",54
"Western Pacific","New Zealand",2024,5.3,"Actual","DCD",16
"Western Pacific","New Zealand",2024,5.3,"Utilized","DBD",54
"Western Pacific","New Zealand",2024,5.3,"Utilized","DCD",14
"Europe","Norway",2024,5.5,"Actual","DBD",101
"Europe","Norway",2024,5.5,"Actual","DCD",12
"Europe","Norway",2024,5.5,"Utilized","DBD",95
"Europe","Norway",2024,5.5,"Utilized","DCD",10
"Europe","Republic of Moldova",2024,3.3,"Actual","DBD",2
"Europe","Republic of Moldova",2024,3.3,"Actual","DCD",0
"Europe","Republic of Moldova",2024,3.3,"Utilized","DBD",2
"Europe","Republic of Moldova",2024,3.3,"Utilized","DCD",0
"Europe","Serbia",2024,7.1,"Actual","DBD",9
"Europe","Serbia",2024,7.1,"Actual","DCD",0
"Europe","Serbia",2024,7.1,"Utilized","DBD",9
"Europe","Serbia",2024,7.1,"Utilized","DCD",0
"Europe","Switzerland",2024,8.9,"Actual","DBD",89
"Europe","Switzerland",2024,8.9,"Actual","DCD",98
"Europe","Switzerland",2024,8.9,"Utilized","DBD",86
"Europe","Switzerland",2024,8.9,"Utilized","DCD",88
"Europe","Ukraine",2024,37.9,"Actual","DBD",130
"Europe","Ukraine",2024,37.9,"Actual","DCD",0
"Europe","Ukraine",2024,37.9,"Utilized","DBD",118
"Europe","Ukraine",2024,37.9,"Utilized","DCD",0
"Europe","Türkiye",2024,86.3,"Actual","DBD",364
"Europe","Türkiye",2024,86.3,"Actual","DCD",0
"Europe","Türkiye",2024,86.3,"Utilized","DBD",227
"Europe","Türkiye",2024,86.3,"Utilized","DCD",0
"Europe","Israel",2024,9.3,"Actual","DBD",95
"Europe","Israel",2024,9.3,"Actual","DCD",2
"Europe","Israel",2024,9.3,"Utilized","DBD",94
"Europe","Israel",2024,9.3,"Utilized","DCD",2
"Europe","United Kingdom",2024,68,"Actual","DBD",699
"Europe","United Kingdom",2024,68,"Actual","DCD",686
"Europe","United Kingdom",2024,68,"Utilized","DBD",675
"Europe","United Kingdom",2024,68,"Utilized","DCD",632
"Europe","Belgium",2024,11.7,"Actual","DBD",192
"Europe","Belgium",2024,11.7,"Actual","DCD",189
"Europe","Belgium",2024,11.7,"Utilized","DBD",189
"Europe","Belgium",2024,11.7,"Utilized","DCD",182
"Europe","Croatia",2024,4,"Actual","DBD",121
"Europe","Croatia",2024,4,"Actual","DCD",0
"Europe","Croatia",2024,4,"Utilized","DBD",119
"Europe","Croatia",2024,4,"Utilized","DCD",0
"Europe","Czech Republic",2024,10.5,"Actual","DBD",313
"Europe","Czech Republic",2024,10.5,"Actual","DCD",47
"Europe","Czech Republic",2024,10.5,"Utilized","DBD",295
"Europe","Czech Republic",2024,10.5,"Utilized","DCD",41
"Europe","Denmark",2024,5.9,"Actual","DBD",95
"Europe","Denmark",2024,5.9,"Actual","DCD",30
"Europe","Denmark",2024,5.9,"Utilized","DBD",88
"Europe","Denmark",2024,5.9,"Utilized","DCD",29
"Europe","Estonia",2024,1.3,"Actual","DBD",19
"Europe","Estonia",2024,1.3,"Actual","DCD",0
"Europe","Estonia",2024,1.3,"Utilized","DBD",17
"Europe","Estonia",2024,1.3,"Utilized","DCD",0
"Western Pacific","Singapore",2024,6.1,"Actual","DBD",29
"Western Pacific","Singapore",2024,6.1,"Actual","DCD",0
"Western Pacific","Singapore",2024,6.1,"Utilized","DBD",29
"Western Pacific","Singapore",2024,6.1,"Utilized","DCD",0
"Europe","Finland",2024,5.5,"Actual","DBD",127
"Europe","Finland",2024,5.5,"Actual","DCD",32
"Europe","Finland",2024,5.5,"Utilized","DBD",124
"Europe","Finland",2024,5.5,"Utilized","DCD",32
"Europe","France",2024,64.9,"Actual","DBD",1544
"Europe","France",2024,64.9,"Actual","DCD",312
"Europe","France",2024,64.9,"Utilized","DBD",1533
"Europe","France",2024,64.9,"Utilized","DCD",302
"Europe","Germany",2024,83.3,"Actual","DBD",953
"Europe","Germany",2024,83.3,"Actual","DCD",0
"Europe","Germany",2024,83.3,"Utilized","DBD",911
"Europe","Germany",2024,83.3,"Utilized","DCD",0
"Europe","Greece",2024,10.3,"Actual","DBD",111
"Europe","Greece",2024,10.3,"Actual","DCD",0
"Europe","Greece",2024,10.3,"Utilized","DBD",102
"Europe","Greece",2024,10.3,"Utilized","DCD",0
"Europe","Hungary",2024,10,"Actual","DBD",157
"Europe","Hungary",2024,10,"Actual","DCD",0
"Europe","Hungary",2024,10,"Utilized","DBD",154
"Europe","Hungary",2024,10,"Utilized","DCD",0
"Europe","Ireland",2024,5.1,"Actual","DBD",66
"Europe","Ireland",2024,5.1,"Actual","DCD",18
"Europe","Ireland",2024,5.1,"Utilized","DBD",62
"Europe","Ireland",2024,5.1,"Utilized","DCD",18
"Europe","Italy",2024,58.7,"Actual","DBD",1489
"Europe","Italy",2024,58.7,"Actual","DCD",306
"Europe","Italy",2024,58.7,"Utilized","DBD",1456
"Europe","Italy",2024,58.7,"Utilized","DCD",274
"Europe","Latvia",2024,1.8,"Actual","DBD",30
"Europe","Latvia",2024,1.8,"Actual","DCD",0
"Europe","Latvia",2024,1.8,"Utilized","DBD",30
"Europe","Latvia",2024,1.8,"Utilized","DCD",0
"Europe","Lithuania",2024,2.7,"Actual","DBD",66
"Europe","Lithuania",2024,2.7,"Actual","DCD",1
"Europe","Lithuania",2024,2.7,"Utilized","DBD",66
"Europe","Lithuania",2024,2.7,"Utilized","DCD",1
"Europe","Luxembourg",2024,0.7,"Actual","DBD",7
"Europe","Luxembourg",2024,0.7,"Actual","DCD",0
"Europe","Luxembourg",2024,0.7,"Utilized","DBD",7
"Europe","Luxembourg",2024,0.7,"Utilized","DCD",0
"Europe","Netherlands",2024,17.7,"Actual","DBD",126
"Europe","Netherlands",2024,17.7,"Actual","DCD",247
"Europe","Netherlands",2024,17.7,"Utilized","DBD",125
"Europe","Netherlands",2024,17.7,"Utilized","DCD",235
"Europe","Slovenia",2024,2.1,"Actual","DBD",43
"Europe","Slovenia",2024,2.1,"Actual","DCD",0
"Europe","Slovenia",2024,2.1,"Utilized","DBD",42
"Europe","Slovenia",2024,2.1,"Utilized","DCD",0
"Europe","Spain",2024,47.5,"Actual","DBD",1246
"Europe","Spain",2024,47.5,"Actual","DCD",1316
"Europe","Spain",2024,47.5,"Utilized","DBD",1129
"Europe","Spain",2024,47.5,"Utilized","DCD",1149
"Europe","Poland",2024,40.2,"Actual","DBD",667
"Europe","Poland",2024,40.2,"Actual","DCD",0
"Europe","Poland",2024,40.2,"Utilized","DBD",661
"Europe","Poland",2024,40.2,"Utilized","DCD",0
"Europe","Portugal",2024,10.2,"Actual","DBD",323
"Europe","Portugal",2024,10.2,"Actual","DCD",51
"Europe","Portugal",2024,10.2,"Utilized","DBD",302
"Europe","Portugal",2024,10.2,"Utilized","DCD",40
"Europe","Romania",2024,19.6,"Actual","DBD",73
"Europe","Romania",2024,19.6,"Actual","DCD",0
"Europe","Romania",2024,19.6,"Utilized","DBD",73
"Europe","Romania",2024,19.6,"Utilized","DCD",0
"Europe","Sweden",2024,10.7,"Actual","DBD",183
"Europe","Sweden",2024,10.7,"Actual","DCD",60
"Europe","Sweden",2024,10.7,"Utilized","DBD",174
"Europe","Sweden",2024,10.7,"Utilized","DCD",59
"Europe","Austria",2024,9,"Actual","DBD",151
"Europe","Austria",2024,9,"Actual","DCD",36
"Europe","Austria",2024,9,"Utilized","DBD",136
"Europe","Austria",2024,9,"Utilized","DCD",30
"Europe","Bulgaria",2024,6.6,"Actual","DBD",16
"Europe","Bulgaria",2024,6.6,"Actual","DCD",0
"Europe","Bulgaria",2024,6.6,"Utilized","DBD",16
"Europe","Bulgaria",2024,6.6,"Utilized","DCD",0
"Europe","Cyprus",2024,1.3,"Actual","DBD",12
"Europe","Cyprus",2024,1.3,"Actual","DCD",0
"Europe","Cyprus",2024,1.3,"Utilized","DBD",12
"Europe","Cyprus",2024,1.3,"Utilized","DCD",0
"Europe","Malta",2024,0.5,"Actual","DBD",6
"Europe","Malta",2024,0.5,"Actual","DCD",0
"Europe","Malta",2024,0.5,"Utilized","DBD",6
"Europe","Malta",2024,0.5,"Utilized","DCD",0
"Europe","Slovakia",2024,5.7,"Actual","DBD",66
"Europe","Slovakia",2024,5.7,"Actual","DCD",0
"Europe","Slovakia",2024,5.7,"Utilized","DBD",63
"Europe","Slovakia",2024,5.7,"Utilized","DCD",0
"America","United States of America",2024,341.8,"Actual","DBD",9706
"America","United States of America",2024,341.8,"Actual","DCD",7283
"America","United States of America",2024,341.8,"Utilized","DBD",9167
"America","United States of America",2024,341.8,"Utilized","DCD",5741
"America","Canada",2024,39.1,"Utilized","DBD",573
"America","Canada",2024,39.1,"Utilized","DCD",321
"Western Pacific","Philippines",2024,119.1,"Actual","DBD",8
"Western Pacific","Philippines",2024,119.1,"Actual","DCD",0
"Western Pacific","Philippines",2024,119.1,"Utilized","DBD",8
"Western Pacific","Philippines",2024,119.1,"Utilized","DCD",0
"Eastern Mediterranean","Jordan",2024,11.4,"Actual","DBD",1
"Eastern Mediterranean","Jordan",2024,11.4,"Actual","DCD",0
"Eastern Mediterranean","Jordan",2024,11.4,"Utilized","DBD",1
"Eastern Mediterranean","Jordan",2024,11.4,"Utilized","DCD",0
"Africa","South Africa",2024,61,"Actual","DBD",86
"Africa","South Africa",2024,61,"Actual","DCD",1
"Africa","South Africa",2024,61,"Utilized","DBD",79
"Africa","South Africa",2024,61,"Utilized","DCD",1
"South-East Asia","India",2024,1441.7,"Actual","DBD",1126
"South-East Asia","India",2024,1441.7,"Actual","DCD",2
"South-East Asia","India",2024,1441.7,"Utilized","DBD",1126
"South-East Asia","India",2024,1441.7,"Utilized","DCD",2
"America","Guyana",2024,0.8,"Actual","DBD",0
"America","Guyana",2024,0.8,"Actual","DCD",0
"America","Guyana",2024,0.8,"Utilized","DBD",0
"America","Guyana",2024,0.8,"Utilized","DCD",0
"Europe","Bosnia and Herzegovina",2024,3.2,"Actual","DBD",6
"Europe","Bosnia and Herzegovina",2024,3.2,"Actual","DCD",0
"Europe","Bosnia and Herzegovina",2024,3.2,"Utilized","DBD",6
"Europe","Bosnia and Herzegovina",2024,3.2,"Utilized","DCD",0
