"REGION","COUNTRY","REPORTYEAR","POPULATION","donor_status","amount"
"Eastern Mediterranean","Afghanistan",2000,22.7,"Actual",NA
"Eastern Mediterranean","Afghanistan",2000,22.7,"Utilized",NA
"Eastern Mediterranean","Afghanistan",2001,22.5,"Actual",NA
"Eastern Mediterranean","Afghanistan",2001,22.5,"Utilized",NA
"Eastern Mediterranean","Afghanistan",2002,23.3,"Actual",NA
"Eastern Mediterranean","Afghanistan",2002,23.3,"Utilized",NA
"Eastern Mediterranean","Afghanistan",2003,23.9,"Actual",NA
"Eastern Mediterranean","Afghanistan",2003,23.9,"Utilized",NA
"Eastern Mediterranean","Afghanistan",2004,24.9,"Actual",NA
"Eastern Mediterranean","Afghanistan",2004,24.9,"Utilized",NA
"Eastern Mediterranean","Afghanistan",2005,29.9,"Actual",NA
"Eastern Mediterranean","Afghanistan",2005,29.9,"Utilized",NA
"Eastern Mediterranean","Afghanistan",2006,31.1,"Actual",NA
"Eastern Mediterranean","Afghanistan",2006,31.1,"Utilized",NA
"Eastern Mediterranean","Afghanistan",2007,32.3,"Actual",NA
"Eastern Mediterranean","Afghanistan",2007,32.3,"Utilized",NA
"Eastern Mediterranean","Afghanistan",2008,28.2,"Actual",NA
"Eastern Mediterranean","Afghanistan",2008,28.2,"Utilized",NA
"Eastern Mediterranean","Afghanistan",2009,28.2,"Actual",NA
"Eastern Mediterranean","Afghanistan",2009,28.2,"Utilized",NA
"Eastern Mediterranean","Afghanistan",2010,29.1,"Actual",NA
"Eastern Mediterranean","Afghanistan",2010,29.1,"Utilized",NA
"Eastern Mediterranean","Afghanistan",2011,32.4,"Actual",NA
"Eastern Mediterranean","Afghanistan",2011,32.4,"Utilized",NA
"Eastern Mediterranean","Afghanistan",2012,33.4,"Actual",NA
"Eastern Mediterranean","Afghanistan",2012,33.4,"Utilized",NA
"Eastern Mediterranean","Afghanistan",2013,30.6,"Actual",NA
"Eastern Mediterranean","Afghanistan",2013,30.6,"Utilized",NA
"Eastern Mediterranean","Afghanistan",2014,31.3,"Actual",NA
"Eastern Mediterranean","Afghanistan",2014,31.3,"Utilized",NA
"Europe","Albania",2000,3.1,"Actual",NA
"Europe","Albania",2000,3.1,"Utilized",NA
"Europe","Albania",2001,3.1,"Actual",NA
"Europe","Albania",2001,3.1,"Utilized",NA
"Europe","Albania",2002,3.2,"Actual",NA
"Europe","Albania",2002,3.2,"Utilized",NA
"Europe","Albania",2003,3.2,"Actual",NA
"Europe","Albania",2003,3.2,"Utilized",NA
"Europe","Albania",2004,3.2,"Actual",NA
"Europe","Albania",2004,3.2,"Utilized",NA
"Europe","Albania",2005,3.1,"Actual",NA
"Europe","Albania",2005,3.1,"Utilized",NA
"Europe","Albania",2006,3.1,"Actual",NA
"Europe","Albania",2006,3.1,"Utilized",NA
"Europe","Albania",2007,3.2,"Actual",NA
"Europe","Albania",2007,3.2,"Utilized",NA
"Europe","Albania",2008,3.2,"Actual",NA
"Europe","Albania",2008,3.2,"Utilized",NA
"Europe","Albania",2009,3.2,"Actual",NA
"Europe","Albania",2009,3.2,"Utilized",NA
"Europe","Albania",2010,3.2,"Actual",0
"Europe","Albania",2010,3.2,"Utilized",NA
"Europe","Albania",2011,3.2,"Actual",0
"Europe","Albania",2011,3.2,"Utilized",0
"Europe","Albania",2012,3.2,"Actual",0
"Europe","Albania",2012,3.2,"Utilized",0
"Europe","Albania",2013,3.2,"Actual",NA
"Europe","Albania",2013,3.2,"Utilized",NA
"Europe","Albania",2014,3.2,"Actual",0
"Europe","Albania",2014,3.2,"Utilized",NA
"Africa","Algeria",2000,31.5,"Actual",NA
"Africa","Algeria",2000,31.5,"Utilized",NA
"Africa","Algeria",2001,30.8,"Actual",NA
"Africa","Algeria",2001,30.8,"Utilized",NA
"Africa","Algeria",2002,31.4,"Actual",NA
"Africa","Algeria",2002,31.4,"Utilized",NA
"Africa","Algeria",2003,31.8,"Actual",NA
"Africa","Algeria",2003,31.8,"Utilized",NA
"Africa","Algeria",2004,32.3,"Actual",NA
"Africa","Algeria",2004,32.3,"Utilized",NA
"Africa","Algeria",2005,32.9,"Actual",NA
"Africa","Algeria",2005,32.9,"Utilized",NA
"Africa","Algeria",2006,33.4,"Actual",NA
"Africa","Algeria",2006,33.4,"Utilized",NA
"Africa","Algeria",2007,33.9,"Actual",NA
"Africa","Algeria",2007,33.9,"Utilized",NA
"Africa","Algeria",2008,34.4,"Actual",NA
"Africa","Algeria",2008,34.4,"Utilized",NA
"Africa","Algeria",2009,34.9,"Actual",0
"Africa","Algeria",2009,34.9,"Utilized",NA
"Africa","Algeria",2010,35.4,"Actual",1
"Africa","Algeria",2010,35.4,"Utilized",NA
"Africa","Algeria",2011,36,"Actual",0
"Africa","Algeria",2011,36,"Utilized",NA
"Africa","Algeria",2012,36.5,"Actual",1
"Africa","Algeria",2012,36.5,"Utilized",NA
"Africa","Algeria",2013,39.2,"Actual",0
"Africa","Algeria",2013,39.2,"Utilized",0
"Africa","Algeria",2014,39.9,"Actual",1
"Africa","Algeria",2014,39.9,"Utilized",1
"Europe","Andorra",2000,0.1,"Actual",NA
"Europe","Andorra",2000,0.1,"Utilized",NA
"Europe","Andorra",2001,0.1,"Actual",NA
"Europe","Andorra",2001,0.1,"Utilized",NA
"Europe","Andorra",2002,0.1,"Actual",NA
"Europe","Andorra",2002,0.1,"Utilized",NA
"Europe","Andorra",2003,0.1,"Actual",NA
"Europe","Andorra",2003,0.1,"Utilized",NA
"Europe","Andorra",2004,0.1,"Actual",NA
"Europe","Andorra",2004,0.1,"Utilized",NA
"Europe","Andorra",2005,0.1,"Actual",NA
"Europe","Andorra",2005,0.1,"Utilized",NA
"Europe","Andorra",2006,0.1,"Actual",NA
"Europe","Andorra",2006,0.1,"Utilized",NA
"Europe","Andorra",2007,0.1,"Actual",NA
"Europe","Andorra",2007,0.1,"Utilized",NA
"Europe","Andorra",2008,0.1,"Actual",NA
"Europe","Andorra",2008,0.1,"Utilized",NA
"Europe","Andorra",2009,0.1,"Actual",NA
"Europe","Andorra",2009,0.1,"Utilized",NA
"Europe","Andorra",2010,0.1,"Actual",NA
"Europe","Andorra",2010,0.1,"Utilized",NA
"Europe","Andorra",2011,0.1,"Actual",NA
"Europe","Andorra",2011,0.1,"Utilized",NA
"Europe","Andorra",2012,0.1,"Actual",NA
"Europe","Andorra",2012,0.1,"Utilized",NA
"Europe","Andorra",2013,0.1,"Actual",NA
"Europe","Andorra",2013,0.1,"Utilized",NA
"Europe","Andorra",2014,0.1,"Actual",NA
"Europe","Andorra",2014,0.1,"Utilized",NA
"Africa","Angola",2000,12.9,"Actual",NA
"Africa","Angola",2000,12.9,"Utilized",NA
"Africa","Angola",2001,13.5,"Actual",NA
"Africa","Angola",2001,13.5,"Utilized",NA
"Africa","Angola",2002,13.9,"Actual",NA
"Africa","Angola",2002,13.9,"Utilized",NA
"Africa","Angola",2003,13.6,"Actual",NA
"Africa","Angola",2003,13.6,"Utilized",NA
"Africa","Angola",2004,14.1,"Actual",NA
"Africa","Angola",2004,14.1,"Utilized",NA
"Africa","Angola",2005,15.9,"Actual",NA
"Africa","Angola",2005,15.9,"Utilized",NA
"Africa","Angola",2006,16.4,"Actual",NA
"Africa","Angola",2006,16.4,"Utilized",NA
"Africa","Angola",2007,16.9,"Actual",NA
"Africa","Angola",2007,16.9,"Utilized",NA
"Africa","Angola",2008,17.5,"Actual",NA
"Africa","Angola",2008,17.5,"Utilized",NA
"Africa","Angola",2009,18.5,"Actual",NA
"Africa","Angola",2009,18.5,"Utilized",NA
"Africa","Angola",2010,19,"Actual",NA
"Africa","Angola",2010,19,"Utilized",NA
"Africa","Angola",2011,19.6,"Actual",NA
"Africa","Angola",2011,19.6,"Utilized",NA
"Africa","Angola",2012,20.2,"Actual",NA
"Africa","Angola",2012,20.2,"Utilized",NA
"Africa","Angola",2013,21.5,"Actual",NA
"Africa","Angola",2013,21.5,"Utilized",NA
"Africa","Angola",2014,22.1,"Actual",NA
"Africa","Angola",2014,22.1,"Utilized",NA
"America","Antigua and Barbuda",2000,0.1,"Actual",NA
"America","Antigua and Barbuda",2000,0.1,"Utilized",NA
"America","Antigua and Barbuda",2001,0.1,"Actual",NA
"America","Antigua and Barbuda",2001,0.1,"Utilized",NA
"America","Antigua and Barbuda",2002,0.1,"Actual",NA
"America","Antigua and Barbuda",2002,0.1,"Utilized",NA
"America","Antigua and Barbuda",2003,0.1,"Actual",NA
"America","Antigua and Barbuda",2003,0.1,"Utilized",NA
"America","Antigua and Barbuda",2004,0.1,"Actual",NA
"America","Antigua and Barbuda",2004,0.1,"Utilized",NA
"America","Antigua and Barbuda",2005,0.1,"Actual",NA
"America","Antigua and Barbuda",2005,0.1,"Utilized",NA
"America","Antigua and Barbuda",2006,0.1,"Actual",NA
"America","Antigua and Barbuda",2006,0.1,"Utilized",NA
"America","Antigua and Barbuda",2007,0.1,"Actual",NA
"America","Antigua and Barbuda",2007,0.1,"Utilized",NA
"America","Antigua and Barbuda",2008,0.1,"Actual",NA
"America","Antigua and Barbuda",2008,0.1,"Utilized",NA
"America","Antigua and Barbuda",2009,0.1,"Actual",NA
"America","Antigua and Barbuda",2009,0.1,"Utilized",NA
"America","Antigua and Barbuda",2010,0.1,"Actual",NA
"America","Antigua and Barbuda",2010,0.1,"Utilized",NA
"America","Antigua and Barbuda",2011,0.1,"Actual",NA
"America","Antigua and Barbuda",2011,0.1,"Utilized",NA
"America","Antigua and Barbuda",2012,0.1,"Actual",NA
"America","Antigua and Barbuda",2012,0.1,"Utilized",NA
"America","Antigua and Barbuda",2013,0.1,"Actual",NA
"America","Antigua and Barbuda",2013,0.1,"Utilized",NA
"America","Antigua and Barbuda",2014,0.1,"Actual",NA
"America","Antigua and Barbuda",2014,0.1,"Utilized",NA
"America","Argentina",2000,37,"Actual",NA
"America","Argentina",2000,37,"Utilized",NA
"America","Argentina",2001,37.5,"Actual",NA
"America","Argentina",2001,37.5,"Utilized",NA
"America","Argentina",2002,37.9,"Actual",NA
"America","Argentina",2002,37.9,"Utilized",NA
"America","Argentina",2003,38.4,"Actual",NA
"America","Argentina",2003,38.4,"Utilized",NA
"America","Argentina",2004,38.9,"Actual",403
"America","Argentina",2004,38.9,"Utilized",NA
"America","Argentina",2005,38.7,"Actual",407
"America","Argentina",2005,38.7,"Utilized",NA
"America","Argentina",2006,39.1,"Actual",462
"America","Argentina",2006,39.1,"Utilized",NA
"America","Argentina",2007,39.5,"Actual",486
"America","Argentina",2007,39.5,"Utilized",NA
"America","Argentina",2008,39.9,"Actual",519
"America","Argentina",2008,39.9,"Utilized",NA
"America","Argentina",2009,40.3,"Actual",500
"America","Argentina",2009,40.3,"Utilized",NA
"America","Argentina",2010,40.7,"Actual",583
"America","Argentina",2010,40.7,"Utilized",NA
"America","Argentina",2011,40.8,"Actual",604
"America","Argentina",2011,40.8,"Utilized",NA
"America","Argentina",2012,41.1,"Actual",630
"America","Argentina",2012,41.1,"Utilized",NA
"America","Argentina",2013,41.4,"Actual",568
"America","Argentina",2013,41.4,"Utilized",516
"America","Argentina",2014,41.8,"Actual",555
"America","Argentina",2014,41.8,"Utilized",507
"Europe","Armenia",2000,3.5,"Actual",NA
"Europe","Armenia",2000,3.5,"Utilized",NA
"Europe","Armenia",2001,3.8,"Actual",NA
"Europe","Armenia",2001,3.8,"Utilized",NA
"Europe","Armenia",2002,3.8,"Actual",NA
"Europe","Armenia",2002,3.8,"Utilized",NA
"Europe","Armenia",2003,3.1,"Actual",NA
"Europe","Armenia",2003,3.1,"Utilized",NA
"Europe","Armenia",2004,3.1,"Actual",NA
"Europe","Armenia",2004,3.1,"Utilized",NA
"Europe","Armenia",2005,3,"Actual",0
"Europe","Armenia",2005,3,"Utilized",NA
"Europe","Armenia",2006,3,"Actual",NA
"Europe","Armenia",2006,3,"Utilized",NA
"Europe","Armenia",2007,3,"Actual",NA
"Europe","Armenia",2007,3,"Utilized",NA
"Europe","Armenia",2008,3,"Actual",NA
"Europe","Armenia",2008,3,"Utilized",NA
"Europe","Armenia",2009,3.1,"Actual",NA
"Europe","Armenia",2009,3.1,"Utilized",NA
"Europe","Armenia",2010,3.1,"Actual",NA
"Europe","Armenia",2010,3.1,"Utilized",NA
"Europe","Armenia",2011,3.1,"Actual",NA
"Europe","Armenia",2011,3.1,"Utilized",NA
"Europe","Armenia",2012,3.1,"Actual",0
"Europe","Armenia",2012,3.1,"Utilized",NA
"Europe","Armenia",2013,3,"Actual",0
"Europe","Armenia",2013,3,"Utilized",0
"Europe","Armenia",2014,3,"Actual",0
"Europe","Armenia",2014,3,"Utilized",0
"Western Pacific","Australia",2000,18.9,"Actual",195
"Western Pacific","Australia",2000,18.9,"Utilized",NA
"Western Pacific","Australia",2001,19.3,"Actual",180
"Western Pacific","Australia",2001,19.3,"Utilized",NA
"Western Pacific","Australia",2002,19.5,"Actual",206
"Western Pacific","Australia",2002,19.5,"Utilized",NA
"Western Pacific","Australia",2003,19.7,"Actual",179
"Western Pacific","Australia",2003,19.7,"Utilized",NA
"Western Pacific","Australia",2004,19.9,"Actual",218
"Western Pacific","Australia",2004,19.9,"Utilized",NA
"Western Pacific","Australia",2005,20.2,"Actual",204
"Western Pacific","Australia",2005,20.2,"Utilized",NA
"Western Pacific","Australia",2006,20.4,"Actual",NA
"Western Pacific","Australia",2006,20.4,"Utilized",NA
"Western Pacific","Australia",2007,20.6,"Actual",198
"Western Pacific","Australia",2007,20.6,"Utilized",NA
"Western Pacific","Australia",2008,21,"Actual",259
"Western Pacific","Australia",2008,21,"Utilized",NA
"Western Pacific","Australia",2009,21.3,"Actual",247
"Western Pacific","Australia",2009,21.3,"Utilized",NA
"Western Pacific","Australia",2010,21.5,"Actual",302
"Western Pacific","Australia",2010,21.5,"Utilized",NA
"Western Pacific","Australia",2011,22.6,"Actual",337
"Western Pacific","Australia",2011,22.6,"Utilized",245
"Western Pacific","Australia",2012,22.9,"Actual",354
"Western Pacific","Australia",2012,22.9,"Utilized",NA
"Western Pacific","Australia",2013,23.3,"Actual",391
"Western Pacific","Australia",2013,23.3,"Utilized",362
"Europe","Austria",2000,8.2,"Actual",194
"Europe","Austria",2000,8.2,"Utilized",NA
"Europe","Austria",2001,8.1,"Actual",191
"Europe","Austria",2001,8.1,"Utilized",NA
"Europe","Austria",2002,8.1,"Actual",195
"Europe","Austria",2002,8.1,"Utilized",NA
"Europe","Austria",2003,8.1,"Actual",189
"Europe","Austria",2003,8.1,"Utilized",NA
"Europe","Austria",2004,8.1,"Actual",185
"Europe","Austria",2004,8.1,"Utilized",NA
"Europe","Austria",2005,8.2,"Actual",203
"Europe","Austria",2005,8.2,"Utilized",NA
"Europe","Austria",2006,8.2,"Actual",207
"Europe","Austria",2006,8.2,"Utilized",NA
"Europe","Austria",2007,8.2,"Actual",185
"Europe","Austria",2007,8.2,"Utilized",NA
"Europe","Austria",2008,8.4,"Actual",172
"Europe","Austria",2008,8.4,"Utilized",NA
"Europe","Austria",2009,8.4,"Actual",214
"Europe","Austria",2009,8.4,"Utilized",210
"Europe","Austria",2010,8.4,"Actual",196
"Europe","Austria",2010,8.4,"Utilized",NA
"Europe","Austria",2011,8.4,"Actual",205
"Europe","Austria",2011,8.4,"Utilized",NA
"Europe","Austria",2012,8.4,"Actual",198
"Europe","Austria",2012,8.4,"Utilized",NA
"Europe","Austria",2013,8.5,"Actual",208
"Europe","Austria",2013,8.5,"Utilized",187
"Europe","Austria",2014,8.5,"Actual",212
"Europe","Austria",2014,8.5,"Utilized",207
"Europe","Azerbaijan",2000,7.7,"Actual",NA
"Europe","Azerbaijan",2000,7.7,"Utilized",NA
"Europe","Azerbaijan",2001,8.1,"Actual",NA
"Europe","Azerbaijan",2001,8.1,"Utilized",NA
"Europe","Azerbaijan",2002,8.1,"Actual",NA
"Europe","Azerbaijan",2002,8.1,"Utilized",NA
"Europe","Azerbaijan",2003,8.4,"Actual",NA
"Europe","Azerbaijan",2003,8.4,"Utilized",NA
"Europe","Azerbaijan",2004,8.4,"Actual",NA
"Europe","Azerbaijan",2004,8.4,"Utilized",NA
"Europe","Azerbaijan",2005,8.4,"Actual",NA
"Europe","Azerbaijan",2005,8.4,"Utilized",NA
"Europe","Azerbaijan",2006,8.5,"Actual",NA
"Europe","Azerbaijan",2006,8.5,"Utilized",NA
"Europe","Azerbaijan",2007,8.5,"Actual",NA
"Europe","Azerbaijan",2007,8.5,"Utilized",NA
"Europe","Azerbaijan",2008,8.5,"Actual",NA
"Europe","Azerbaijan",2008,8.5,"Utilized",NA
"Europe","Azerbaijan",2009,8.8,"Actual",NA
"Europe","Azerbaijan",2009,8.8,"Utilized",NA
"Europe","Azerbaijan",2010,8.9,"Actual",NA
"Europe","Azerbaijan",2010,8.9,"Utilized",NA
"Europe","Azerbaijan",2011,9.3,"Actual",0
"Europe","Azerbaijan",2011,9.3,"Utilized",0
"Europe","Azerbaijan",2012,9.4,"Actual",0
"Europe","Azerbaijan",2012,9.4,"Utilized",0
"Europe","Azerbaijan",2013,9.4,"Actual",0
"Europe","Azerbaijan",2013,9.4,"Utilized",0
"Europe","Azerbaijan",2014,9.5,"Actual",0
"Europe","Azerbaijan",2014,9.5,"Utilized",0
"America","Bahamas",2000,0.3,"Actual",NA
"America","Bahamas",2000,0.3,"Utilized",NA
"America","Bahamas",2001,0.3,"Actual",NA
"America","Bahamas",2001,0.3,"Utilized",NA
"America","Bahamas",2002,0.3,"Actual",NA
"America","Bahamas",2002,0.3,"Utilized",NA
"America","Bahamas",2003,0.3,"Actual",NA
"America","Bahamas",2003,0.3,"Utilized",NA
"America","Bahamas",2004,0.3,"Actual",NA
"America","Bahamas",2004,0.3,"Utilized",NA
"America","Bahamas",2005,0.3,"Actual",NA
"America","Bahamas",2005,0.3,"Utilized",NA
"America","Bahamas",2006,0.3,"Actual",NA
"America","Bahamas",2006,0.3,"Utilized",NA
"America","Bahamas",2007,0.3,"Actual",NA
"America","Bahamas",2007,0.3,"Utilized",NA
"America","Bahamas",2008,0.3,"Actual",NA
"America","Bahamas",2008,0.3,"Utilized",NA
"America","Bahamas",2009,0.3,"Actual",NA
"America","Bahamas",2009,0.3,"Utilized",NA
"America","Bahamas",2010,0.3,"Actual",NA
"America","Bahamas",2010,0.3,"Utilized",NA
"America","Bahamas",2011,0.3,"Actual",NA
"America","Bahamas",2011,0.3,"Utilized",NA
"America","Bahamas",2012,0.4,"Actual",NA
"America","Bahamas",2012,0.4,"Utilized",NA
"America","Bahamas",2013,0.4,"Actual",NA
"America","Bahamas",2013,0.4,"Utilized",NA
"America","Bahamas",2014,0.4,"Actual",NA
"America","Bahamas",2014,0.4,"Utilized",NA
"Eastern Mediterranean","Bahrain",2000,0.6,"Actual",NA
"Eastern Mediterranean","Bahrain",2000,0.6,"Utilized",NA
"Eastern Mediterranean","Bahrain",2001,0.6,"Actual",NA
"Eastern Mediterranean","Bahrain",2001,0.6,"Utilized",NA
"Eastern Mediterranean","Bahrain",2002,0.6,"Actual",NA
"Eastern Mediterranean","Bahrain",2002,0.6,"Utilized",NA
"Eastern Mediterranean","Bahrain",2003,0.7,"Actual",NA
"Eastern Mediterranean","Bahrain",2003,0.7,"Utilized",NA
"Eastern Mediterranean","Bahrain",2004,0.7,"Actual",NA
"Eastern Mediterranean","Bahrain",2004,0.7,"Utilized",NA
"Eastern Mediterranean","Bahrain",2005,0.7,"Actual",NA
"Eastern Mediterranean","Bahrain",2005,0.7,"Utilized",NA
"Eastern Mediterranean","Bahrain",2006,0.7,"Actual",NA
"Eastern Mediterranean","Bahrain",2006,0.7,"Utilized",NA
"Eastern Mediterranean","Bahrain",2007,0.7,"Actual",NA
"Eastern Mediterranean","Bahrain",2007,0.7,"Utilized",NA
"Eastern Mediterranean","Bahrain",2008,0.8,"Actual",NA
"Eastern Mediterranean","Bahrain",2008,0.8,"Utilized",NA
"Eastern Mediterranean","Bahrain",2009,0.8,"Actual",NA
"Eastern Mediterranean","Bahrain",2009,0.8,"Utilized",NA
"Eastern Mediterranean","Bahrain",2010,0.8,"Actual",NA
"Eastern Mediterranean","Bahrain",2010,0.8,"Utilized",NA
"Eastern Mediterranean","Bahrain",2011,1.3,"Actual",NA
"Eastern Mediterranean","Bahrain",2011,1.3,"Utilized",NA
"Eastern Mediterranean","Bahrain",2012,1.4,"Actual",NA
"Eastern Mediterranean","Bahrain",2012,1.4,"Utilized",NA
"Eastern Mediterranean","Bahrain",2013,1.3,"Actual",NA
"Eastern Mediterranean","Bahrain",2013,1.3,"Utilized",NA
"Eastern Mediterranean","Bahrain",2014,1.3,"Actual",NA
"Eastern Mediterranean","Bahrain",2014,1.3,"Utilized",NA
"South-East Asia","Bangladesh",2000,129.2,"Actual",NA
"South-East Asia","Bangladesh",2000,129.2,"Utilized",NA
"South-East Asia","Bangladesh",2001,140.4,"Actual",NA
"South-East Asia","Bangladesh",2001,140.4,"Utilized",NA
"South-East Asia","Bangladesh",2002,143.4,"Actual",NA
"South-East Asia","Bangladesh",2002,143.4,"Utilized",NA
"South-East Asia","Bangladesh",2003,146.7,"Actual",NA
"South-East Asia","Bangladesh",2003,146.7,"Utilized",NA
"South-East Asia","Bangladesh",2004,149.7,"Actual",NA
"South-East Asia","Bangladesh",2004,149.7,"Utilized",NA
"South-East Asia","Bangladesh",2005,141.8,"Actual",NA
"South-East Asia","Bangladesh",2005,141.8,"Utilized",NA
"South-East Asia","Bangladesh",2006,144.4,"Actual",NA
"South-East Asia","Bangladesh",2006,144.4,"Utilized",NA
"South-East Asia","Bangladesh",2007,147.1,"Actual",NA
"South-East Asia","Bangladesh",2007,147.1,"Utilized",NA
"South-East Asia","Bangladesh",2008,161.3,"Actual",NA
"South-East Asia","Bangladesh",2008,161.3,"Utilized",NA
"South-East Asia","Bangladesh",2009,162.2,"Actual",NA
"South-East Asia","Bangladesh",2009,162.2,"Utilized",NA
"South-East Asia","Bangladesh",2010,164.4,"Actual",NA
"South-East Asia","Bangladesh",2010,164.4,"Utilized",NA
"South-East Asia","Bangladesh",2011,150.5,"Actual",NA
"South-East Asia","Bangladesh",2011,150.5,"Utilized",NA
"South-East Asia","Bangladesh",2012,152.4,"Actual",NA
"South-East Asia","Bangladesh",2012,152.4,"Utilized",NA
"South-East Asia","Bangladesh",2013,156.6,"Actual",NA
"South-East Asia","Bangladesh",2013,156.6,"Utilized",NA
"South-East Asia","Bangladesh",2014,158.5,"Actual",NA
"South-East Asia","Bangladesh",2014,158.5,"Utilized",NA
"America","Barbados",2000,0.3,"Actual",NA
"America","Barbados",2000,0.3,"Utilized",NA
"America","Barbados",2001,0.3,"Actual",NA
"America","Barbados",2001,0.3,"Utilized",NA
"America","Barbados",2002,0.3,"Actual",NA
"America","Barbados",2002,0.3,"Utilized",NA
"America","Barbados",2003,0.3,"Actual",NA
"America","Barbados",2003,0.3,"Utilized",NA
"America","Barbados",2004,0.3,"Actual",NA
"America","Barbados",2004,0.3,"Utilized",NA
"America","Barbados",2005,0.3,"Actual",NA
"America","Barbados",2005,0.3,"Utilized",NA
"America","Barbados",2006,0.3,"Actual",NA
"America","Barbados",2006,0.3,"Utilized",NA
"America","Barbados",2007,0.3,"Actual",NA
"America","Barbados",2007,0.3,"Utilized",NA
"America","Barbados",2008,0.3,"Actual",NA
"America","Barbados",2008,0.3,"Utilized",NA
"America","Barbados",2009,0.3,"Actual",NA
"America","Barbados",2009,0.3,"Utilized",NA
"America","Barbados",2010,0.3,"Actual",NA
"America","Barbados",2010,0.3,"Utilized",NA
"America","Barbados",2011,0.3,"Actual",NA
"America","Barbados",2011,0.3,"Utilized",NA
"America","Barbados",2012,0.3,"Actual",NA
"America","Barbados",2012,0.3,"Utilized",NA
"America","Barbados",2013,0.3,"Actual",NA
"America","Barbados",2013,0.3,"Utilized",NA
"America","Barbados",2014,0.3,"Actual",NA
"America","Barbados",2014,0.3,"Utilized",NA
"Europe","Belarus",2000,10.2,"Actual",NA
"Europe","Belarus",2000,10.2,"Utilized",NA
"Europe","Belarus",2001,10.1,"Actual",NA
"Europe","Belarus",2001,10.1,"Utilized",NA
"Europe","Belarus",2002,10.1,"Actual",NA
"Europe","Belarus",2002,10.1,"Utilized",NA
"Europe","Belarus",2003,9.9,"Actual",NA
"Europe","Belarus",2003,9.9,"Utilized",NA
"Europe","Belarus",2004,9.9,"Actual",NA
"Europe","Belarus",2004,9.9,"Utilized",NA
"Europe","Belarus",2005,9.8,"Actual",4
"Europe","Belarus",2005,9.8,"Utilized",NA
"Europe","Belarus",2006,9.7,"Actual",NA
"Europe","Belarus",2006,9.7,"Utilized",NA
"Europe","Belarus",2007,9.6,"Actual",NA
"Europe","Belarus",2007,9.6,"Utilized",NA
"Europe","Belarus",2008,9.6,"Actual",NA
"Europe","Belarus",2008,9.6,"Utilized",NA
"Europe","Belarus",2009,9.6,"Actual",NA
"Europe","Belarus",2009,9.6,"Utilized",NA
"Europe","Belarus",2010,9.6,"Actual",NA
"Europe","Belarus",2010,9.6,"Utilized",NA
"Europe","Belarus",2011,9.6,"Actual",96
"Europe","Belarus",2011,9.6,"Utilized",NA
"Europe","Belarus",2012,9.5,"Actual",106
"Europe","Belarus",2012,9.5,"Utilized",NA
"Europe","Belarus",2013,9.4,"Actual",170
"Europe","Belarus",2013,9.4,"Utilized",165
"Europe","Belarus",2014,9.3,"Actual",165
"Europe","Belarus",2014,9.3,"Utilized",160
"Europe","Belgium",2000,10.2,"Actual",256
"Europe","Belgium",2000,10.2,"Utilized",NA
"Europe","Belgium",2001,10.3,"Actual",222
"Europe","Belgium",2001,10.3,"Utilized",NA
"Europe","Belgium",2002,10.3,"Actual",223
"Europe","Belgium",2002,10.3,"Utilized",NA
"Europe","Belgium",2003,10.3,"Actual",237
"Europe","Belgium",2003,10.3,"Utilized",NA
"Europe","Belgium",2004,10.3,"Actual",227
"Europe","Belgium",2004,10.3,"Utilized",NA
"Europe","Belgium",2005,10.4,"Actual",248
"Europe","Belgium",2005,10.4,"Utilized",NA
"Europe","Belgium",2006,10.4,"Actual",282
"Europe","Belgium",2006,10.4,"Utilized",NA
"Europe","Belgium",2007,10.5,"Actual",298
"Europe","Belgium",2007,10.5,"Utilized",NA
"Europe","Belgium",2008,10.5,"Actual",274
"Europe","Belgium",2008,10.5,"Utilized",NA
"Europe","Belgium",2009,10.6,"Actual",285
"Europe","Belgium",2009,10.6,"Utilized",276
"Europe","Belgium",2010,10.7,"Actual",221
"Europe","Belgium",2010,10.7,"Utilized",NA
"Europe","Belgium",2011,10.8,"Actual",331
"Europe","Belgium",2011,10.8,"Utilized",NA
"Europe","Belgium",2012,10.8,"Actual",326
"Europe","Belgium",2012,10.8,"Utilized",NA
"Europe","Belgium",2013,11.1,"Actual",324
"Europe","Belgium",2013,11.1,"Utilized",306
"Europe","Belgium",2014,11.1,"Actual",299
"Europe","Belgium",2014,11.1,"Utilized",282
"America","Belize",2000,0.2,"Actual",NA
"America","Belize",2000,0.2,"Utilized",NA
"America","Belize",2001,0.2,"Actual",NA
"America","Belize",2001,0.2,"Utilized",NA
"America","Belize",2002,0.2,"Actual",NA
"America","Belize",2002,0.2,"Utilized",NA
"America","Belize",2003,0.2,"Actual",NA
"America","Belize",2003,0.2,"Utilized",NA
"America","Belize",2004,0.3,"Actual",NA
"America","Belize",2004,0.3,"Utilized",NA
"America","Belize",2005,0.3,"Actual",NA
"America","Belize",2005,0.3,"Utilized",NA
"America","Belize",2006,0.3,"Actual",NA
"America","Belize",2006,0.3,"Utilized",NA
"America","Belize",2007,0.3,"Actual",NA
"America","Belize",2007,0.3,"Utilized",NA
"America","Belize",2008,0.3,"Actual",NA
"America","Belize",2008,0.3,"Utilized",NA
"America","Belize",2009,0.3,"Actual",NA
"America","Belize",2009,0.3,"Utilized",NA
"America","Belize",2010,0.3,"Actual",NA
"America","Belize",2010,0.3,"Utilized",NA
"America","Belize",2011,0.3,"Actual",NA
"America","Belize",2011,0.3,"Utilized",NA
"America","Belize",2012,0.3,"Actual",NA
"America","Belize",2012,0.3,"Utilized",NA
"America","Belize",2013,0.3,"Actual",NA
"America","Belize",2013,0.3,"Utilized",NA
"America","Belize",2014,0.3,"Actual",NA
"America","Belize",2014,0.3,"Utilized",NA
"Africa","Benin",2000,6.1,"Actual",NA
"Africa","Benin",2000,6.1,"Utilized",NA
"Africa","Benin",2001,6.4,"Actual",NA
"Africa","Benin",2001,6.4,"Utilized",NA
"Africa","Benin",2002,6.6,"Actual",NA
"Africa","Benin",2002,6.6,"Utilized",NA
"Africa","Benin",2003,6.7,"Actual",NA
"Africa","Benin",2003,6.7,"Utilized",NA
"Africa","Benin",2004,6.9,"Actual",NA
"Africa","Benin",2004,6.9,"Utilized",NA
"Africa","Benin",2005,8.4,"Actual",NA
"Africa","Benin",2005,8.4,"Utilized",NA
"Africa","Benin",2006,8.7,"Actual",NA
"Africa","Benin",2006,8.7,"Utilized",NA
"Africa","Benin",2007,9,"Actual",NA
"Africa","Benin",2007,9,"Utilized",NA
"Africa","Benin",2008,9.3,"Actual",NA
"Africa","Benin",2008,9.3,"Utilized",NA
"Africa","Benin",2009,8.9,"Actual",NA
"Africa","Benin",2009,8.9,"Utilized",NA
"Africa","Benin",2010,9.2,"Actual",NA
"Africa","Benin",2010,9.2,"Utilized",NA
"Africa","Benin",2011,9.1,"Actual",NA
"Africa","Benin",2011,9.1,"Utilized",NA
"Africa","Benin",2012,9.4,"Actual",NA
"Africa","Benin",2012,9.4,"Utilized",NA
"Africa","Benin",2013,10.3,"Actual",NA
"Africa","Benin",2013,10.3,"Utilized",NA
"Africa","Benin",2014,10.6,"Actual",NA
"Africa","Benin",2014,10.6,"Utilized",NA
"South-East Asia","Bhutan",2000,2.1,"Actual",NA
"South-East Asia","Bhutan",2000,2.1,"Utilized",NA
"South-East Asia","Bhutan",2001,2.1,"Actual",NA
"South-East Asia","Bhutan",2001,2.1,"Utilized",NA
"South-East Asia","Bhutan",2002,2.2,"Actual",NA
"South-East Asia","Bhutan",2002,2.2,"Utilized",NA
"South-East Asia","Bhutan",2003,2.3,"Actual",NA
"South-East Asia","Bhutan",2003,2.3,"Utilized",NA
"South-East Asia","Bhutan",2004,2.3,"Actual",NA
"South-East Asia","Bhutan",2004,2.3,"Utilized",NA
"South-East Asia","Bhutan",2005,2.2,"Actual",NA
"South-East Asia","Bhutan",2005,2.2,"Utilized",NA
"South-East Asia","Bhutan",2006,2.2,"Actual",NA
"South-East Asia","Bhutan",2006,2.2,"Utilized",NA
"South-East Asia","Bhutan",2007,2.3,"Actual",0
"South-East Asia","Bhutan",2007,2.3,"Utilized",NA
"South-East Asia","Bhutan",2008,0.7,"Actual",NA
"South-East Asia","Bhutan",2008,0.7,"Utilized",NA
"South-East Asia","Bhutan",2009,0.7,"Actual",0
"South-East Asia","Bhutan",2009,0.7,"Utilized",NA
"South-East Asia","Bhutan",2010,0.7,"Actual",0
"South-East Asia","Bhutan",2010,0.7,"Utilized",NA
"South-East Asia","Bhutan",2011,0.7,"Actual",0
"South-East Asia","Bhutan",2011,0.7,"Utilized",0
"South-East Asia","Bhutan",2012,0.8,"Actual",0
"South-East Asia","Bhutan",2012,0.8,"Utilized",0
"South-East Asia","Bhutan",2013,0.8,"Actual",0
"South-East Asia","Bhutan",2013,0.8,"Utilized",0
"South-East Asia","Bhutan",2014,0.8,"Actual",0
"South-East Asia","Bhutan",2014,0.8,"Utilized",0
"America","Bolivia (Plurinational State of)",2010,10.7,"Actual",15
"America","Bolivia (Plurinational State of)",2010,10.7,"Utilized",NA
"America","Bolivia (Plurinational State of)",2000,8.3,"Actual",NA
"America","Bolivia (Plurinational State of)",2000,8.3,"Utilized",NA
"America","Bolivia (Plurinational State of)",2001,8.5,"Actual",NA
"America","Bolivia (Plurinational State of)",2001,8.5,"Utilized",NA
"America","Bolivia (Plurinational State of)",2002,8.7,"Actual",NA
"America","Bolivia (Plurinational State of)",2002,8.7,"Utilized",NA
"America","Bolivia (Plurinational State of)",2003,8.8,"Actual",NA
"America","Bolivia (Plurinational State of)",2003,8.8,"Utilized",NA
"America","Bolivia (Plurinational State of)",2004,9,"Actual",3
"America","Bolivia (Plurinational State of)",2004,9,"Utilized",NA
"America","Bolivia (Plurinational State of)",2005,9.2,"Actual",NA
"America","Bolivia (Plurinational State of)",2005,9.2,"Utilized",NA
"America","Bolivia (Plurinational State of)",2006,9.4,"Actual",NA
"America","Bolivia (Plurinational State of)",2006,9.4,"Utilized",NA
"America","Bolivia (Plurinational State of)",2007,9.5,"Actual",NA
"America","Bolivia (Plurinational State of)",2007,9.5,"Utilized",NA
"America","Bolivia (Plurinational State of)",2008,9.7,"Actual",20
"America","Bolivia (Plurinational State of)",2008,9.7,"Utilized",NA
"America","Bolivia (Plurinational State of)",2009,9.9,"Actual",NA
"America","Bolivia (Plurinational State of)",2009,9.9,"Utilized",NA
"America","Bolivia (Plurinational State of)",2011,10.1,"Actual",10
"America","Bolivia (Plurinational State of)",2011,10.1,"Utilized",NA
"America","Bolivia (Plurinational State of)",2012,10.2,"Actual",10
"America","Bolivia (Plurinational State of)",2012,10.2,"Utilized",NA
"America","Bolivia (Plurinational State of)",2013,10.7,"Actual",10
"America","Bolivia (Plurinational State of)",2013,10.7,"Utilized",NA
"America","Bolivia (Plurinational State of)",2014,10.8,"Actual",9
"America","Bolivia (Plurinational State of)",2014,10.8,"Utilized",9
"Europe","Bosnia and Herzegovina",2000,4,"Actual",NA
"Europe","Bosnia and Herzegovina",2000,4,"Utilized",NA
"Europe","Bosnia and Herzegovina",2001,4.1,"Actual",NA
"Europe","Bosnia and Herzegovina",2001,4.1,"Utilized",NA
"Europe","Bosnia and Herzegovina",2002,4.1,"Actual",NA
"Europe","Bosnia and Herzegovina",2002,4.1,"Utilized",NA
"Europe","Bosnia and Herzegovina",2003,4.2,"Actual",NA
"Europe","Bosnia and Herzegovina",2003,4.2,"Utilized",NA
"Europe","Bosnia and Herzegovina",2004,4.2,"Actual",NA
"Europe","Bosnia and Herzegovina",2004,4.2,"Utilized",NA
"Europe","Bosnia and Herzegovina",2005,3.9,"Actual",NA
"Europe","Bosnia and Herzegovina",2005,3.9,"Utilized",NA
"Europe","Bosnia and Herzegovina",2006,3.9,"Actual",NA
"Europe","Bosnia and Herzegovina",2006,3.9,"Utilized",NA
"Europe","Bosnia and Herzegovina",2007,3.9,"Actual",NA
"Europe","Bosnia and Herzegovina",2007,3.9,"Utilized",NA
"Europe","Bosnia and Herzegovina",2008,3.9,"Actual",NA
"Europe","Bosnia and Herzegovina",2008,3.9,"Utilized",NA
"Europe","Bosnia and Herzegovina",2009,3.8,"Actual",NA
"Europe","Bosnia and Herzegovina",2009,3.8,"Utilized",NA
"Europe","Bosnia and Herzegovina",2010,3.8,"Actual",NA
"Europe","Bosnia and Herzegovina",2010,3.8,"Utilized",NA
"Europe","Bosnia and Herzegovina",2011,3.8,"Actual",NA
"Europe","Bosnia and Herzegovina",2011,3.8,"Utilized",NA
"Europe","Bosnia and Herzegovina",2012,3.7,"Actual",NA
"Europe","Bosnia and Herzegovina",2012,3.7,"Utilized",NA
"Europe","Bosnia and Herzegovina",2013,3.8,"Actual",1
"Europe","Bosnia and Herzegovina",2013,3.8,"Utilized",1
"Europe","Bosnia and Herzegovina",2014,3.8,"Actual",4
"Europe","Bosnia and Herzegovina",2014,3.8,"Utilized",4
"Africa","Botswana",2000,1.6,"Actual",NA
"Africa","Botswana",2000,1.6,"Utilized",NA
"Africa","Botswana",2001,1.6,"Actual",NA
"Africa","Botswana",2001,1.6,"Utilized",NA
"Africa","Botswana",2002,1.6,"Actual",NA
"Africa","Botswana",2002,1.6,"Utilized",NA
"Africa","Botswana",2003,1.8,"Actual",NA
"Africa","Botswana",2003,1.8,"Utilized",NA
"Africa","Botswana",2004,1.8,"Actual",NA
"Africa","Botswana",2004,1.8,"Utilized",NA
"Africa","Botswana",2005,1.8,"Actual",NA
"Africa","Botswana",2005,1.8,"Utilized",NA
"Africa","Botswana",2006,1.8,"Actual",NA
"Africa","Botswana",2006,1.8,"Utilized",NA
"Africa","Botswana",2007,1.8,"Actual",NA
"Africa","Botswana",2007,1.8,"Utilized",NA
"Africa","Botswana",2008,1.9,"Actual",NA
"Africa","Botswana",2008,1.9,"Utilized",NA
"Africa","Botswana",2009,2,"Actual",NA
"Africa","Botswana",2009,2,"Utilized",NA
"Africa","Botswana",2010,2,"Actual",NA
"Africa","Botswana",2010,2,"Utilized",NA
"Africa","Botswana",2011,2,"Actual",NA
"Africa","Botswana",2011,2,"Utilized",NA
"Africa","Botswana",2012,2.1,"Actual",NA
"Africa","Botswana",2012,2.1,"Utilized",NA
"Africa","Botswana",2013,2,"Actual",NA
"Africa","Botswana",2013,2,"Utilized",NA
"Africa","Botswana",2014,2,"Actual",NA
"Africa","Botswana",2014,2,"Utilized",NA
"America","Brazil",2000,170.1,"Actual",NA
"America","Brazil",2000,170.1,"Utilized",NA
"America","Brazil",2001,172.6,"Actual",NA
"America","Brazil",2001,172.6,"Utilized",NA
"America","Brazil",2002,174.7,"Actual",NA
"America","Brazil",2002,174.7,"Utilized",NA
"America","Brazil",2003,178.5,"Actual",NA
"America","Brazil",2003,178.5,"Utilized",NA
"America","Brazil",2004,180.7,"Actual",1408
"America","Brazil",2004,180.7,"Utilized",NA
"America","Brazil",2005,186.4,"Actual",1688
"America","Brazil",2005,186.4,"Utilized",NA
"America","Brazil",2006,188.9,"Actual",1112
"America","Brazil",2006,188.9,"Utilized",NA
"America","Brazil",2007,191.3,"Actual",1049
"America","Brazil",2007,191.3,"Utilized",NA
"America","Brazil",2008,194.2,"Actual",1331
"America","Brazil",2008,194.2,"Utilized",NA
"America","Brazil",2009,193.7,"Actual",1553
"America","Brazil",2009,193.7,"Utilized",NA
"America","Brazil",2010,195.4,"Actual",1934
"America","Brazil",2010,195.4,"Utilized",NA
"America","Brazil",2011,196.7,"Actual",2207
"America","Brazil",2011,196.7,"Utilized",NA
"America","Brazil",2012,198.4,"Actual",2451
"America","Brazil",2012,198.4,"Utilized",NA
"America","Brazil",2013,200.4,"Actual",2541
"America","Brazil",2013,200.4,"Utilized",2418
"America","Brazil",2014,202,"Actual",2710
"America","Brazil",2014,202,"Utilized",2465
"Western Pacific","Brunei Darussalam",2000,0.3,"Actual",NA
"Western Pacific","Brunei Darussalam",2000,0.3,"Utilized",NA
"Western Pacific","Brunei Darussalam",2001,0.3,"Actual",NA
"Western Pacific","Brunei Darussalam",2001,0.3,"Utilized",NA
"Western Pacific","Brunei Darussalam",2002,0.3,"Actual",NA
"Western Pacific","Brunei Darussalam",2002,0.3,"Utilized",NA
"Western Pacific","Brunei Darussalam",2003,0.4,"Actual",NA
"Western Pacific","Brunei Darussalam",2003,0.4,"Utilized",NA
"Western Pacific","Brunei Darussalam",2004,0.4,"Actual",NA
"Western Pacific","Brunei Darussalam",2004,0.4,"Utilized",NA
"Western Pacific","Brunei Darussalam",2005,0.4,"Actual",0
"Western Pacific","Brunei Darussalam",2005,0.4,"Utilized",NA
"Western Pacific","Brunei Darussalam",2006,0.4,"Actual",NA
"Western Pacific","Brunei Darussalam",2006,0.4,"Utilized",NA
"Western Pacific","Brunei Darussalam",2007,0.4,"Actual",NA
"Western Pacific","Brunei Darussalam",2007,0.4,"Utilized",NA
"Western Pacific","Brunei Darussalam",2008,0.4,"Actual",NA
"Western Pacific","Brunei Darussalam",2008,0.4,"Utilized",NA
"Western Pacific","Brunei Darussalam",2009,0.4,"Actual",NA
"Western Pacific","Brunei Darussalam",2009,0.4,"Utilized",NA
"Western Pacific","Brunei Darussalam",2010,0.4,"Actual",NA
"Western Pacific","Brunei Darussalam",2010,0.4,"Utilized",NA
"Western Pacific","Brunei Darussalam",2011,0.4,"Actual",NA
"Western Pacific","Brunei Darussalam",2011,0.4,"Utilized",NA
"Western Pacific","Brunei Darussalam",2012,0.4,"Actual",NA
"Western Pacific","Brunei Darussalam",2012,0.4,"Utilized",NA
"Western Pacific","Brunei Darussalam",2013,0.4,"Actual",NA
"Western Pacific","Brunei Darussalam",2013,0.4,"Utilized",NA
"Western Pacific","Brunei Darussalam",2014,0.4,"Actual",NA
"Western Pacific","Brunei Darussalam",2014,0.4,"Utilized",NA
"Europe","Bulgaria",2000,8.2,"Actual",26
"Europe","Bulgaria",2000,8.2,"Utilized",NA
"Europe","Bulgaria",2001,7.9,"Actual",2
"Europe","Bulgaria",2001,7.9,"Utilized",NA
"Europe","Bulgaria",2002,7.8,"Actual",8
"Europe","Bulgaria",2002,7.8,"Utilized",NA
"Europe","Bulgaria",2003,7.9,"Actual",12
"Europe","Bulgaria",2003,7.9,"Utilized",NA
"Europe","Bulgaria",2004,7.8,"Actual",7
"Europe","Bulgaria",2004,7.8,"Utilized",NA
"Europe","Bulgaria",2005,7.7,"Actual",6
"Europe","Bulgaria",2005,7.7,"Utilized",NA
"Europe","Bulgaria",2006,7.7,"Actual",19
"Europe","Bulgaria",2006,7.7,"Utilized",NA
"Europe","Bulgaria",2007,7.6,"Actual",9
"Europe","Bulgaria",2007,7.6,"Utilized",NA
"Europe","Bulgaria",2008,7.6,"Actual",8
"Europe","Bulgaria",2008,7.6,"Utilized",NA
"Europe","Bulgaria",2009,7.5,"Actual",11
"Europe","Bulgaria",2009,7.5,"Utilized",11
"Europe","Bulgaria",2010,7.5,"Actual",20
"Europe","Bulgaria",2010,7.5,"Utilized",NA
"Europe","Bulgaria",2011,7.4,"Actual",4
"Europe","Bulgaria",2011,7.4,"Utilized",NA
"Europe","Bulgaria",2012,7.4,"Actual",2
"Europe","Bulgaria",2012,7.4,"Utilized",NA
"Europe","Bulgaria",2013,7.2,"Actual",21
"Europe","Bulgaria",2013,7.2,"Utilized",10
"Europe","Bulgaria",2014,7.2,"Actual",38
"Europe","Bulgaria",2014,7.2,"Utilized",22
"Africa","Burkina Faso",2000,11.9,"Actual",NA
"Africa","Burkina Faso",2000,11.9,"Utilized",NA
"Africa","Burkina Faso",2001,11.9,"Actual",NA
"Africa","Burkina Faso",2001,11.9,"Utilized",NA
"Africa","Burkina Faso",2002,12.2,"Actual",NA
"Africa","Burkina Faso",2002,12.2,"Utilized",NA
"Africa","Burkina Faso",2003,13,"Actual",NA
"Africa","Burkina Faso",2003,13,"Utilized",NA
"Africa","Burkina Faso",2004,13.4,"Actual",NA
"Africa","Burkina Faso",2004,13.4,"Utilized",NA
"Africa","Burkina Faso",2005,13.2,"Actual",NA
"Africa","Burkina Faso",2005,13.2,"Utilized",NA
"Africa","Burkina Faso",2006,13.6,"Actual",NA
"Africa","Burkina Faso",2006,13.6,"Utilized",NA
"Africa","Burkina Faso",2007,14,"Actual",NA
"Africa","Burkina Faso",2007,14,"Utilized",NA
"Africa","Burkina Faso",2008,15.2,"Actual",NA
"Africa","Burkina Faso",2008,15.2,"Utilized",NA
"Africa","Burkina Faso",2009,15.8,"Actual",NA
"Africa","Burkina Faso",2009,15.8,"Utilized",NA
"Africa","Burkina Faso",2010,16.3,"Actual",NA
"Africa","Burkina Faso",2010,16.3,"Utilized",NA
"Africa","Burkina Faso",2011,17,"Actual",NA
"Africa","Burkina Faso",2011,17,"Utilized",NA
"Africa","Burkina Faso",2012,17.5,"Actual",NA
"Africa","Burkina Faso",2012,17.5,"Utilized",NA
"Africa","Burkina Faso",2013,16.9,"Actual",NA
"Africa","Burkina Faso",2013,16.9,"Utilized",NA
"Africa","Burkina Faso",2014,17.4,"Actual",NA
"Africa","Burkina Faso",2014,17.4,"Utilized",NA
"Africa","Burundi",2000,6.7,"Actual",NA
"Africa","Burundi",2000,6.7,"Utilized",NA
"Africa","Burundi",2001,6.5,"Actual",NA
"Africa","Burundi",2001,6.5,"Utilized",NA
"Africa","Burundi",2002,6.7,"Actual",NA
"Africa","Burundi",2002,6.7,"Utilized",NA
"Africa","Burundi",2003,6.8,"Actual",NA
"Africa","Burundi",2003,6.8,"Utilized",NA
"Africa","Burundi",2004,7.1,"Actual",NA
"Africa","Burundi",2004,7.1,"Utilized",NA
"Africa","Burundi",2005,7.5,"Actual",NA
"Africa","Burundi",2005,7.5,"Utilized",NA
"Africa","Burundi",2006,7.8,"Actual",NA
"Africa","Burundi",2006,7.8,"Utilized",NA
"Africa","Burundi",2007,8.1,"Actual",NA
"Africa","Burundi",2007,8.1,"Utilized",NA
"Africa","Burundi",2008,8.9,"Actual",NA
"Africa","Burundi",2008,8.9,"Utilized",NA
"Africa","Burundi",2009,8.3,"Actual",NA
"Africa","Burundi",2009,8.3,"Utilized",NA
"Africa","Burundi",2010,8.5,"Actual",NA
"Africa","Burundi",2010,8.5,"Utilized",NA
"Africa","Burundi",2011,8.6,"Actual",NA
"Africa","Burundi",2011,8.6,"Utilized",NA
"Africa","Burundi",2012,8.7,"Actual",NA
"Africa","Burundi",2012,8.7,"Utilized",NA
"Africa","Burundi",2013,10.2,"Actual",NA
"Africa","Burundi",2013,10.2,"Utilized",NA
"Africa","Burundi",2014,10.5,"Actual",NA
"Africa","Burundi",2014,10.5,"Utilized",NA
"Western Pacific","Cambodia",2000,11.2,"Actual",NA
"Western Pacific","Cambodia",2000,11.2,"Utilized",NA
"Western Pacific","Cambodia",2001,13.4,"Actual",NA
"Western Pacific","Cambodia",2001,13.4,"Utilized",NA
"Western Pacific","Cambodia",2002,13.8,"Actual",NA
"Western Pacific","Cambodia",2002,13.8,"Utilized",NA
"Western Pacific","Cambodia",2003,14.1,"Actual",NA
"Western Pacific","Cambodia",2003,14.1,"Utilized",NA
"Western Pacific","Cambodia",2004,14.5,"Actual",NA
"Western Pacific","Cambodia",2004,14.5,"Utilized",NA
"Western Pacific","Cambodia",2005,14.1,"Actual",NA
"Western Pacific","Cambodia",2005,14.1,"Utilized",NA
"Western Pacific","Cambodia",2006,14.4,"Actual",NA
"Western Pacific","Cambodia",2006,14.4,"Utilized",NA
"Western Pacific","Cambodia",2007,14.6,"Actual",NA
"Western Pacific","Cambodia",2007,14.6,"Utilized",NA
"Western Pacific","Cambodia",2008,14.7,"Actual",NA
"Western Pacific","Cambodia",2008,14.7,"Utilized",NA
"Western Pacific","Cambodia",2009,14.8,"Actual",NA
"Western Pacific","Cambodia",2009,14.8,"Utilized",NA
"Western Pacific","Cambodia",2010,15.1,"Actual",NA
"Western Pacific","Cambodia",2010,15.1,"Utilized",NA
"Western Pacific","Cambodia",2011,14.3,"Actual",NA
"Western Pacific","Cambodia",2011,14.3,"Utilized",NA
"Western Pacific","Cambodia",2012,14.5,"Actual",NA
"Western Pacific","Cambodia",2012,14.5,"Utilized",NA
"Western Pacific","Cambodia",2013,15.1,"Actual",NA
"Western Pacific","Cambodia",2013,15.1,"Utilized",NA
"Western Pacific","Cambodia",2014,15.4,"Actual",NA
"Western Pacific","Cambodia",2014,15.4,"Utilized",NA
"Africa","Cameroon",2000,15.1,"Actual",NA
"Africa","Cameroon",2000,15.1,"Utilized",NA
"Africa","Cameroon",2001,15.2,"Actual",NA
"Africa","Cameroon",2001,15.2,"Utilized",NA
"Africa","Cameroon",2002,15.5,"Actual",NA
"Africa","Cameroon",2002,15.5,"Utilized",NA
"Africa","Cameroon",2003,16,"Actual",NA
"Africa","Cameroon",2003,16,"Utilized",NA
"Africa","Cameroon",2004,16.3,"Actual",NA
"Africa","Cameroon",2004,16.3,"Utilized",NA
"Africa","Cameroon",2005,16.3,"Actual",NA
"Africa","Cameroon",2005,16.3,"Utilized",NA
"Africa","Cameroon",2006,16.6,"Actual",NA
"Africa","Cameroon",2006,16.6,"Utilized",NA
"Africa","Cameroon",2007,16.9,"Actual",NA
"Africa","Cameroon",2007,16.9,"Utilized",NA
"Africa","Cameroon",2008,18.9,"Actual",NA
"Africa","Cameroon",2008,18.9,"Utilized",NA
"Africa","Cameroon",2009,19.5,"Actual",0
"Africa","Cameroon",2009,19.5,"Utilized",NA
"Africa","Cameroon",2010,20,"Actual",NA
"Africa","Cameroon",2010,20,"Utilized",NA
"Africa","Cameroon",2011,20,"Actual",0
"Africa","Cameroon",2011,20,"Utilized",0
"Africa","Cameroon",2012,20.5,"Actual",0
"Africa","Cameroon",2012,20.5,"Utilized",0
"Africa","Cameroon",2013,22.3,"Actual",0
"Africa","Cameroon",2013,22.3,"Utilized",0
"Africa","Cameroon",2014,22.8,"Actual",0
"Africa","Cameroon",2014,22.8,"Utilized",0
"America","Canada",2000,31.1,"Actual",475
"America","Canada",2000,31.1,"Utilized",NA
"America","Canada",2001,31,"Actual",420
"America","Canada",2001,31,"Utilized",NA
"America","Canada",2002,31.3,"Actual",411
"America","Canada",2002,31.3,"Utilized",NA
"America","Canada",2003,31.5,"Actual",428
"America","Canada",2003,31.5,"Utilized",NA
"America","Canada",2004,31.7,"Actual",414
"America","Canada",2004,31.7,"Utilized",NA
"America","Canada",2005,32.3,"Actual",414
"America","Canada",2005,32.3,"Utilized",NA
"America","Canada",2006,32.6,"Actual",468
"America","Canada",2006,32.6,"Utilized",NA
"America","Canada",2007,32.9,"Actual",493
"America","Canada",2007,32.9,"Utilized",NA
"America","Canada",2008,33.2,"Actual",486
"America","Canada",2008,33.2,"Utilized",NA
"America","Canada",2009,33.6,"Actual",487
"America","Canada",2009,33.6,"Utilized",NA
"America","Canada",2010,33.9,"Actual",495
"America","Canada",2010,33.9,"Utilized",NA
"America","Canada",2011,34.3,"Actual",531
"America","Canada",2011,34.3,"Utilized",NA
"America","Canada",2012,34.7,"Actual",542
"America","Canada",2012,34.7,"Utilized",NA
"America","Canada",2013,35.2,"Actual",552
"America","Canada",2013,35.2,"Utilized",552
"America","Canada",2014,35.5,"Actual",591
"America","Canada",2014,35.5,"Utilized",591
"Africa","Cape Verde",2000,0.4,"Actual",NA
"Africa","Cape Verde",2000,0.4,"Utilized",NA
"Africa","Cape Verde",2001,0.4,"Actual",NA
"Africa","Cape Verde",2001,0.4,"Utilized",NA
"Africa","Cape Verde",2002,0.4,"Actual",NA
"Africa","Cape Verde",2002,0.4,"Utilized",NA
"Africa","Cape Verde",2003,0.5,"Actual",NA
"Africa","Cape Verde",2003,0.5,"Utilized",NA
"Africa","Cape Verde",2004,0.5,"Actual",NA
"Africa","Cape Verde",2004,0.5,"Utilized",NA
"Africa","Cape Verde",2005,0.5,"Actual",NA
"Africa","Cape Verde",2005,0.5,"Utilized",NA
"Africa","Cape Verde",2006,0.5,"Actual",NA
"Africa","Cape Verde",2006,0.5,"Utilized",NA
"Africa","Cape Verde",2007,0.5,"Actual",NA
"Africa","Cape Verde",2007,0.5,"Utilized",NA
"Africa","Cape Verde",2008,0.5,"Actual",NA
"Africa","Cape Verde",2008,0.5,"Utilized",NA
"Africa","Cape Verde",2009,0.5,"Actual",NA
"Africa","Cape Verde",2009,0.5,"Utilized",NA
"Africa","Cape Verde",2010,0.5,"Actual",NA
"Africa","Cape Verde",2010,0.5,"Utilized",NA
"Africa","Cape Verde",2011,0.5,"Actual",NA
"Africa","Cape Verde",2011,0.5,"Utilized",NA
"Africa","Cape Verde",2012,0.5,"Actual",NA
"Africa","Cape Verde",2012,0.5,"Utilized",NA
"Africa","Cape Verde",2013,0.5,"Actual",NA
"Africa","Cape Verde",2013,0.5,"Utilized",NA
"Africa","Cape Verde",2014,0.5,"Actual",NA
"Africa","Cape Verde",2014,0.5,"Utilized",NA
"Africa","Central African Republic",2000,3.6,"Actual",NA
"Africa","Central African Republic",2000,3.6,"Utilized",NA
"Africa","Central African Republic",2001,3.8,"Actual",NA
"Africa","Central African Republic",2001,3.8,"Utilized",NA
"Africa","Central African Republic",2002,3.8,"Actual",NA
"Africa","Central African Republic",2002,3.8,"Utilized",NA
"Africa","Central African Republic",2003,3.9,"Actual",NA
"Africa","Central African Republic",2003,3.9,"Utilized",NA
"Africa","Central African Republic",2004,3.9,"Actual",NA
"Africa","Central African Republic",2004,3.9,"Utilized",NA
"Africa","Central African Republic",2005,4,"Actual",NA
"Africa","Central African Republic",2005,4,"Utilized",NA
"Africa","Central African Republic",2006,4.1,"Actual",NA
"Africa","Central African Republic",2006,4.1,"Utilized",NA
"Africa","Central African Republic",2007,4.2,"Actual",NA
"Africa","Central African Republic",2007,4.2,"Utilized",NA
"Africa","Central African Republic",2008,4.4,"Actual",NA
"Africa","Central African Republic",2008,4.4,"Utilized",NA
"Africa","Central African Republic",2009,4.4,"Actual",NA
"Africa","Central African Republic",2009,4.4,"Utilized",NA
"Africa","Central African Republic",2010,4.5,"Actual",NA
"Africa","Central African Republic",2010,4.5,"Utilized",NA
"Africa","Central African Republic",2011,4.5,"Actual",NA
"Africa","Central African Republic",2011,4.5,"Utilized",NA
"Africa","Central African Republic",2012,4.6,"Actual",NA
"Africa","Central African Republic",2012,4.6,"Utilized",NA
"Africa","Central African Republic",2013,4.6,"Actual",NA
"Africa","Central African Republic",2013,4.6,"Utilized",NA
"Africa","Central African Republic",2014,4.7,"Actual",NA
"Africa","Central African Republic",2014,4.7,"Utilized",NA
"America","Colombia",2000,42.3,"Actual",NA
"America","Colombia",2000,42.3,"Utilized",NA
"America","Colombia",2001,42.8,"Actual",NA
"America","Colombia",2001,42.8,"Utilized",NA
"America","Colombia",2002,43.5,"Actual",NA
"America","Colombia",2002,43.5,"Utilized",NA
"America","Colombia",2003,44.2,"Actual",NA
"America","Colombia",2003,44.2,"Utilized",NA
"America","Colombia",2004,44.9,"Actual",258
"America","Colombia",2004,44.9,"Utilized",NA
"America","Colombia",2005,45.6,"Actual",273
"America","Colombia",2005,45.6,"Utilized",NA
"America","Colombia",2006,46.3,"Actual",396
"America","Colombia",2006,46.3,"Utilized",NA
"America","Colombia",2007,47,"Actual",NA
"America","Colombia",2007,47,"Utilized",NA
"America","Colombia",2008,46.7,"Actual",436
"America","Colombia",2008,46.7,"Utilized",NA
"America","Colombia",2009,45.7,"Actual",554
"America","Colombia",2009,45.7,"Utilized",NA
"America","Colombia",2010,46.3,"Actual",569
"America","Colombia",2010,46.3,"Utilized",NA
"America","Colombia",2011,46.9,"Actual",392
"America","Colombia",2011,46.9,"Utilized",NA
"America","Colombia",2012,47.6,"Actual",373
"America","Colombia",2012,47.6,"Utilized",NA
"America","Colombia",2013,48.3,"Actual",329
"America","Colombia",2013,48.3,"Utilized",323
"America","Colombia",2014,48.9,"Actual",346
"America","Colombia",2014,48.9,"Utilized",336
"Africa","Comoros",2000,0.7,"Actual",NA
"Africa","Comoros",2000,0.7,"Utilized",NA
"Africa","Comoros",2001,0.7,"Actual",NA
"Africa","Comoros",2001,0.7,"Utilized",NA
"Africa","Comoros",2002,0.7,"Actual",NA
"Africa","Comoros",2002,0.7,"Utilized",NA
"Africa","Comoros",2003,0.8,"Actual",NA
"Africa","Comoros",2003,0.8,"Utilized",NA
"Africa","Comoros",2004,0.8,"Actual",NA
"Africa","Comoros",2004,0.8,"Utilized",NA
"Africa","Comoros",2005,0.8,"Actual",NA
"Africa","Comoros",2005,0.8,"Utilized",NA
"Africa","Comoros",2006,0.8,"Actual",NA
"Africa","Comoros",2006,0.8,"Utilized",NA
"Africa","Comoros",2007,0.8,"Actual",NA
"Africa","Comoros",2007,0.8,"Utilized",NA
"Africa","Comoros",2008,0.9,"Actual",NA
"Africa","Comoros",2008,0.9,"Utilized",NA
"Africa","Comoros",2009,0.7,"Actual",NA
"Africa","Comoros",2009,0.7,"Utilized",NA
"Africa","Comoros",2010,0.7,"Actual",NA
"Africa","Comoros",2010,0.7,"Utilized",NA
"Africa","Comoros",2011,0.8,"Actual",NA
"Africa","Comoros",2011,0.8,"Utilized",NA
"Africa","Comoros",2012,0.8,"Actual",NA
"Africa","Comoros",2012,0.8,"Utilized",NA
"Africa","Comoros",2013,0.7,"Actual",NA
"Africa","Comoros",2013,0.7,"Utilized",NA
"Africa","Comoros",2014,0.8,"Actual",NA
"Africa","Comoros",2014,0.8,"Utilized",NA
"Africa","Congo",2000,2.9,"Actual",NA
"Africa","Congo",2000,2.9,"Utilized",NA
"Africa","Congo",2001,3.1,"Actual",NA
"Africa","Congo",2001,3.1,"Utilized",NA
"Africa","Congo",2002,3.2,"Actual",NA
"Africa","Congo",2002,3.2,"Utilized",NA
"Africa","Congo",2003,3.7,"Actual",NA
"Africa","Congo",2003,3.7,"Utilized",NA
"Africa","Congo",2004,3.8,"Actual",NA
"Africa","Congo",2004,3.8,"Utilized",NA
"Africa","Congo",2005,4,"Actual",NA
"Africa","Congo",2005,4,"Utilized",NA
"Africa","Congo",2006,4.1,"Actual",NA
"Africa","Congo",2006,4.1,"Utilized",NA
"Africa","Congo",2007,4.2,"Actual",NA
"Africa","Congo",2007,4.2,"Utilized",NA
"Africa","Congo",2008,3.8,"Actual",NA
"Africa","Congo",2008,3.8,"Utilized",NA
"Africa","Congo",2009,3.7,"Actual",NA
"Africa","Congo",2009,3.7,"Utilized",NA
"Africa","Congo",2010,3.8,"Actual",NA
"Africa","Congo",2010,3.8,"Utilized",NA
"Africa","Congo",2011,4.1,"Actual",NA
"Africa","Congo",2011,4.1,"Utilized",NA
"Africa","Congo",2012,4.2,"Actual",NA
"Africa","Congo",2012,4.2,"Utilized",NA
"Africa","Congo",2013,4.4,"Actual",NA
"Africa","Congo",2013,4.4,"Utilized",NA
"Africa","Congo",2014,4.6,"Actual",NA
"Africa","Congo",2014,4.6,"Utilized",NA
"Western Pacific","Cook Islands",2000,0,"Actual",NA
"Western Pacific","Cook Islands",2000,0,"Utilized",NA
"Western Pacific","Cook Islands",2001,0,"Actual",NA
"Western Pacific","Cook Islands",2001,0,"Utilized",NA
"Western Pacific","Cook Islands",2002,0,"Actual",NA
"Western Pacific","Cook Islands",2002,0,"Utilized",NA
"Western Pacific","Cook Islands",2003,0,"Actual",NA
"Western Pacific","Cook Islands",2003,0,"Utilized",NA
"Western Pacific","Cook Islands",2004,0,"Actual",NA
"Western Pacific","Cook Islands",2004,0,"Utilized",NA
"Western Pacific","Cook Islands",2005,0,"Actual",NA
"Western Pacific","Cook Islands",2005,0,"Utilized",NA
"Western Pacific","Cook Islands",2006,0,"Actual",NA
"Western Pacific","Cook Islands",2006,0,"Utilized",NA
"Western Pacific","Cook Islands",2007,0,"Actual",NA
"Western Pacific","Cook Islands",2007,0,"Utilized",NA
"Western Pacific","Cook Islands",2008,0,"Actual",NA
"Western Pacific","Cook Islands",2008,0,"Utilized",NA
"Western Pacific","Cook Islands",2009,0,"Actual",NA
"Western Pacific","Cook Islands",2009,0,"Utilized",NA
"Western Pacific","Cook Islands",2010,0,"Actual",NA
"Western Pacific","Cook Islands",2010,0,"Utilized",NA
"Western Pacific","Cook Islands",2011,0,"Actual",NA
"Western Pacific","Cook Islands",2011,0,"Utilized",NA
"Western Pacific","Cook Islands",2012,0,"Actual",NA
"Western Pacific","Cook Islands",2012,0,"Utilized",NA
"Western Pacific","Cook Islands",2013,0,"Actual",NA
"Western Pacific","Cook Islands",2013,0,"Utilized",NA
"Western Pacific","Cook Islands",2014,0,"Actual",NA
"Western Pacific","Cook Islands",2014,0,"Utilized",NA
"America","Costa Rica",2000,4,"Actual",NA
"America","Costa Rica",2000,4,"Utilized",NA
"America","Costa Rica",2001,4.1,"Actual",NA
"America","Costa Rica",2001,4.1,"Utilized",NA
"America","Costa Rica",2002,4.2,"Actual",NA
"America","Costa Rica",2002,4.2,"Utilized",NA
"America","Costa Rica",2003,4.2,"Actual",NA
"America","Costa Rica",2003,4.2,"Utilized",NA
"America","Costa Rica",2004,4.3,"Actual",NA
"America","Costa Rica",2004,4.3,"Utilized",NA
"America","Costa Rica",2005,4.3,"Actual",NA
"America","Costa Rica",2005,4.3,"Utilized",NA
"America","Costa Rica",2006,4.4,"Actual",NA
"America","Costa Rica",2006,4.4,"Utilized",NA
"America","Costa Rica",2007,4.5,"Actual",19
"America","Costa Rica",2007,4.5,"Utilized",NA
"America","Costa Rica",2008,4.5,"Actual",NA
"America","Costa Rica",2008,4.5,"Utilized",NA
"America","Costa Rica",2009,4.6,"Actual",24
"America","Costa Rica",2009,4.6,"Utilized",NA
"America","Costa Rica",2010,4.6,"Actual",16
"America","Costa Rica",2010,4.6,"Utilized",NA
"America","Costa Rica",2011,4.7,"Actual",24
"America","Costa Rica",2011,4.7,"Utilized",NA
"America","Costa Rica",2012,4.8,"Actual",15
"America","Costa Rica",2012,4.8,"Utilized",NA
"America","Costa Rica",2013,4.9,"Actual",22
"America","Costa Rica",2013,4.9,"Utilized",22
"America","Costa Rica",2014,4.9,"Actual",18
"America","Costa Rica",2014,4.9,"Utilized",18
"Africa","Côte d’Ivoire",2000,14.8,"Actual",NA
"Africa","Côte d’Ivoire",2000,14.8,"Utilized",NA
"Africa","Côte d’Ivoire",2001,16.3,"Actual",NA
"Africa","Côte d’Ivoire",2001,16.3,"Utilized",NA
"Africa","Côte d’Ivoire",2002,16.7,"Actual",NA
"Africa","Côte d’Ivoire",2002,16.7,"Utilized",NA
"Africa","Côte d’Ivoire",2003,16.6,"Actual",NA
"Africa","Côte d’Ivoire",2003,16.6,"Utilized",NA
"Africa","Côte d’Ivoire",2004,16.9,"Actual",NA
"Africa","Côte d’Ivoire",2004,16.9,"Utilized",NA
"Africa","Côte d’Ivoire",2005,18.2,"Actual",NA
"Africa","Côte d’Ivoire",2005,18.2,"Utilized",NA
"Africa","Côte d’Ivoire",2006,18.5,"Actual",NA
"Africa","Côte d’Ivoire",2006,18.5,"Utilized",NA
"Africa","Côte d’Ivoire",2007,18.8,"Actual",NA
"Africa","Côte d’Ivoire",2007,18.8,"Utilized",NA
"Africa","Côte d’Ivoire",2008,19.6,"Actual",NA
"Africa","Côte d’Ivoire",2008,19.6,"Utilized",NA
"Africa","Côte d’Ivoire",2009,21.1,"Actual",NA
"Africa","Côte d’Ivoire",2009,21.1,"Utilized",NA
"Africa","Côte d’Ivoire",2011,20.2,"Actual",NA
"Africa","Côte d’Ivoire",2011,20.2,"Utilized",NA
"Africa","Côte d’Ivoire",2012,20.6,"Actual",NA
"Africa","Côte d’Ivoire",2012,20.6,"Utilized",NA
"Africa","Côte d’Ivoire",2013,20.3,"Actual",NA
"Africa","Côte d’Ivoire",2013,20.3,"Utilized",NA
"Africa","Côte d’Ivoire",2014,20.8,"Actual",NA
"Africa","Côte d’Ivoire",2014,20.8,"Utilized",NA
"Africa","Côte d’Ivoire",2010,21.6,"Actual",NA
"Africa","Côte d’Ivoire",2010,21.6,"Utilized",NA
"Europe","Croatia",2000,4.5,"Actual",12
"Europe","Croatia",2000,4.5,"Utilized",NA
"Europe","Croatia",2001,4.7,"Actual",32
"Europe","Croatia",2001,4.7,"Utilized",NA
"Europe","Croatia",2002,4.7,"Actual",41
"Europe","Croatia",2002,4.7,"Utilized",NA
"Europe","Croatia",2003,4.4,"Actual",39
"Europe","Croatia",2003,4.4,"Utilized",NA
"Europe","Croatia",2004,4.4,"Actual",59
"Europe","Croatia",2004,4.4,"Utilized",NA
"Europe","Croatia",2005,4.6,"Actual",44
"Europe","Croatia",2005,4.6,"Utilized",NA
"Europe","Croatia",2006,4.6,"Actual",57
"Europe","Croatia",2006,4.6,"Utilized",NA
"Europe","Croatia",2007,4.6,"Actual",58
"Europe","Croatia",2007,4.6,"Utilized",NA
"Europe","Croatia",2008,4.6,"Actual",83
"Europe","Croatia",2008,4.6,"Utilized",NA
"Europe","Croatia",2009,4.4,"Actual",78
"Europe","Croatia",2009,4.4,"Utilized",77
"Europe","Croatia",2010,4.4,"Actual",135
"Europe","Croatia",2010,4.4,"Utilized",NA
"Europe","Croatia",2011,4.4,"Actual",148
"Europe","Croatia",2011,4.4,"Utilized",NA
"Europe","Croatia",2012,4.4,"Actual",153
"Europe","Croatia",2012,4.4,"Utilized",NA
"Europe","Croatia",2013,4.3,"Actual",144
"Europe","Croatia",2013,4.3,"Utilized",NA
"Europe","Croatia",2014,4.3,"Actual",151
"Europe","Croatia",2014,4.3,"Utilized",NA
"America","Cuba",2000,11.2,"Actual",NA
"America","Cuba",2000,11.2,"Utilized",NA
"America","Cuba",2001,11.2,"Actual",NA
"America","Cuba",2001,11.2,"Utilized",NA
"America","Cuba",2002,11.3,"Actual",NA
"America","Cuba",2002,11.3,"Utilized",NA
"America","Cuba",2003,11.3,"Actual",NA
"America","Cuba",2003,11.3,"Utilized",NA
"America","Cuba",2004,11.3,"Actual",159
"America","Cuba",2004,11.3,"Utilized",NA
"America","Cuba",2005,11.3,"Actual",126
"America","Cuba",2005,11.3,"Utilized",NA
"America","Cuba",2006,11.3,"Actual",157
"America","Cuba",2006,11.3,"Utilized",NA
"America","Cuba",2007,11.3,"Actual",200
"America","Cuba",2007,11.3,"Utilized",NA
"America","Cuba",2008,11.3,"Actual",186
"America","Cuba",2008,11.3,"Utilized",NA
"America","Cuba",2009,11.2,"Actual",136
"America","Cuba",2009,11.2,"Utilized",NA
"America","Cuba",2010,11.2,"Actual",104
"America","Cuba",2010,11.2,"Utilized",NA
"America","Cuba",2011,11.3,"Actual",128
"America","Cuba",2011,11.3,"Utilized",NA
"America","Cuba",2012,11.2,"Actual",111
"America","Cuba",2012,11.2,"Utilized",NA
"America","Cuba",2013,11.3,"Actual",94
"America","Cuba",2013,11.3,"Utilized",89
"America","Cuba",2014,11.3,"Actual",124
"America","Cuba",2014,11.3,"Utilized",120
"Europe","Cyprus",2000,0.8,"Actual",5
"Europe","Cyprus",2000,0.8,"Utilized",NA
"Europe","Cyprus",2001,0.8,"Actual",2
"Europe","Cyprus",2001,0.8,"Utilized",NA
"Europe","Cyprus",2002,0.8,"Actual",7
"Europe","Cyprus",2002,0.8,"Utilized",NA
"Europe","Cyprus",2003,0.8,"Actual",1
"Europe","Cyprus",2003,0.8,"Utilized",NA
"Europe","Cyprus",2004,0.8,"Actual",8
"Europe","Cyprus",2004,0.8,"Utilized",NA
"Europe","Cyprus",2005,0.8,"Actual",5
"Europe","Cyprus",2005,0.8,"Utilized",NA
"Europe","Cyprus",2006,0.8,"Actual",4
"Europe","Cyprus",2006,0.8,"Utilized",NA
"Europe","Cyprus",2007,0.8,"Actual",NA
"Europe","Cyprus",2007,0.8,"Utilized",NA
"Europe","Cyprus",2008,0.9,"Actual",13
"Europe","Cyprus",2008,0.9,"Utilized",NA
"Europe","Cyprus",2009,0.9,"Actual",8
"Europe","Cyprus",2009,0.9,"Utilized",8
"Europe","Cyprus",2010,0.9,"Actual",4
"Europe","Cyprus",2010,0.9,"Utilized",NA
"Europe","Cyprus",2011,1.1,"Actual",6
"Europe","Cyprus",2011,1.1,"Utilized",NA
"Europe","Cyprus",2012,1.1,"Actual",4
"Europe","Cyprus",2012,1.1,"Utilized",NA
"Europe","Cyprus",2013,1.1,"Actual",6
"Europe","Cyprus",2013,1.1,"Utilized",6
"Europe","Cyprus",2014,1.2,"Actual",5
"Europe","Cyprus",2014,1.2,"Utilized",5
"Europe","Czech Republic",2000,10.2,"Actual",175
"Europe","Czech Republic",2000,10.2,"Utilized",NA
"Europe","Czech Republic",2001,10.3,"Actual",172
"Europe","Czech Republic",2001,10.3,"Utilized",NA
"Europe","Czech Republic",2002,10.3,"Actual",NA
"Europe","Czech Republic",2002,10.3,"Utilized",NA
"Europe","Czech Republic",2003,10.2,"Actual",191
"Europe","Czech Republic",2003,10.2,"Utilized",NA
"Europe","Czech Republic",2004,10.2,"Actual",211
"Europe","Czech Republic",2004,10.2,"Utilized",NA
"Europe","Czech Republic",2005,10.2,"Actual",207
"Europe","Czech Republic",2005,10.2,"Utilized",NA
"Europe","Czech Republic",2006,10.2,"Actual",193
"Europe","Czech Republic",2006,10.2,"Utilized",NA
"Europe","Czech Republic",2007,10.2,"Actual",217
"Europe","Czech Republic",2007,10.2,"Utilized",NA
"Europe","Czech Republic",2008,10.2,"Actual",198
"Europe","Czech Republic",2008,10.2,"Utilized",NA
"Europe","Czech Republic",2009,10.4,"Actual",200
"Europe","Czech Republic",2009,10.4,"Utilized",200
"Europe","Czech Republic",2010,10.4,"Actual",206
"Europe","Czech Republic",2010,10.4,"Utilized",NA
"Europe","Czech Republic",2011,10.5,"Actual",185
"Europe","Czech Republic",2011,10.5,"Utilized",NA
"Europe","Czech Republic",2012,10.6,"Actual",216
"Europe","Czech Republic",2012,10.6,"Utilized",NA
"Europe","Czech Republic",2013,10.7,"Actual",218
"Europe","Czech Republic",2013,10.7,"Utilized",206
"Europe","Czech Republic",2014,10.7,"Actual",261
"Europe","Czech Republic",2014,10.7,"Utilized",NA
"Africa","Chad",2000,7.7,"Actual",NA
"Africa","Chad",2000,7.7,"Utilized",NA
"Africa","Chad",2001,8.1,"Actual",NA
"Africa","Chad",2001,8.1,"Utilized",NA
"Africa","Chad",2002,8.4,"Actual",NA
"Africa","Chad",2002,8.4,"Utilized",NA
"Africa","Chad",2003,8.6,"Actual",NA
"Africa","Chad",2003,8.6,"Utilized",NA
"Africa","Chad",2004,8.9,"Actual",NA
"Africa","Chad",2004,8.9,"Utilized",NA
"Africa","Chad",2005,9.7,"Actual",NA
"Africa","Chad",2005,9.7,"Utilized",NA
"Africa","Chad",2006,10,"Actual",NA
"Africa","Chad",2006,10,"Utilized",NA
"Africa","Chad",2007,10.3,"Actual",NA
"Africa","Chad",2007,10.3,"Utilized",NA
"Africa","Chad",2008,11.1,"Actual",NA
"Africa","Chad",2008,11.1,"Utilized",NA
"Africa","Chad",2009,11.2,"Actual",NA
"Africa","Chad",2009,11.2,"Utilized",NA
"Africa","Chad",2010,11.5,"Actual",NA
"Africa","Chad",2010,11.5,"Utilized",NA
"Africa","Chad",2011,11.5,"Actual",NA
"Africa","Chad",2011,11.5,"Utilized",NA
"Africa","Chad",2012,11.8,"Actual",NA
"Africa","Chad",2012,11.8,"Utilized",NA
"Africa","Chad",2013,12.8,"Actual",NA
"Africa","Chad",2013,12.8,"Utilized",NA
"Africa","Chad",2014,13.2,"Actual",NA
"Africa","Chad",2014,13.2,"Utilized",NA
"America","Chile",2000,15.2,"Actual",NA
"America","Chile",2000,15.2,"Utilized",NA
"America","Chile",2001,15.4,"Actual",NA
"America","Chile",2001,15.4,"Utilized",NA
"America","Chile",2002,15.6,"Actual",NA
"America","Chile",2002,15.6,"Utilized",NA
"America","Chile",2003,15.8,"Actual",NA
"America","Chile",2003,15.8,"Utilized",NA
"America","Chile",2004,16,"Actual",NA
"America","Chile",2004,16,"Utilized",NA
"America","Chile",2005,16.3,"Actual",134
"America","Chile",2005,16.3,"Utilized",NA
"America","Chile",2006,16.5,"Actual",154
"America","Chile",2006,16.5,"Utilized",NA
"America","Chile",2007,16.6,"Actual",135
"America","Chile",2007,16.6,"Utilized",NA
"America","Chile",2008,16.8,"Actual",119
"America","Chile",2008,16.8,"Utilized",NA
"America","Chile",2009,17,"Actual",111
"America","Chile",2009,17,"Utilized",NA
"America","Chile",2010,17.1,"Actual",92
"America","Chile",2010,17.1,"Utilized",NA
"America","Chile",2011,17.3,"Actual",113
"America","Chile",2011,17.3,"Utilized",NA
"America","Chile",2012,17.4,"Actual",149
"America","Chile",2012,17.4,"Utilized",NA
"America","Chile",2013,17.6,"Actual",103
"America","Chile",2013,17.6,"Utilized",101
"America","Chile",2014,17.8,"Actual",123
"America","Chile",2014,17.8,"Utilized",119
"Western Pacific","China",2000,1277.6,"Actual",NA
"Western Pacific","China",2000,1277.6,"Utilized",NA
"Western Pacific","China",2001,1285,"Actual",NA
"Western Pacific","China",2001,1285,"Utilized",NA
"Western Pacific","China",2002,1294.4,"Actual",NA
"Western Pacific","China",2002,1294.4,"Utilized",NA
"Western Pacific","China",2003,1304.2,"Actual",NA
"Western Pacific","China",2003,1304.2,"Utilized",NA
"Western Pacific","China",2004,1313.3,"Actual",NA
"Western Pacific","China",2004,1313.3,"Utilized",NA
"Western Pacific","China",2005,1315.8,"Actual",NA
"Western Pacific","China",2005,1315.8,"Utilized",NA
"Western Pacific","China",2006,1323.6,"Actual",NA
"Western Pacific","China",2006,1323.6,"Utilized",NA
"Western Pacific","China",2007,1331.4,"Actual",NA
"Western Pacific","China",2007,1331.4,"Utilized",NA
"Western Pacific","China",2008,1336.3,"Actual",NA
"Western Pacific","China",2008,1336.3,"Utilized",NA
"Western Pacific","China",2009,1345.8,"Actual",NA
"Western Pacific","China",2009,1345.8,"Utilized",NA
"Western Pacific","China",2010,1354.1,"Actual",NA
"Western Pacific","China",2010,1354.1,"Utilized",NA
"Western Pacific","China",2011,1347.6,"Actual",NA
"Western Pacific","China",2011,1347.6,"Utilized",NA
"Western Pacific","China",2012,1353.6,"Actual",NA
"Western Pacific","China",2012,1353.6,"Utilized",NA
"Western Pacific","China",2013,1385.6,"Actual",NA
"Western Pacific","China",2013,1385.6,"Utilized",NA
"Western Pacific","China",2014,1393.8,"Actual",NA
"Western Pacific","China",2014,1393.8,"Utilized",NA
"South-East Asia","Democratic People's Republic of Korea",2000,24,"Actual",NA
"South-East Asia","Democratic People's Republic of Korea",2000,24,"Utilized",NA
"South-East Asia","Democratic People's Republic of Korea",2001,22.4,"Actual",NA
"South-East Asia","Democratic People's Republic of Korea",2001,22.4,"Utilized",NA
"South-East Asia","Democratic People's Republic of Korea",2002,22.6,"Actual",NA
"South-East Asia","Democratic People's Republic of Korea",2002,22.6,"Utilized",NA
"South-East Asia","Democratic People's Republic of Korea",2003,22.7,"Actual",NA
"South-East Asia","Democratic People's Republic of Korea",2003,22.7,"Utilized",NA
"South-East Asia","Democratic People's Republic of Korea",2004,22.8,"Actual",NA
"South-East Asia","Democratic People's Republic of Korea",2004,22.8,"Utilized",NA
"South-East Asia","Democratic People's Republic of Korea",2005,22.5,"Actual",NA
"South-East Asia","Democratic People's Republic of Korea",2005,22.5,"Utilized",NA
"South-East Asia","Democratic People's Republic of Korea",2006,22.6,"Actual",NA
"South-East Asia","Democratic People's Republic of Korea",2006,22.6,"Utilized",NA
"South-East Asia","Democratic People's Republic of Korea",2007,22.7,"Actual",NA
"South-East Asia","Democratic People's Republic of Korea",2007,22.7,"Utilized",NA
"South-East Asia","Democratic People's Republic of Korea",2008,23.9,"Actual",NA
"South-East Asia","Democratic People's Republic of Korea",2008,23.9,"Utilized",NA
"South-East Asia","Democratic People's Republic of Korea",2009,23.9,"Actual",NA
"South-East Asia","Democratic People's Republic of Korea",2009,23.9,"Utilized",NA
"South-East Asia","Democratic People's Republic of Korea",2010,24,"Actual",NA
"South-East Asia","Democratic People's Republic of Korea",2010,24,"Utilized",NA
"South-East Asia","Democratic People's Republic of Korea",2011,24.5,"Actual",NA
"South-East Asia","Democratic People's Republic of Korea",2011,24.5,"Utilized",NA
"South-East Asia","Democratic People's Republic of Korea",2012,24.6,"Actual",NA
"South-East Asia","Democratic People's Republic of Korea",2012,24.6,"Utilized",NA
"South-East Asia","Democratic People's Republic of Korea",2013,24.9,"Actual",NA
"South-East Asia","Democratic People's Republic of Korea",2013,24.9,"Utilized",NA
"South-East Asia","Democratic People's Republic of Korea",2014,25,"Actual",NA
"South-East Asia","Democratic People's Republic of Korea",2014,25,"Utilized",NA
"Africa","Democratic Republic of The Congo",2000,51.7,"Actual",NA
"Africa","Democratic Republic of The Congo",2000,51.7,"Utilized",NA
"Africa","Democratic Republic of The Congo",2001,52.5,"Actual",NA
"Africa","Democratic Republic of The Congo",2001,52.5,"Utilized",NA
"Africa","Democratic Republic of The Congo",2002,54.3,"Actual",NA
"Africa","Democratic Republic of The Congo",2002,54.3,"Utilized",NA
"Africa","Democratic Republic of The Congo",2003,52.8,"Actual",NA
"Africa","Democratic Republic of The Congo",2003,52.8,"Utilized",NA
"Africa","Democratic Republic of The Congo",2004,54.4,"Actual",NA
"Africa","Democratic Republic of The Congo",2004,54.4,"Utilized",NA
"Africa","Democratic Republic of The Congo",2005,57.5,"Actual",NA
"Africa","Democratic Republic of The Congo",2005,57.5,"Utilized",NA
"Africa","Democratic Republic of The Congo",2006,59.3,"Actual",NA
"Africa","Democratic Republic of The Congo",2006,59.3,"Utilized",NA
"Africa","Democratic Republic of The Congo",2007,61.2,"Actual",NA
"Africa","Democratic Republic of The Congo",2007,61.2,"Utilized",NA
"Africa","Democratic Republic of The Congo",2008,64.7,"Actual",NA
"Africa","Democratic Republic of The Congo",2008,64.7,"Utilized",NA
"Africa","Democratic Republic of The Congo",2009,66,"Actual",NA
"Africa","Democratic Republic of The Congo",2009,66,"Utilized",NA
"Africa","Democratic Republic of The Congo",2010,67.8,"Actual",NA
"Africa","Democratic Republic of The Congo",2010,67.8,"Utilized",NA
"Africa","Democratic Republic of The Congo",2011,67.8,"Actual",NA
"Africa","Democratic Republic of The Congo",2011,67.8,"Utilized",NA
"Africa","Democratic Republic of The Congo",2012,69.6,"Actual",NA
"Africa","Democratic Republic of The Congo",2012,69.6,"Utilized",NA
"Africa","Democratic Republic of The Congo",2013,67.5,"Actual",NA
"Africa","Democratic Republic of The Congo",2013,67.5,"Utilized",NA
"Africa","Democratic Republic of The Congo",2014,69.4,"Actual",NA
"Africa","Democratic Republic of The Congo",2014,69.4,"Utilized",NA
"Europe","Denmark",2000,5.3,"Actual",68
"Europe","Denmark",2000,5.3,"Utilized",NA
"Europe","Denmark",2001,5.3,"Actual",70
"Europe","Denmark",2001,5.3,"Utilized",NA
"Europe","Denmark",2002,5.3,"Actual",73
"Europe","Denmark",2002,5.3,"Utilized",NA
"Europe","Denmark",2003,5.4,"Actual",75
"Europe","Denmark",2003,5.4,"Utilized",NA
"Europe","Denmark",2004,5.4,"Actual",64
"Europe","Denmark",2004,5.4,"Utilized",NA
"Europe","Denmark",2005,5.4,"Actual",63
"Europe","Denmark",2005,5.4,"Utilized",NA
"Europe","Denmark",2006,5.4,"Actual",62
"Europe","Denmark",2006,5.4,"Utilized",NA
"Europe","Denmark",2007,5.5,"Actual",72
"Europe","Denmark",2007,5.5,"Utilized",NA
"Europe","Denmark",2008,5.5,"Actual",65
"Europe","Denmark",2008,5.5,"Utilized",NA
"Europe","Denmark",2009,5.5,"Actual",77
"Europe","Denmark",2009,5.5,"Utilized",NA
"Europe","Denmark",2010,5.5,"Actual",73
"Europe","Denmark",2010,5.5,"Utilized",NA
"Europe","Denmark",2011,5.6,"Actual",73
"Europe","Denmark",2011,5.6,"Utilized",NA
"Europe","Denmark",2012,5.6,"Actual",76
"Europe","Denmark",2012,5.6,"Utilized",NA
"Europe","Denmark",2013,5.6,"Actual",58
"Europe","Denmark",2013,5.6,"Utilized",NA
"Europe","Denmark",2014,5.6,"Actual",80
"Europe","Denmark",2014,5.6,"Utilized",79
"Eastern Mediterranean","Djibouti",2000,0.6,"Actual",NA
"Eastern Mediterranean","Djibouti",2000,0.6,"Utilized",NA
"Eastern Mediterranean","Djibouti",2001,0.6,"Actual",NA
"Eastern Mediterranean","Djibouti",2001,0.6,"Utilized",NA
"Eastern Mediterranean","Djibouti",2002,0.6,"Actual",NA
"Eastern Mediterranean","Djibouti",2002,0.6,"Utilized",NA
"Eastern Mediterranean","Djibouti",2003,0.7,"Actual",NA
"Eastern Mediterranean","Djibouti",2003,0.7,"Utilized",NA
"Eastern Mediterranean","Djibouti",2004,0.7,"Actual",NA
"Eastern Mediterranean","Djibouti",2004,0.7,"Utilized",NA
"Eastern Mediterranean","Djibouti",2005,0.8,"Actual",NA
"Eastern Mediterranean","Djibouti",2005,0.8,"Utilized",NA
"Eastern Mediterranean","Djibouti",2006,0.8,"Actual",NA
"Eastern Mediterranean","Djibouti",2006,0.8,"Utilized",NA
"Eastern Mediterranean","Djibouti",2007,0.8,"Actual",NA
"Eastern Mediterranean","Djibouti",2007,0.8,"Utilized",NA
"Eastern Mediterranean","Djibouti",2008,0.8,"Actual",NA
"Eastern Mediterranean","Djibouti",2008,0.8,"Utilized",NA
"Eastern Mediterranean","Djibouti",2009,0.9,"Actual",NA
"Eastern Mediterranean","Djibouti",2009,0.9,"Utilized",NA
"Eastern Mediterranean","Djibouti",2010,0.9,"Actual",NA
"Eastern Mediterranean","Djibouti",2010,0.9,"Utilized",NA
"Eastern Mediterranean","Djibouti",2011,0.9,"Actual",NA
"Eastern Mediterranean","Djibouti",2011,0.9,"Utilized",NA
"Eastern Mediterranean","Djibouti",2012,0.9,"Actual",NA
"Eastern Mediterranean","Djibouti",2012,0.9,"Utilized",NA
"Eastern Mediterranean","Djibouti",2013,0.9,"Actual",NA
"Eastern Mediterranean","Djibouti",2013,0.9,"Utilized",NA
"Eastern Mediterranean","Djibouti",2014,0.9,"Actual",NA
"Eastern Mediterranean","Djibouti",2014,0.9,"Utilized",NA
"America","Dominica",2000,0.1,"Actual",NA
"America","Dominica",2000,0.1,"Utilized",NA
"America","Dominica",2001,0.1,"Actual",NA
"America","Dominica",2001,0.1,"Utilized",NA
"America","Dominica",2002,0.1,"Actual",NA
"America","Dominica",2002,0.1,"Utilized",NA
"America","Dominica",2003,0.1,"Actual",NA
"America","Dominica",2003,0.1,"Utilized",NA
"America","Dominica",2004,0.1,"Actual",NA
"America","Dominica",2004,0.1,"Utilized",NA
"America","Dominica",2005,0.1,"Actual",NA
"America","Dominica",2005,0.1,"Utilized",NA
"America","Dominica",2006,0.1,"Actual",NA
"America","Dominica",2006,0.1,"Utilized",NA
"America","Dominica",2007,0.1,"Actual",NA
"America","Dominica",2007,0.1,"Utilized",NA
"America","Dominica",2008,0.1,"Actual",NA
"America","Dominica",2008,0.1,"Utilized",NA
"America","Dominica",2009,0.1,"Actual",NA
"America","Dominica",2009,0.1,"Utilized",NA
"America","Dominica",2010,0.1,"Actual",NA
"America","Dominica",2010,0.1,"Utilized",NA
"America","Dominica",2011,0,"Actual",NA
"America","Dominica",2011,0,"Utilized",NA
"America","Dominica",2012,0.1,"Actual",NA
"America","Dominica",2012,0.1,"Utilized",NA
"America","Dominica",2013,0.1,"Actual",NA
"America","Dominica",2013,0.1,"Utilized",NA
"America","Dominica",2014,0.1,"Actual",NA
"America","Dominica",2014,0.1,"Utilized",NA
"America","Dominican Republic",2000,8.5,"Actual",NA
"America","Dominican Republic",2000,8.5,"Utilized",NA
"America","Dominican Republic",2001,8.5,"Actual",NA
"America","Dominican Republic",2001,8.5,"Utilized",NA
"America","Dominican Republic",2002,8.6,"Actual",NA
"America","Dominican Republic",2002,8.6,"Utilized",NA
"America","Dominican Republic",2003,8.7,"Actual",NA
"America","Dominican Republic",2003,8.7,"Utilized",NA
"America","Dominican Republic",2004,8.9,"Actual",NA
"America","Dominican Republic",2004,8.9,"Utilized",NA
"America","Dominican Republic",2005,8.9,"Actual",0
"America","Dominican Republic",2005,8.9,"Utilized",NA
"America","Dominican Republic",2006,9,"Actual",0
"America","Dominican Republic",2006,9,"Utilized",NA
"America","Dominican Republic",2007,9.1,"Actual",0
"America","Dominican Republic",2007,9.1,"Utilized",NA
"America","Dominican Republic",2008,9.9,"Actual",102
"America","Dominican Republic",2008,9.9,"Utilized",NA
"America","Dominican Republic",2009,10.1,"Actual",9
"America","Dominican Republic",2009,10.1,"Utilized",NA
"America","Dominican Republic",2010,10.2,"Actual",11
"America","Dominican Republic",2010,10.2,"Utilized",NA
"America","Dominican Republic",2011,10.1,"Actual",17
"America","Dominican Republic",2011,10.1,"Utilized",NA
"America","Dominican Republic",2012,10.2,"Actual",17
"America","Dominican Republic",2012,10.2,"Utilized",NA
"America","Dominican Republic",2013,10.4,"Actual",17
"America","Dominican Republic",2013,10.4,"Utilized",16
"America","Dominican Republic",2014,10.5,"Actual",29
"America","Dominican Republic",2014,10.5,"Utilized",29
"America","Ecuador",2000,12.6,"Actual",NA
"America","Ecuador",2000,12.6,"Utilized",NA
"America","Ecuador",2001,12.9,"Actual",NA
"America","Ecuador",2001,12.9,"Utilized",NA
"America","Ecuador",2002,13.1,"Actual",NA
"America","Ecuador",2002,13.1,"Utilized",NA
"America","Ecuador",2003,13,"Actual",NA
"America","Ecuador",2003,13,"Utilized",NA
"America","Ecuador",2004,13.2,"Actual",40
"America","Ecuador",2004,13.2,"Utilized",NA
"America","Ecuador",2005,13.2,"Actual",15
"America","Ecuador",2005,13.2,"Utilized",NA
"America","Ecuador",2006,13.4,"Actual",34
"America","Ecuador",2006,13.4,"Utilized",NA
"America","Ecuador",2007,13.6,"Actual",23
"America","Ecuador",2007,13.6,"Utilized",NA
"America","Ecuador",2008,13.5,"Actual",NA
"America","Ecuador",2008,13.5,"Utilized",NA
"America","Ecuador",2009,13.6,"Actual",17
"America","Ecuador",2009,13.6,"Utilized",NA
"America","Ecuador",2010,13.8,"Actual",31
"America","Ecuador",2010,13.8,"Utilized",NA
"America","Ecuador",2011,14.7,"Actual",31
"America","Ecuador",2011,14.7,"Utilized",NA
"America","Ecuador",2012,14.9,"Actual",54
"America","Ecuador",2012,14.9,"Utilized",NA
"America","Ecuador",2013,15.7,"Actual",63
"America","Ecuador",2013,15.7,"Utilized",58
"America","Ecuador",2014,16,"Actual",50
"America","Ecuador",2014,16,"Utilized",50
"Eastern Mediterranean","Egypt",2000,68.5,"Actual",NA
"Eastern Mediterranean","Egypt",2000,68.5,"Utilized",NA
"Eastern Mediterranean","Egypt",2001,69.1,"Actual",NA
"Eastern Mediterranean","Egypt",2001,69.1,"Utilized",NA
"Eastern Mediterranean","Egypt",2002,70.3,"Actual",NA
"Eastern Mediterranean","Egypt",2002,70.3,"Utilized",NA
"Eastern Mediterranean","Egypt",2003,71.9,"Actual",NA
"Eastern Mediterranean","Egypt",2003,71.9,"Utilized",NA
"Eastern Mediterranean","Egypt",2004,73.4,"Actual",NA
"Eastern Mediterranean","Egypt",2004,73.4,"Utilized",NA
"Eastern Mediterranean","Egypt",2005,74,"Actual",0
"Eastern Mediterranean","Egypt",2005,74,"Utilized",NA
"Eastern Mediterranean","Egypt",2006,75.4,"Actual",NA
"Eastern Mediterranean","Egypt",2006,75.4,"Utilized",NA
"Eastern Mediterranean","Egypt",2007,76.9,"Actual",NA
"Eastern Mediterranean","Egypt",2007,76.9,"Utilized",NA
"Eastern Mediterranean","Egypt",2008,76.8,"Actual",NA
"Eastern Mediterranean","Egypt",2008,76.8,"Utilized",NA
"Eastern Mediterranean","Egypt",2009,83,"Actual",NA
"Eastern Mediterranean","Egypt",2009,83,"Utilized",NA
"Eastern Mediterranean","Egypt",2010,84.5,"Actual",NA
"Eastern Mediterranean","Egypt",2010,84.5,"Utilized",NA
"Eastern Mediterranean","Egypt",2011,82.5,"Actual",0
"Eastern Mediterranean","Egypt",2011,82.5,"Utilized",NA
"Eastern Mediterranean","Egypt",2012,84,"Actual",0
"Eastern Mediterranean","Egypt",2012,84,"Utilized",NA
"Eastern Mediterranean","Egypt",2013,82.1,"Actual",0
"Eastern Mediterranean","Egypt",2013,82.1,"Utilized",NA
"Eastern Mediterranean","Egypt",2014,83.4,"Actual",0
"Eastern Mediterranean","Egypt",2014,83.4,"Utilized",NA
"America","El Salvador",2000,6.3,"Actual",NA
"America","El Salvador",2000,6.3,"Utilized",NA
"America","El Salvador",2001,6.4,"Actual",NA
"America","El Salvador",2001,6.4,"Utilized",NA
"America","El Salvador",2002,6.5,"Actual",NA
"America","El Salvador",2002,6.5,"Utilized",NA
"America","El Salvador",2003,6.5,"Actual",NA
"America","El Salvador",2003,6.5,"Utilized",NA
"America","El Salvador",2004,6.6,"Actual",NA
"America","El Salvador",2004,6.6,"Utilized",NA
"America","El Salvador",2007,7.1,"Actual",NA
"America","El Salvador",2007,7.1,"Utilized",NA
"America","El Salvador",2008,7,"Actual",NA
"America","El Salvador",2008,7,"Utilized",NA
"America","El Salvador",2009,6.2,"Actual",NA
"America","El Salvador",2009,6.2,"Utilized",NA
"America","El Salvador",2010,6.2,"Actual",NA
"America","El Salvador",2010,6.2,"Utilized",NA
"America","El Salvador",2011,6.2,"Actual",0
"America","El Salvador",2011,6.2,"Utilized",NA
"America","El Salvador",2012,6.3,"Actual",0
"America","El Salvador",2012,6.3,"Utilized",NA
"America","El Salvador",2013,6.3,"Actual",0
"America","El Salvador",2013,6.3,"Utilized",NA
"America","El Salvador",2014,6.4,"Actual",0
"America","El Salvador",2014,6.4,"Utilized",NA
"Africa","Equatorial Guinea",2000,0.4,"Actual",NA
"Africa","Equatorial Guinea",2000,0.4,"Utilized",NA
"Africa","Equatorial Guinea",2001,0.5,"Actual",NA
"Africa","Equatorial Guinea",2001,0.5,"Utilized",NA
"Africa","Equatorial Guinea",2002,0.5,"Actual",NA
"Africa","Equatorial Guinea",2002,0.5,"Utilized",NA
"Africa","Equatorial Guinea",2003,0.5,"Actual",NA
"Africa","Equatorial Guinea",2003,0.5,"Utilized",NA
"Africa","Equatorial Guinea",2004,0.5,"Actual",NA
"Africa","Equatorial Guinea",2004,0.5,"Utilized",NA
"Africa","Equatorial Guinea",2005,0.5,"Actual",NA
"Africa","Equatorial Guinea",2005,0.5,"Utilized",NA
"Africa","Equatorial Guinea",2006,0.5,"Actual",NA
"Africa","Equatorial Guinea",2006,0.5,"Utilized",NA
"Africa","Equatorial Guinea",2007,0.5,"Actual",NA
"Africa","Equatorial Guinea",2007,0.5,"Utilized",NA
"Africa","Equatorial Guinea",2008,0.5,"Actual",NA
"Africa","Equatorial Guinea",2008,0.5,"Utilized",NA
"Africa","Equatorial Guinea",2009,0.7,"Actual",NA
"Africa","Equatorial Guinea",2009,0.7,"Utilized",NA
"Africa","Equatorial Guinea",2010,0.7,"Actual",NA
"Africa","Equatorial Guinea",2010,0.7,"Utilized",NA
"Africa","Equatorial Guinea",2011,0.7,"Actual",NA
"Africa","Equatorial Guinea",2011,0.7,"Utilized",NA
"Africa","Equatorial Guinea",2012,0.7,"Actual",NA
"Africa","Equatorial Guinea",2012,0.7,"Utilized",NA
"Africa","Equatorial Guinea",2013,0.8,"Actual",NA
"Africa","Equatorial Guinea",2013,0.8,"Utilized",NA
"Africa","Equatorial Guinea",2014,0.8,"Actual",NA
"Africa","Equatorial Guinea",2014,0.8,"Utilized",NA
"Africa","Eritrea",2000,3.9,"Actual",NA
"Africa","Eritrea",2000,3.9,"Utilized",NA
"Africa","Eritrea",2001,3.8,"Actual",NA
"Africa","Eritrea",2001,3.8,"Utilized",NA
"Africa","Eritrea",2002,4,"Actual",NA
"Africa","Eritrea",2002,4,"Utilized",NA
"Africa","Eritrea",2003,4.1,"Actual",NA
"Africa","Eritrea",2003,4.1,"Utilized",NA
"Africa","Eritrea",2004,4.3,"Actual",NA
"Africa","Eritrea",2004,4.3,"Utilized",NA
"Africa","Eritrea",2005,4.4,"Actual",NA
"Africa","Eritrea",2005,4.4,"Utilized",NA
"Africa","Eritrea",2006,4.6,"Actual",NA
"Africa","Eritrea",2006,4.6,"Utilized",NA
"Africa","Eritrea",2007,4.7,"Actual",NA
"Africa","Eritrea",2007,4.7,"Utilized",NA
"Africa","Eritrea",2008,5,"Actual",NA
"Africa","Eritrea",2008,5,"Utilized",NA
"Africa","Eritrea",2009,5.1,"Actual",NA
"Africa","Eritrea",2009,5.1,"Utilized",NA
"Africa","Eritrea",2010,5.2,"Actual",NA
"Africa","Eritrea",2010,5.2,"Utilized",NA
"Africa","Eritrea",2011,5.4,"Actual",NA
"Africa","Eritrea",2011,5.4,"Utilized",NA
"Africa","Eritrea",2012,5.6,"Actual",NA
"Africa","Eritrea",2012,5.6,"Utilized",NA
"Africa","Eritrea",2013,6.3,"Actual",NA
"Africa","Eritrea",2013,6.3,"Utilized",NA
"Africa","Eritrea",2014,6.5,"Actual",NA
"Africa","Eritrea",2014,6.5,"Utilized",NA
"Europe","Estonia",2000,1.4,"Actual",27
"Europe","Estonia",2000,1.4,"Utilized",NA
"Europe","Estonia",2001,1.4,"Actual",14
"Europe","Estonia",2001,1.4,"Utilized",NA
"Europe","Estonia",2002,1.4,"Actual",29
"Europe","Estonia",2002,1.4,"Utilized",NA
"Europe","Estonia",2003,1.3,"Actual",14
"Europe","Estonia",2003,1.3,"Utilized",NA
"Europe","Estonia",2004,1.3,"Actual",NA
"Europe","Estonia",2004,1.3,"Utilized",NA
"Europe","Estonia",2005,1.3,"Actual",35
"Europe","Estonia",2005,1.3,"Utilized",NA
"Europe","Estonia",2006,1.3,"Actual",9
"Europe","Estonia",2006,1.3,"Utilized",NA
"Europe","Estonia",2007,1.3,"Actual",25
"Europe","Estonia",2007,1.3,"Utilized",NA
"Europe","Estonia",2008,1.3,"Actual",31
"Europe","Estonia",2008,1.3,"Utilized",NA
"Europe","Estonia",2009,1.3,"Actual",33
"Europe","Estonia",2009,1.3,"Utilized",33
"Europe","Estonia",2010,1.3,"Actual",23
"Europe","Estonia",2010,1.3,"Utilized",NA
"Europe","Estonia",2011,1.3,"Actual",22
"Europe","Estonia",2011,1.3,"Utilized",NA
"Europe","Estonia",2012,1.3,"Actual",32
"Europe","Estonia",2012,1.3,"Utilized",NA
"Europe","Estonia",2013,1.3,"Actual",32
"Europe","Estonia",2013,1.3,"Utilized",32
"Europe","Estonia",2014,1.3,"Actual",23
"Europe","Estonia",2014,1.3,"Utilized",23
"Africa","Ethiopia",2000,62.6,"Actual",NA
"Africa","Ethiopia",2000,62.6,"Utilized",NA
"Africa","Ethiopia",2001,64.5,"Actual",NA
"Africa","Ethiopia",2001,64.5,"Utilized",NA
"Africa","Ethiopia",2002,66,"Actual",NA
"Africa","Ethiopia",2002,66,"Utilized",NA
"Africa","Ethiopia",2003,70.7,"Actual",NA
"Africa","Ethiopia",2003,70.7,"Utilized",NA
"Africa","Ethiopia",2004,72.4,"Actual",NA
"Africa","Ethiopia",2004,72.4,"Utilized",NA
"Africa","Ethiopia",2005,77.4,"Actual",NA
"Africa","Ethiopia",2005,77.4,"Utilized",NA
"Africa","Ethiopia",2006,79.3,"Actual",NA
"Africa","Ethiopia",2006,79.3,"Utilized",NA
"Africa","Ethiopia",2007,81.2,"Actual",NA
"Africa","Ethiopia",2007,81.2,"Utilized",NA
"Africa","Ethiopia",2008,85.2,"Actual",NA
"Africa","Ethiopia",2008,85.2,"Utilized",NA
"Africa","Ethiopia",2009,82.8,"Actual",0
"Africa","Ethiopia",2009,82.8,"Utilized",NA
"Africa","Ethiopia",2010,85,"Actual",0
"Africa","Ethiopia",2010,85,"Utilized",NA
"Africa","Ethiopia",2011,84.7,"Actual",0
"Africa","Ethiopia",2011,84.7,"Utilized",0
"Africa","Ethiopia",2012,86.5,"Actual",0
"Africa","Ethiopia",2012,86.5,"Utilized",0
"Africa","Ethiopia",2013,94.1,"Actual",0
"Africa","Ethiopia",2013,94.1,"Utilized",0
"Africa","Ethiopia",2014,96.5,"Actual",0
"Africa","Ethiopia",2014,96.5,"Utilized",0
"Western Pacific","Fiji",2000,0.8,"Actual",NA
"Western Pacific","Fiji",2000,0.8,"Utilized",NA
"Western Pacific","Fiji",2001,0.8,"Actual",NA
"Western Pacific","Fiji",2001,0.8,"Utilized",NA
"Western Pacific","Fiji",2002,0.8,"Actual",NA
"Western Pacific","Fiji",2002,0.8,"Utilized",NA
"Western Pacific","Fiji",2003,0.8,"Actual",NA
"Western Pacific","Fiji",2003,0.8,"Utilized",NA
"Western Pacific","Fiji",2004,0.8,"Actual",NA
"Western Pacific","Fiji",2004,0.8,"Utilized",NA
"Western Pacific","Fiji",2005,0.8,"Actual",0
"Western Pacific","Fiji",2005,0.8,"Utilized",NA
"Western Pacific","Fiji",2006,0.8,"Actual",NA
"Western Pacific","Fiji",2006,0.8,"Utilized",NA
"Western Pacific","Fiji",2007,0.9,"Actual",NA
"Western Pacific","Fiji",2007,0.9,"Utilized",NA
"Western Pacific","Fiji",2008,0.8,"Actual",NA
"Western Pacific","Fiji",2008,0.8,"Utilized",NA
"Western Pacific","Fiji",2009,0.8,"Actual",0
"Western Pacific","Fiji",2009,0.8,"Utilized",NA
"Western Pacific","Fiji",2010,0.9,"Actual",NA
"Western Pacific","Fiji",2010,0.9,"Utilized",NA
"Western Pacific","Fiji",2011,0.9,"Actual",0
"Western Pacific","Fiji",2011,0.9,"Utilized",0
"Western Pacific","Fiji",2012,0.9,"Actual",0
"Western Pacific","Fiji",2012,0.9,"Utilized",0
"Western Pacific","Fiji",2013,0.9,"Actual",0
"Western Pacific","Fiji",2013,0.9,"Utilized",0
"Western Pacific","Fiji",2014,0.9,"Actual",0
"Western Pacific","Fiji",2014,0.9,"Utilized",0
"Europe","Finland",2000,5.2,"Actual",103
"Europe","Finland",2000,5.2,"Utilized",NA
"Europe","Finland",2001,5.2,"Actual",88
"Europe","Finland",2001,5.2,"Utilized",NA
"Europe","Finland",2002,5.2,"Actual",89
"Europe","Finland",2002,5.2,"Utilized",NA
"Europe","Finland",2003,5.2,"Actual",53
"Europe","Finland",2003,5.2,"Utilized",NA
"Europe","Finland",2004,5.2,"Actual",109
"Europe","Finland",2004,5.2,"Utilized",NA
"Europe","Finland",2005,5.2,"Actual",85
"Europe","Finland",2005,5.2,"Utilized",NA
"Europe","Finland",2006,5.3,"Actual",109
"Europe","Finland",2006,5.3,"Utilized",NA
"Europe","Finland",2007,5.3,"Actual",91
"Europe","Finland",2007,5.3,"Utilized",NA
"Europe","Finland",2008,5.3,"Actual",81
"Europe","Finland",2008,5.3,"Utilized",NA
"Europe","Finland",2009,5.3,"Actual",94
"Europe","Finland",2009,5.3,"Utilized",94
"Europe","Finland",2010,5.3,"Actual",92
"Europe","Finland",2010,5.3,"Utilized",NA
"Europe","Finland",2011,5.4,"Actual",93
"Europe","Finland",2011,5.4,"Utilized",NA
"Europe","Finland",2012,5.4,"Actual",108
"Europe","Finland",2012,5.4,"Utilized",NA
"Europe","Finland",2013,5.4,"Actual",96
"Europe","Finland",2013,5.4,"Utilized",NA
"Europe","Finland",2014,5.4,"Actual",121
"Europe","Finland",2014,5.4,"Utilized",120
"Europe","France",2000,59.1,"Actual",NA
"Europe","France",2000,59.1,"Utilized",NA
"Europe","France",2001,59.5,"Actual",NA
"Europe","France",2001,59.5,"Utilized",NA
"Europe","France",2002,59.7,"Actual",NA
"Europe","France",2002,59.7,"Utilized",NA
"Europe","France",2003,60.1,"Actual",1119
"Europe","France",2003,60.1,"Utilized",NA
"Europe","France",2004,60.4,"Actual",1291
"Europe","France",2004,60.4,"Utilized",NA
"Europe","France",2005,60.5,"Actual",1371
"Europe","France",2005,60.5,"Utilized",NA
"Europe","France",2006,60.7,"Actual",1443
"Europe","France",2006,60.7,"Utilized",NA
"Europe","France",2007,60.9,"Actual",1601
"Europe","France",2007,60.9,"Utilized",NA
"Europe","France",2008,61.9,"Actual",1610
"Europe","France",2008,61.9,"Utilized",NA
"Europe","France",2009,62.3,"Actual",1543
"Europe","France",2009,62.3,"Utilized",1482
"Europe","France",2010,62.6,"Actual",1538
"Europe","France",2010,62.6,"Utilized",NA
"Europe","France",2011,63.1,"Actual",1630
"Europe","France",2011,63.1,"Utilized",NA
"Europe","France",2012,63.5,"Actual",1642
"Europe","France",2012,63.5,"Utilized",NA
"Europe","France",2013,64.3,"Actual",1673
"Europe","France",2013,64.3,"Utilized",1616
"Europe","France",2014,64.6,"Actual",1675
"Europe","France",2014,64.6,"Utilized",1611
"Africa","Gabon",2000,1.2,"Actual",NA
"Africa","Gabon",2000,1.2,"Utilized",NA
"Africa","Gabon",2001,1.3,"Actual",NA
"Africa","Gabon",2001,1.3,"Utilized",NA
"Africa","Gabon",2002,1.3,"Actual",NA
"Africa","Gabon",2002,1.3,"Utilized",NA
"Africa","Gabon",2003,1.3,"Actual",NA
"Africa","Gabon",2003,1.3,"Utilized",NA
"Africa","Gabon",2004,1.4,"Actual",NA
"Africa","Gabon",2004,1.4,"Utilized",NA
"Africa","Gabon",2005,1.4,"Actual",NA
"Africa","Gabon",2005,1.4,"Utilized",NA
"Africa","Gabon",2006,1.4,"Actual",NA
"Africa","Gabon",2006,1.4,"Utilized",NA
"Africa","Gabon",2007,1.4,"Actual",NA
"Africa","Gabon",2007,1.4,"Utilized",NA
"Africa","Gabon",2008,1.4,"Actual",NA
"Africa","Gabon",2008,1.4,"Utilized",NA
"Africa","Gabon",2009,1.5,"Actual",NA
"Africa","Gabon",2009,1.5,"Utilized",NA
"Africa","Gabon",2010,1.5,"Actual",NA
"Africa","Gabon",2010,1.5,"Utilized",NA
"Africa","Gabon",2011,1.5,"Actual",NA
"Africa","Gabon",2011,1.5,"Utilized",NA
"Africa","Gabon",2012,1.6,"Actual",NA
"Africa","Gabon",2012,1.6,"Utilized",NA
"Africa","Gabon",2013,1.7,"Actual",NA
"Africa","Gabon",2013,1.7,"Utilized",NA
"Africa","Gabon",2014,1.7,"Actual",NA
"Africa","Gabon",2014,1.7,"Utilized",NA
"Africa","Gambia",2000,1.3,"Actual",NA
"Africa","Gambia",2000,1.3,"Utilized",NA
"Africa","Gambia",2001,1.3,"Actual",NA
"Africa","Gambia",2001,1.3,"Utilized",NA
"Africa","Gambia",2002,1.4,"Actual",NA
"Africa","Gambia",2002,1.4,"Utilized",NA
"Africa","Gambia",2003,1.4,"Actual",NA
"Africa","Gambia",2003,1.4,"Utilized",NA
"Africa","Gambia",2004,1.5,"Actual",NA
"Africa","Gambia",2004,1.5,"Utilized",NA
"Africa","Gambia",2005,1.5,"Actual",NA
"Africa","Gambia",2005,1.5,"Utilized",NA
"Africa","Gambia",2006,1.6,"Actual",NA
"Africa","Gambia",2006,1.6,"Utilized",NA
"Africa","Gambia",2007,1.6,"Actual",NA
"Africa","Gambia",2007,1.6,"Utilized",NA
"Africa","Gambia",2008,1.8,"Actual",NA
"Africa","Gambia",2008,1.8,"Utilized",NA
"Africa","Gambia",2009,1.7,"Actual",NA
"Africa","Gambia",2009,1.7,"Utilized",NA
"Africa","Gambia",2010,1.8,"Actual",NA
"Africa","Gambia",2010,1.8,"Utilized",NA
"Africa","Gambia",2011,1.8,"Actual",NA
"Africa","Gambia",2011,1.8,"Utilized",NA
"Africa","Gambia",2012,1.8,"Actual",NA
"Africa","Gambia",2012,1.8,"Utilized",NA
"Africa","Gambia",2013,1.8,"Actual",NA
"Africa","Gambia",2013,1.8,"Utilized",NA
"Africa","Gambia",2014,1.9,"Actual",NA
"Africa","Gambia",2014,1.9,"Utilized",NA
"Europe","Georgia",2000,5,"Actual",NA
"Europe","Georgia",2000,5,"Utilized",NA
"Europe","Georgia",2001,5.2,"Actual",0
"Europe","Georgia",2001,5.2,"Utilized",NA
"Europe","Georgia",2002,5.2,"Actual",0
"Europe","Georgia",2002,5.2,"Utilized",NA
"Europe","Georgia",2003,5.1,"Actual",NA
"Europe","Georgia",2003,5.1,"Utilized",NA
"Europe","Georgia",2004,5.1,"Actual",NA
"Europe","Georgia",2004,5.1,"Utilized",NA
"Europe","Georgia",2005,4.5,"Actual",NA
"Europe","Georgia",2005,4.5,"Utilized",NA
"Europe","Georgia",2006,4.4,"Actual",NA
"Europe","Georgia",2006,4.4,"Utilized",NA
"Europe","Georgia",2007,4.4,"Actual",NA
"Europe","Georgia",2007,4.4,"Utilized",NA
"Europe","Georgia",2008,4.4,"Actual",NA
"Europe","Georgia",2008,4.4,"Utilized",NA
"Europe","Georgia",2009,4.3,"Actual",0
"Europe","Georgia",2009,4.3,"Utilized",NA
"Europe","Georgia",2010,4.2,"Actual",NA
"Europe","Georgia",2010,4.2,"Utilized",NA
"Europe","Georgia",2011,4.3,"Actual",0
"Europe","Georgia",2011,4.3,"Utilized",NA
"Europe","Georgia",2012,4.3,"Actual",0
"Europe","Georgia",2012,4.3,"Utilized",NA
"Europe","Georgia",2013,4.3,"Actual",0
"Europe","Georgia",2013,4.3,"Utilized",0
"Europe","Georgia",2014,4.3,"Actual",0
"Europe","Georgia",2014,4.3,"Utilized",NA
"Europe","Germany",2000,82.2,"Actual",NA
"Europe","Germany",2000,82.2,"Utilized",NA
"Europe","Germany",2001,82,"Actual",NA
"Europe","Germany",2001,82,"Utilized",NA
"Europe","Germany",2002,82,"Actual",NA
"Europe","Germany",2002,82,"Utilized",NA
"Europe","Germany",2003,82.5,"Actual",1133
"Europe","Germany",2003,82.5,"Utilized",NA
"Europe","Germany",2004,82.5,"Actual",1075
"Europe","Germany",2004,82.5,"Utilized",NA
"Europe","Germany",2005,82.7,"Actual",1220
"Europe","Germany",2005,82.7,"Utilized",NA
"Europe","Germany",2006,82.7,"Actual",1259
"Europe","Germany",2006,82.7,"Utilized",NA
"Europe","Germany",2007,82.7,"Actual",1313
"Europe","Germany",2007,82.7,"Utilized",NA
"Europe","Germany",2008,82.5,"Actual",1199
"Europe","Germany",2008,82.5,"Utilized",NA
"Europe","Germany",2009,82.2,"Actual",1217
"Europe","Germany",2009,82.2,"Utilized",1197
"Europe","Germany",2010,82.1,"Actual",1296
"Europe","Germany",2010,82.1,"Utilized",NA
"Europe","Germany",2011,82.2,"Actual",1200
"Europe","Germany",2011,82.2,"Utilized",NA
"Europe","Germany",2012,82,"Actual",1047
"Europe","Germany",2012,82,"Utilized",NA
"Europe","Germany",2013,82.7,"Actual",875
"Europe","Germany",2013,82.7,"Utilized",865
"Europe","Germany",2014,82.7,"Actual",864
"Europe","Germany",2014,82.7,"Utilized",851
"Africa","Ghana",2000,20.2,"Actual",NA
"Africa","Ghana",2000,20.2,"Utilized",NA
"Africa","Ghana",2001,19.7,"Actual",NA
"Africa","Ghana",2001,19.7,"Utilized",NA
"Africa","Ghana",2002,20.2,"Actual",NA
"Africa","Ghana",2002,20.2,"Utilized",NA
"Africa","Ghana",2003,20.9,"Actual",NA
"Africa","Ghana",2003,20.9,"Utilized",NA
"Africa","Ghana",2004,21.4,"Actual",NA
"Africa","Ghana",2004,21.4,"Utilized",NA
"Africa","Ghana",2005,22.1,"Actual",NA
"Africa","Ghana",2005,22.1,"Utilized",NA
"Africa","Ghana",2006,22.6,"Actual",NA
"Africa","Ghana",2006,22.6,"Utilized",NA
"Africa","Ghana",2007,23,"Actual",NA
"Africa","Ghana",2007,23,"Utilized",NA
"Africa","Ghana",2008,23.9,"Actual",NA
"Africa","Ghana",2008,23.9,"Utilized",NA
"Africa","Ghana",2009,23.8,"Actual",0
"Africa","Ghana",2009,23.8,"Utilized",NA
"Africa","Ghana",2010,24.3,"Actual",0
"Africa","Ghana",2010,24.3,"Utilized",NA
"Africa","Ghana",2011,25,"Actual",0
"Africa","Ghana",2011,25,"Utilized",0
"Africa","Ghana",2012,25.5,"Actual",0
"Africa","Ghana",2012,25.5,"Utilized",0
"Africa","Ghana",2013,25.9,"Actual",0
"Africa","Ghana",2013,25.9,"Utilized",0
"Africa","Ghana",2014,26.4,"Actual",0
"Africa","Ghana",2014,26.4,"Utilized",0
"Europe","Greece",2000,10.6,"Actual",20
"Europe","Greece",2000,10.6,"Utilized",NA
"Europe","Greece",2001,10.6,"Actual",32
"Europe","Greece",2001,10.6,"Utilized",NA
"Europe","Greece",2002,10.6,"Actual",65
"Europe","Greece",2002,10.6,"Utilized",NA
"Europe","Greece",2003,11,"Actual",71
"Europe","Greece",2003,11,"Utilized",NA
"Europe","Greece",2004,11,"Actual",66
"Europe","Greece",2004,11,"Utilized",NA
"Europe","Greece",2005,11.1,"Actual",89
"Europe","Greece",2005,11.1,"Utilized",NA
"Europe","Greece",2006,11.1,"Actual",79
"Europe","Greece",2006,11.1,"Utilized",NA
"Europe","Greece",2007,11.2,"Actual",64
"Europe","Greece",2007,11.2,"Utilized",NA
"Europe","Greece",2008,11.2,"Actual",98
"Europe","Greece",2008,11.2,"Utilized",NA
"Europe","Greece",2009,11.2,"Actual",71
"Europe","Greece",2009,11.2,"Utilized",NA
"Europe","Greece",2010,11.2,"Actual",44
"Europe","Greece",2010,11.2,"Utilized",NA
"Europe","Greece",2011,11.4,"Actual",79
"Europe","Greece",2011,11.4,"Utilized",NA
"Europe","Greece",2012,11.4,"Actual",77
"Europe","Greece",2012,11.4,"Utilized",NA
"Europe","Greece",2013,11.1,"Actual",62
"Europe","Greece",2013,11.1,"Utilized",58
"Europe","Greece",2014,11.1,"Actual",50
"Europe","Greece",2014,11.1,"Utilized",50
"America","Grenada",2000,0.1,"Actual",NA
"America","Grenada",2000,0.1,"Utilized",NA
"America","Grenada",2001,0.1,"Actual",NA
"America","Grenada",2001,0.1,"Utilized",NA
"America","Grenada",2002,0.1,"Actual",NA
"America","Grenada",2002,0.1,"Utilized",NA
"America","Grenada",2003,0.1,"Actual",NA
"America","Grenada",2003,0.1,"Utilized",NA
"America","Grenada",2004,0.1,"Actual",NA
"America","Grenada",2004,0.1,"Utilized",NA
"America","Grenada",2005,0.1,"Actual",NA
"America","Grenada",2005,0.1,"Utilized",NA
"America","Grenada",2006,0.1,"Actual",NA
"America","Grenada",2006,0.1,"Utilized",NA
"America","Grenada",2007,0.1,"Actual",NA
"America","Grenada",2007,0.1,"Utilized",NA
"America","Grenada",2008,0.1,"Actual",NA
"America","Grenada",2008,0.1,"Utilized",NA
"America","Grenada",2009,0.1,"Actual",NA
"America","Grenada",2009,0.1,"Utilized",NA
"America","Grenada",2010,0.1,"Actual",NA
"America","Grenada",2010,0.1,"Utilized",NA
"America","Grenada",2011,0.1,"Actual",NA
"America","Grenada",2011,0.1,"Utilized",NA
"America","Grenada",2012,0.1,"Actual",NA
"America","Grenada",2012,0.1,"Utilized",NA
"America","Grenada",2013,0.1,"Actual",NA
"America","Grenada",2013,0.1,"Utilized",NA
"America","Grenada",2014,0.1,"Actual",NA
"America","Grenada",2014,0.1,"Utilized",NA
"America","Guatemala",2000,11.4,"Actual",NA
"America","Guatemala",2000,11.4,"Utilized",NA
"America","Guatemala",2001,11.7,"Actual",NA
"America","Guatemala",2001,11.7,"Utilized",NA
"America","Guatemala",2002,12,"Actual",NA
"America","Guatemala",2002,12,"Utilized",NA
"America","Guatemala",2003,12.3,"Actual",NA
"America","Guatemala",2003,12.3,"Utilized",NA
"America","Guatemala",2004,12.7,"Actual",3
"America","Guatemala",2004,12.7,"Utilized",NA
"America","Guatemala",2005,12.6,"Actual",NA
"America","Guatemala",2005,12.6,"Utilized",NA
"America","Guatemala",2006,12.9,"Actual",6
"America","Guatemala",2006,12.9,"Utilized",NA
"America","Guatemala",2007,13.2,"Actual",18
"America","Guatemala",2007,13.2,"Utilized",NA
"America","Guatemala",2008,13.7,"Actual",7
"America","Guatemala",2008,13.7,"Utilized",NA
"America","Guatemala",2009,14,"Actual",6
"America","Guatemala",2009,14,"Utilized",NA
"America","Guatemala",2010,14.4,"Actual",6
"America","Guatemala",2010,14.4,"Utilized",NA
"America","Guatemala",2011,14.8,"Actual",8
"America","Guatemala",2011,14.8,"Utilized",NA
"America","Guatemala",2012,15.1,"Actual",5
"America","Guatemala",2012,15.1,"Utilized",NA
"America","Guatemala",2013,15.5,"Actual",6
"America","Guatemala",2013,15.5,"Utilized",NA
"America","Guatemala",2014,15.9,"Actual",8
"America","Guatemala",2014,15.9,"Utilized",8
"Africa","Guinea",2000,7.4,"Actual",NA
"Africa","Guinea",2000,7.4,"Utilized",NA
"Africa","Guinea",2001,8.3,"Actual",NA
"Africa","Guinea",2001,8.3,"Utilized",NA
"Africa","Guinea",2002,8.4,"Actual",NA
"Africa","Guinea",2002,8.4,"Utilized",NA
"Africa","Guinea",2003,8.5,"Actual",NA
"Africa","Guinea",2003,8.5,"Utilized",NA
"Africa","Guinea",2004,8.6,"Actual",NA
"Africa","Guinea",2004,8.6,"Utilized",NA
"Africa","Guinea",2005,9.4,"Actual",NA
"Africa","Guinea",2005,9.4,"Utilized",NA
"Africa","Guinea",2006,9.6,"Actual",NA
"Africa","Guinea",2006,9.6,"Utilized",NA
"Africa","Guinea",2007,9.8,"Actual",NA
"Africa","Guinea",2007,9.8,"Utilized",NA
"Africa","Guinea",2008,9.6,"Actual",NA
"Africa","Guinea",2008,9.6,"Utilized",NA
"Africa","Guinea",2009,10.1,"Actual",NA
"Africa","Guinea",2009,10.1,"Utilized",NA
"Africa","Guinea",2010,10.3,"Actual",NA
"Africa","Guinea",2010,10.3,"Utilized",NA
"Africa","Guinea",2011,10.2,"Actual",NA
"Africa","Guinea",2011,10.2,"Utilized",NA
"Africa","Guinea",2012,10.5,"Actual",NA
"Africa","Guinea",2012,10.5,"Utilized",NA
"Africa","Guinea",2013,11.7,"Actual",NA
"Africa","Guinea",2013,11.7,"Utilized",NA
"Africa","Guinea",2014,12,"Actual",NA
"Africa","Guinea",2014,12,"Utilized",NA
"Africa","Guinea-Bissau",2000,1.2,"Actual",NA
"Africa","Guinea-Bissau",2000,1.2,"Utilized",NA
"Africa","Guinea-Bissau",2001,1.2,"Actual",NA
"Africa","Guinea-Bissau",2001,1.2,"Utilized",NA
"Africa","Guinea-Bissau",2002,1.3,"Actual",NA
"Africa","Guinea-Bissau",2002,1.3,"Utilized",NA
"Africa","Guinea-Bissau",2003,1.5,"Actual",NA
"Africa","Guinea-Bissau",2003,1.5,"Utilized",NA
"Africa","Guinea-Bissau",2004,1.5,"Actual",NA
"Africa","Guinea-Bissau",2004,1.5,"Utilized",NA
"Africa","Guinea-Bissau",2005,1.6,"Actual",NA
"Africa","Guinea-Bissau",2005,1.6,"Utilized",NA
"Africa","Guinea-Bissau",2006,1.6,"Actual",NA
"Africa","Guinea-Bissau",2006,1.6,"Utilized",NA
"Africa","Guinea-Bissau",2007,1.7,"Actual",NA
"Africa","Guinea-Bissau",2007,1.7,"Utilized",NA
"Africa","Guinea-Bissau",2008,1.7,"Actual",NA
"Africa","Guinea-Bissau",2008,1.7,"Utilized",NA
"Africa","Guinea-Bissau",2009,1.6,"Actual",NA
"Africa","Guinea-Bissau",2009,1.6,"Utilized",NA
"Africa","Guinea-Bissau",2010,1.6,"Actual",NA
"Africa","Guinea-Bissau",2010,1.6,"Utilized",NA
"Africa","Guinea-Bissau",2011,1.5,"Actual",NA
"Africa","Guinea-Bissau",2011,1.5,"Utilized",NA
"Africa","Guinea-Bissau",2012,1.6,"Actual",NA
"Africa","Guinea-Bissau",2012,1.6,"Utilized",NA
"Africa","Guinea-Bissau",2013,1.7,"Actual",NA
"Africa","Guinea-Bissau",2013,1.7,"Utilized",NA
"Africa","Guinea-Bissau",2014,1.7,"Actual",NA
"Africa","Guinea-Bissau",2014,1.7,"Utilized",NA
"America","Guyana",2000,0.9,"Actual",NA
"America","Guyana",2000,0.9,"Utilized",NA
"America","Guyana",2001,0.8,"Actual",NA
"America","Guyana",2001,0.8,"Utilized",NA
"America","Guyana",2002,0.8,"Actual",NA
"America","Guyana",2002,0.8,"Utilized",NA
"America","Guyana",2003,0.8,"Actual",NA
"America","Guyana",2003,0.8,"Utilized",NA
"America","Guyana",2004,0.8,"Actual",NA
"America","Guyana",2004,0.8,"Utilized",NA
"America","Guyana",2005,0.7,"Actual",NA
"America","Guyana",2005,0.7,"Utilized",NA
"America","Guyana",2006,0.7,"Actual",NA
"America","Guyana",2006,0.7,"Utilized",NA
"America","Guyana",2007,0.7,"Actual",NA
"America","Guyana",2007,0.7,"Utilized",NA
"America","Guyana",2008,0.7,"Actual",NA
"America","Guyana",2008,0.7,"Utilized",NA
"America","Guyana",2009,0.8,"Actual",NA
"America","Guyana",2009,0.8,"Utilized",NA
"America","Guyana",2010,0.8,"Actual",NA
"America","Guyana",2010,0.8,"Utilized",NA
"America","Guyana",2011,0.8,"Actual",NA
"America","Guyana",2011,0.8,"Utilized",NA
"America","Guyana",2012,0.8,"Actual",NA
"America","Guyana",2012,0.8,"Utilized",NA
"America","Guyana",2013,0.8,"Actual",NA
"America","Guyana",2013,0.8,"Utilized",NA
"America","Guyana",2014,0.8,"Actual",NA
"America","Guyana",2014,0.8,"Utilized",NA
"America","Haiti",2000,8.2,"Actual",NA
"America","Haiti",2000,8.2,"Utilized",NA
"America","Haiti",2001,8.3,"Actual",NA
"America","Haiti",2001,8.3,"Utilized",NA
"America","Haiti",2002,8.4,"Actual",NA
"America","Haiti",2002,8.4,"Utilized",NA
"America","Haiti",2003,8.3,"Actual",NA
"America","Haiti",2003,8.3,"Utilized",NA
"America","Haiti",2004,8.4,"Actual",NA
"America","Haiti",2004,8.4,"Utilized",NA
"America","Haiti",2005,8.5,"Actual",NA
"America","Haiti",2005,8.5,"Utilized",NA
"America","Haiti",2006,8.6,"Actual",NA
"America","Haiti",2006,8.6,"Utilized",NA
"America","Haiti",2007,8.8,"Actual",NA
"America","Haiti",2007,8.8,"Utilized",NA
"America","Haiti",2008,9.8,"Actual",NA
"America","Haiti",2008,9.8,"Utilized",NA
"America","Haiti",2009,10,"Actual",NA
"America","Haiti",2009,10,"Utilized",NA
"America","Haiti",2010,10.2,"Actual",NA
"America","Haiti",2010,10.2,"Utilized",NA
"America","Haiti",2011,10.1,"Actual",NA
"America","Haiti",2011,10.1,"Utilized",NA
"America","Haiti",2012,10.3,"Actual",NA
"America","Haiti",2012,10.3,"Utilized",NA
"America","Haiti",2013,10.3,"Actual",NA
"America","Haiti",2013,10.3,"Utilized",NA
"America","Haiti",2014,10.5,"Actual",NA
"America","Haiti",2014,10.5,"Utilized",NA
"America","Honduras",2000,6.5,"Actual",NA
"America","Honduras",2000,6.5,"Utilized",NA
"America","Honduras",2001,6.6,"Actual",NA
"America","Honduras",2001,6.6,"Utilized",NA
"America","Honduras",2002,6.7,"Actual",NA
"America","Honduras",2002,6.7,"Utilized",NA
"America","Honduras",2003,6.9,"Actual",NA
"America","Honduras",2003,6.9,"Utilized",NA
"America","Honduras",2004,7.1,"Actual",NA
"America","Honduras",2004,7.1,"Utilized",NA
"America","Honduras",2005,7.2,"Actual",NA
"America","Honduras",2005,7.2,"Utilized",NA
"America","Honduras",2006,7.4,"Actual",NA
"America","Honduras",2006,7.4,"Utilized",NA
"America","Honduras",2007,7.5,"Actual",NA
"America","Honduras",2007,7.5,"Utilized",NA
"America","Honduras",2008,7.2,"Actual",NA
"America","Honduras",2008,7.2,"Utilized",NA
"America","Honduras",2009,7.5,"Actual",NA
"America","Honduras",2009,7.5,"Utilized",NA
"America","Honduras",2010,7.6,"Actual",NA
"America","Honduras",2010,7.6,"Utilized",NA
"America","Honduras",2011,7.8,"Actual",NA
"America","Honduras",2011,7.8,"Utilized",NA
"America","Honduras",2012,7.9,"Actual",NA
"America","Honduras",2012,7.9,"Utilized",NA
"America","Honduras",2013,8.1,"Actual",NA
"America","Honduras",2013,8.1,"Utilized",NA
"America","Honduras",2014,8.3,"Actual",NA
"America","Honduras",2014,8.3,"Utilized",NA
"Europe","Hungary",2000,10,"Actual",138
"Europe","Hungary",2000,10,"Utilized",NA
"Europe","Hungary",2001,9.9,"Actual",137
"Europe","Hungary",2001,9.9,"Utilized",NA
"Europe","Hungary",2002,9.9,"Actual",167
"Europe","Hungary",2002,9.9,"Utilized",NA
"Europe","Hungary",2003,9.9,"Actual",161
"Europe","Hungary",2003,9.9,"Utilized",NA
"Europe","Hungary",2004,9.8,"Actual",160
"Europe","Hungary",2004,9.8,"Utilized",NA
"Europe","Hungary",2005,10.1,"Actual",181
"Europe","Hungary",2005,10.1,"Utilized",NA
"Europe","Hungary",2006,10.1,"Actual",177
"Europe","Hungary",2006,10.1,"Utilized",NA
"Europe","Hungary",2007,10,"Actual",151
"Europe","Hungary",2007,10,"Utilized",NA
"Europe","Hungary",2008,10,"Actual",148
"Europe","Hungary",2008,10,"Utilized",NA
"Europe","Hungary",2009,10,"Actual",140
"Europe","Hungary",2009,10,"Utilized",134
"Europe","Hungary",2010,10,"Actual",159
"Europe","Hungary",2010,10,"Utilized",NA
"Europe","Hungary",2011,10,"Actual",131
"Europe","Hungary",2011,10,"Utilized",NA
"Europe","Hungary",2012,9.9,"Actual",143
"Europe","Hungary",2012,9.9,"Utilized",NA
"Europe","Hungary",2013,10,"Actual",155
"Europe","Hungary",2013,10,"Utilized",153
"Europe","Hungary",2014,9.9,"Actual",203
"Europe","Hungary",2014,9.9,"Utilized",199
"Europe","Iceland",2000,0.3,"Actual",NA
"Europe","Iceland",2000,0.3,"Utilized",NA
"Europe","Iceland",2001,0.3,"Actual",NA
"Europe","Iceland",2001,0.3,"Utilized",NA
"Europe","Iceland",2002,0.3,"Actual",NA
"Europe","Iceland",2002,0.3,"Utilized",NA
"Europe","Iceland",2003,0.3,"Actual",0
"Europe","Iceland",2003,0.3,"Utilized",NA
"Europe","Iceland",2004,0.3,"Actual",5
"Europe","Iceland",2004,0.3,"Utilized",NA
"Europe","Iceland",2005,0.3,"Actual",2
"Europe","Iceland",2005,0.3,"Utilized",NA
"Europe","Iceland",2006,0.3,"Actual",6
"Europe","Iceland",2006,0.3,"Utilized",NA
"Europe","Iceland",2007,0.3,"Actual",0
"Europe","Iceland",2007,0.3,"Utilized",NA
"Europe","Iceland",2008,0.3,"Actual",2
"Europe","Iceland",2008,0.3,"Utilized",NA
"Europe","Iceland",2009,0.3,"Actual",6
"Europe","Iceland",2009,0.3,"Utilized",6
"Europe","Iceland",2010,0.3,"Actual",3
"Europe","Iceland",2010,0.3,"Utilized",NA
"Europe","Iceland",2011,0.3,"Actual",2
"Europe","Iceland",2011,0.3,"Utilized",NA
"Europe","Iceland",2012,0.3,"Actual",3
"Europe","Iceland",2012,0.3,"Utilized",NA
"Europe","Iceland",2013,0.3,"Actual",4
"Europe","Iceland",2013,0.3,"Utilized",NA
"Europe","Iceland",2014,0.3,"Actual",3
"Europe","Iceland",2014,0.3,"Utilized",3
"South-East Asia","India",2000,1013.7,"Actual",NA
"South-East Asia","India",2000,1013.7,"Utilized",NA
"South-East Asia","India",2001,1025.1,"Actual",NA
"South-East Asia","India",2001,1025.1,"Utilized",NA
"South-East Asia","India",2002,1041.1,"Actual",NA
"South-East Asia","India",2002,1041.1,"Utilized",NA
"South-East Asia","India",2003,1065.5,"Actual",NA
"South-East Asia","India",2003,1065.5,"Utilized",NA
"South-East Asia","India",2004,1081.2,"Actual",NA
"South-East Asia","India",2004,1081.2,"Utilized",NA
"South-East Asia","India",2005,1103.4,"Actual",NA
"South-East Asia","India",2005,1103.4,"Utilized",NA
"South-East Asia","India",2006,1119.5,"Actual",NA
"South-East Asia","India",2006,1119.5,"Utilized",NA
"South-East Asia","India",2007,1135.6,"Actual",NA
"South-East Asia","India",2007,1135.6,"Utilized",NA
"South-East Asia","India",2008,1186.2,"Actual",NA
"South-East Asia","India",2008,1186.2,"Utilized",NA
"South-East Asia","India",2009,1198,"Actual",NA
"South-East Asia","India",2009,1198,"Utilized",NA
"South-East Asia","India",2010,1214.5,"Actual",100
"South-East Asia","India",2010,1214.5,"Utilized",NA
"South-East Asia","India",2011,1241.5,"Actual",391
"South-East Asia","India",2011,1241.5,"Utilized",NA
"South-East Asia","India",2012,1258.4,"Actual",391
"South-East Asia","India",2012,1258.4,"Utilized",NA
"South-East Asia","India",2013,1252.1,"Actual",340
"South-East Asia","India",2013,1252.1,"Utilized",319
"South-East Asia","India",2014,1267.4,"Actual",408
"South-East Asia","India",2014,1267.4,"Utilized",385
"South-East Asia","Indonesia",2000,212.1,"Actual",NA
"South-East Asia","Indonesia",2000,212.1,"Utilized",NA
"South-East Asia","Indonesia",2001,214.8,"Actual",NA
"South-East Asia","Indonesia",2001,214.8,"Utilized",NA
"South-East Asia","Indonesia",2002,217.5,"Actual",NA
"South-East Asia","Indonesia",2002,217.5,"Utilized",NA
"South-East Asia","Indonesia",2003,219.9,"Actual",NA
"South-East Asia","Indonesia",2003,219.9,"Utilized",NA
"South-East Asia","Indonesia",2004,222.6,"Actual",NA
"South-East Asia","Indonesia",2004,222.6,"Utilized",NA
"South-East Asia","Indonesia",2005,222.8,"Actual",NA
"South-East Asia","Indonesia",2005,222.8,"Utilized",NA
"South-East Asia","Indonesia",2006,225.5,"Actual",NA
"South-East Asia","Indonesia",2006,225.5,"Utilized",NA
"South-East Asia","Indonesia",2007,228.1,"Actual",0
"South-East Asia","Indonesia",2007,228.1,"Utilized",NA
"South-East Asia","Indonesia",2008,234.3,"Actual",NA
"South-East Asia","Indonesia",2008,234.3,"Utilized",NA
"South-East Asia","Indonesia",2009,230,"Actual",0
"South-East Asia","Indonesia",2009,230,"Utilized",NA
"South-East Asia","Indonesia",2010,232.5,"Actual",0
"South-East Asia","Indonesia",2010,232.5,"Utilized",NA
"South-East Asia","Indonesia",2011,242.3,"Actual",0
"South-East Asia","Indonesia",2011,242.3,"Utilized",NA
"South-East Asia","Indonesia",2012,244.8,"Actual",0
"South-East Asia","Indonesia",2012,244.8,"Utilized",NA
"South-East Asia","Indonesia",2013,249.9,"Actual",0
"South-East Asia","Indonesia",2013,249.9,"Utilized",NA
"South-East Asia","Indonesia",2014,252.8,"Actual",NA
"South-East Asia","Indonesia",2014,252.8,"Utilized",NA
"Eastern Mediterranean","Iran (Islamic Republic of)",2000,67.7,"Actual",20
"Eastern Mediterranean","Iran (Islamic Republic of)",2000,67.7,"Utilized",NA
"Eastern Mediterranean","Iran (Islamic Republic of)",2001,71.4,"Actual",43
"Eastern Mediterranean","Iran (Islamic Republic of)",2001,71.4,"Utilized",NA
"Eastern Mediterranean","Iran (Islamic Republic of)",2002,72.4,"Actual",52
"Eastern Mediterranean","Iran (Islamic Republic of)",2002,72.4,"Utilized",NA
"Eastern Mediterranean","Iran (Islamic Republic of)",2003,68.9,"Actual",87
"Eastern Mediterranean","Iran (Islamic Republic of)",2003,68.9,"Utilized",NA
"Eastern Mediterranean","Iran (Islamic Republic of)",2004,69.8,"Actual",114
"Eastern Mediterranean","Iran (Islamic Republic of)",2004,69.8,"Utilized",NA
"Eastern Mediterranean","Iran (Islamic Republic of)",2005,69.5,"Actual",118
"Eastern Mediterranean","Iran (Islamic Republic of)",2005,69.5,"Utilized",NA
"Eastern Mediterranean","Iran (Islamic Republic of)",2006,70.3,"Actual",128
"Eastern Mediterranean","Iran (Islamic Republic of)",2006,70.3,"Utilized",NA
"Eastern Mediterranean","Iran (Islamic Republic of)",2007,71.2,"Actual",165
"Eastern Mediterranean","Iran (Islamic Republic of)",2007,71.2,"Utilized",NA
"Eastern Mediterranean","Iran (Islamic Republic of)",2008,72.2,"Actual",203
"Eastern Mediterranean","Iran (Islamic Republic of)",2008,72.2,"Utilized",NA
"Eastern Mediterranean","Iran (Islamic Republic of)",2009,74.2,"Actual",212
"Eastern Mediterranean","Iran (Islamic Republic of)",2009,74.2,"Utilized",NA
"Eastern Mediterranean","Iran (Islamic Republic of)",2010,75.1,"Actual",311
"Eastern Mediterranean","Iran (Islamic Republic of)",2010,75.1,"Utilized",NA
"Eastern Mediterranean","Iran (Islamic Republic of)",2011,74.8,"Actual",430
"Eastern Mediterranean","Iran (Islamic Republic of)",2011,74.8,"Utilized",430
"Eastern Mediterranean","Iran (Islamic Republic of)",2012,75.6,"Actual",528
"Eastern Mediterranean","Iran (Islamic Republic of)",2012,75.6,"Utilized",528
"Eastern Mediterranean","Iran (Islamic Republic of)",2013,77.4,"Actual",670
"Eastern Mediterranean","Iran (Islamic Republic of)",2013,77.4,"Utilized",670
"Eastern Mediterranean","Iran (Islamic Republic of)",2014,78.5,"Actual",659
"Eastern Mediterranean","Iran (Islamic Republic of)",2014,78.5,"Utilized",NA
"Eastern Mediterranean","Iraq",2000,23.1,"Actual",NA
"Eastern Mediterranean","Iraq",2000,23.1,"Utilized",NA
"Eastern Mediterranean","Iraq",2001,23.6,"Actual",NA
"Eastern Mediterranean","Iraq",2001,23.6,"Utilized",NA
"Eastern Mediterranean","Iraq",2002,24.2,"Actual",NA
"Eastern Mediterranean","Iraq",2002,24.2,"Utilized",NA
"Eastern Mediterranean","Iraq",2003,25.2,"Actual",NA
"Eastern Mediterranean","Iraq",2003,25.2,"Utilized",NA
"Eastern Mediterranean","Iraq",2004,25.9,"Actual",NA
"Eastern Mediterranean","Iraq",2004,25.9,"Utilized",NA
"Eastern Mediterranean","Iraq",2005,28.8,"Actual",NA
"Eastern Mediterranean","Iraq",2005,28.8,"Utilized",NA
"Eastern Mediterranean","Iraq",2006,29.6,"Actual",NA
"Eastern Mediterranean","Iraq",2006,29.6,"Utilized",NA
"Eastern Mediterranean","Iraq",2007,30.3,"Actual",NA
"Eastern Mediterranean","Iraq",2007,30.3,"Utilized",NA
"Eastern Mediterranean","Iraq",2008,29.5,"Actual",NA
"Eastern Mediterranean","Iraq",2008,29.5,"Utilized",NA
"Eastern Mediterranean","Iraq",2009,30.7,"Actual",NA
"Eastern Mediterranean","Iraq",2009,30.7,"Utilized",NA
"Eastern Mediterranean","Iraq",2010,31.5,"Actual",NA
"Eastern Mediterranean","Iraq",2010,31.5,"Utilized",NA
"Eastern Mediterranean","Iraq",2011,32.7,"Actual",NA
"Eastern Mediterranean","Iraq",2011,32.7,"Utilized",NA
"Eastern Mediterranean","Iraq",2012,33.7,"Actual",NA
"Eastern Mediterranean","Iraq",2012,33.7,"Utilized",NA
"Eastern Mediterranean","Iraq",2013,33.8,"Actual",NA
"Eastern Mediterranean","Iraq",2013,33.8,"Utilized",NA
"Eastern Mediterranean","Iraq",2014,34.8,"Actual",NA
"Eastern Mediterranean","Iraq",2014,34.8,"Utilized",NA
"Europe","Ireland",2000,3.7,"Actual",NA
"Europe","Ireland",2000,3.7,"Utilized",NA
"Europe","Ireland",2001,3.8,"Actual",68
"Europe","Ireland",2001,3.8,"Utilized",NA
"Europe","Ireland",2002,3.9,"Actual",80
"Europe","Ireland",2002,3.9,"Utilized",NA
"Europe","Ireland",2003,4,"Actual",80
"Europe","Ireland",2003,4,"Utilized",NA
"Europe","Ireland",2004,4,"Actual",86
"Europe","Ireland",2004,4,"Utilized",NA
"Europe","Ireland",2005,4.1,"Actual",71
"Europe","Ireland",2005,4.1,"Utilized",NA
"Europe","Ireland",2006,4.2,"Actual",91
"Europe","Ireland",2006,4.2,"Utilized",NA
"Europe","Ireland",2007,4.3,"Actual",88
"Europe","Ireland",2007,4.3,"Utilized",NA
"Europe","Ireland",2008,4.4,"Actual",81
"Europe","Ireland",2008,4.4,"Utilized",NA
"Europe","Ireland",2009,4.5,"Actual",90
"Europe","Ireland",2009,4.5,"Utilized",86
"Europe","Ireland",2010,4.6,"Actual",58
"Europe","Ireland",2010,4.6,"Utilized",NA
"Europe","Ireland",2011,4.5,"Actual",93
"Europe","Ireland",2011,4.5,"Utilized",NA
"Europe","Ireland",2012,4.6,"Actual",78
"Europe","Ireland",2012,4.6,"Utilized",NA
"Europe","Ireland",2013,4.6,"Actual",86
"Europe","Ireland",2013,4.6,"Utilized",82
"Europe","Ireland",2014,4.7,"Actual",63
"Europe","Ireland",2014,4.7,"Utilized",59
"Europe","Israel",2000,6.2,"Actual",NA
"Europe","Israel",2000,6.2,"Utilized",NA
"Europe","Israel",2001,6.2,"Actual",59
"Europe","Israel",2001,6.2,"Utilized",NA
"Europe","Israel",2002,6.3,"Actual",64
"Europe","Israel",2002,6.3,"Utilized",NA
"Europe","Israel",2003,6.4,"Actual",43
"Europe","Israel",2003,6.4,"Utilized",NA
"Europe","Israel",2004,6.6,"Actual",60
"Europe","Israel",2004,6.6,"Utilized",NA
"Europe","Israel",2005,6.7,"Actual",62
"Europe","Israel",2005,6.7,"Utilized",NA
"Europe","Israel",2006,6.8,"Actual",68
"Europe","Israel",2006,6.8,"Utilized",NA
"Europe","Israel",2007,7,"Actual",61
"Europe","Israel",2007,7,"Utilized",NA
"Europe","Israel",2008,7,"Actual",72
"Europe","Israel",2008,7,"Utilized",NA
"Europe","Israel",2009,7.2,"Actual",66
"Europe","Israel",2009,7.2,"Utilized",NA
"Europe","Israel",2010,7.3,"Actual",60
"Europe","Israel",2010,7.3,"Utilized",NA
"Europe","Israel",2011,7.6,"Actual",82
"Europe","Israel",2011,7.6,"Utilized",NA
"Europe","Israel",2012,7.7,"Actual",57
"Europe","Israel",2012,7.7,"Utilized",NA
"Europe","Israel",2013,7.7,"Actual",76
"Europe","Israel",2013,7.7,"Utilized",74
"Europe","Israel",2014,7.8,"Actual",63
"Europe","Israel",2014,7.8,"Utilized",59
"Europe","Italy",2000,57.3,"Actual",880
"Europe","Italy",2000,57.3,"Utilized",NA
"Europe","Italy",2001,57.5,"Actual",988
"Europe","Italy",2001,57.5,"Utilized",NA
"Europe","Italy",2002,57.4,"Actual",NA
"Europe","Italy",2002,57.4,"Utilized",NA
"Europe","Italy",2003,57.4,"Actual",1042
"Europe","Italy",2003,57.4,"Utilized",NA
"Europe","Italy",2004,57.3,"Actual",1203
"Europe","Italy",2004,57.3,"Utilized",NA
"Europe","Italy",2005,58.1,"Actual",1197
"Europe","Italy",2005,58.1,"Utilized",NA
"Europe","Italy",2006,58.1,"Actual",1234
"Europe","Italy",2006,58.1,"Utilized",NA
"Europe","Italy",2007,58.2,"Actual",1194
"Europe","Italy",2007,58.2,"Utilized",NA
"Europe","Italy",2008,58.9,"Actual",1201
"Europe","Italy",2008,58.9,"Utilized",NA
"Europe","Italy",2009,59.9,"Actual",1273
"Europe","Italy",2009,59.9,"Utilized",1167
"Europe","Italy",2010,60.1,"Actual",1298
"Europe","Italy",2010,60.1,"Utilized",NA
"Europe","Italy",2011,60.8,"Actual",1325
"Europe","Italy",2011,60.8,"Utilized",NA
"Europe","Italy",2012,61,"Actual",1337
"Europe","Italy",2012,61,"Utilized",NA
"Europe","Italy",2013,61,"Actual",1323
"Europe","Italy",2013,61,"Utilized",1102
"Europe","Italy",2014,61.1,"Actual",1384
"Europe","Italy",2014,61.1,"Utilized",1175
"America","Jamaica",2000,2.6,"Actual",NA
"America","Jamaica",2000,2.6,"Utilized",NA
"America","Jamaica",2001,2.6,"Actual",NA
"America","Jamaica",2001,2.6,"Utilized",NA
"America","Jamaica",2002,2.6,"Actual",NA
"America","Jamaica",2002,2.6,"Utilized",NA
"America","Jamaica",2003,2.7,"Actual",NA
"America","Jamaica",2003,2.7,"Utilized",NA
"America","Jamaica",2004,2.7,"Actual",NA
"America","Jamaica",2004,2.7,"Utilized",NA
"America","Jamaica",2005,2.7,"Actual",NA
"America","Jamaica",2005,2.7,"Utilized",NA
"America","Jamaica",2006,2.7,"Actual",NA
"America","Jamaica",2006,2.7,"Utilized",NA
"America","Jamaica",2007,2.7,"Actual",NA
"America","Jamaica",2007,2.7,"Utilized",NA
"America","Jamaica",2008,2.7,"Actual",NA
"America","Jamaica",2008,2.7,"Utilized",NA
"America","Jamaica",2009,2.7,"Actual",NA
"America","Jamaica",2009,2.7,"Utilized",NA
"America","Jamaica",2010,2.7,"Actual",NA
"America","Jamaica",2010,2.7,"Utilized",NA
"America","Jamaica",2011,2.8,"Actual",NA
"America","Jamaica",2011,2.8,"Utilized",NA
"America","Jamaica",2012,2.8,"Actual",NA
"America","Jamaica",2012,2.8,"Utilized",NA
"America","Jamaica",2013,2.8,"Actual",NA
"America","Jamaica",2013,2.8,"Utilized",NA
"America","Jamaica",2014,2.8,"Actual",NA
"America","Jamaica",2014,2.8,"Utilized",NA
"Western Pacific","Japan",2000,126.7,"Actual",NA
"Western Pacific","Japan",2000,126.7,"Utilized",NA
"Western Pacific","Japan",2001,127.3,"Actual",NA
"Western Pacific","Japan",2001,127.3,"Utilized",NA
"Western Pacific","Japan",2002,127.5,"Actual",NA
"Western Pacific","Japan",2002,127.5,"Utilized",NA
"Western Pacific","Japan",2003,127.7,"Actual",NA
"Western Pacific","Japan",2003,127.7,"Utilized",NA
"Western Pacific","Japan",2004,127.8,"Actual",NA
"Western Pacific","Japan",2004,127.8,"Utilized",NA
"Western Pacific","Japan",2005,128.1,"Actual",91
"Western Pacific","Japan",2005,128.1,"Utilized",NA
"Western Pacific","Japan",2006,128.2,"Actual",112
"Western Pacific","Japan",2006,128.2,"Utilized",NA
"Western Pacific","Japan",2007,128.3,"Actual",105
"Western Pacific","Japan",2007,128.3,"Utilized",NA
"Western Pacific","Japan",2008,127.9,"Actual",109
"Western Pacific","Japan",2008,127.9,"Utilized",NA
"Western Pacific","Japan",2009,127.2,"Actual",105
"Western Pacific","Japan",2009,127.2,"Utilized",NA
"Western Pacific","Japan",2010,127,"Actual",105
"Western Pacific","Japan",2010,127,"Utilized",NA
"Western Pacific","Japan",2011,126.5,"Actual",112
"Western Pacific","Japan",2011,126.5,"Utilized",108
"Western Pacific","Japan",2012,126.4,"Actual",110
"Western Pacific","Japan",2012,126.4,"Utilized",110
"Western Pacific","Japan",2013,127.1,"Actual",84
"Western Pacific","Japan",2013,127.1,"Utilized",82
"Western Pacific","Japan",2014,127,"Actual",77
"Western Pacific","Japan",2014,127,"Utilized",74
"Eastern Mediterranean","Jordan",2000,6.7,"Actual",NA
"Eastern Mediterranean","Jordan",2000,6.7,"Utilized",NA
"Eastern Mediterranean","Jordan",2001,5.1,"Actual",NA
"Eastern Mediterranean","Jordan",2001,5.1,"Utilized",NA
"Eastern Mediterranean","Jordan",2002,5.2,"Actual",NA
"Eastern Mediterranean","Jordan",2002,5.2,"Utilized",NA
"Eastern Mediterranean","Jordan",2003,5.5,"Actual",NA
"Eastern Mediterranean","Jordan",2003,5.5,"Utilized",NA
"Eastern Mediterranean","Jordan",2004,5.6,"Actual",NA
"Eastern Mediterranean","Jordan",2004,5.6,"Utilized",NA
"Eastern Mediterranean","Jordan",2005,5.7,"Actual",NA
"Eastern Mediterranean","Jordan",2005,5.7,"Utilized",NA
"Eastern Mediterranean","Jordan",2006,5.8,"Actual",NA
"Eastern Mediterranean","Jordan",2006,5.8,"Utilized",NA
"Eastern Mediterranean","Jordan",2007,6,"Actual",0
"Eastern Mediterranean","Jordan",2007,6,"Utilized",NA
"Eastern Mediterranean","Jordan",2008,6.1,"Actual",NA
"Eastern Mediterranean","Jordan",2008,6.1,"Utilized",NA
"Eastern Mediterranean","Jordan",2009,6.3,"Actual",0
"Eastern Mediterranean","Jordan",2009,6.3,"Utilized",NA
"Eastern Mediterranean","Jordan",2010,6.5,"Actual",0
"Eastern Mediterranean","Jordan",2010,6.5,"Utilized",NA
"Eastern Mediterranean","Jordan",2011,6.3,"Actual",0
"Eastern Mediterranean","Jordan",2011,6.3,"Utilized",NA
"Eastern Mediterranean","Jordan",2012,6.5,"Actual",0
"Eastern Mediterranean","Jordan",2012,6.5,"Utilized",NA
"Eastern Mediterranean","Jordan",2013,7.3,"Actual",0
"Eastern Mediterranean","Jordan",2013,7.3,"Utilized",NA
"Eastern Mediterranean","Jordan",2014,7.5,"Actual",NA
"Eastern Mediterranean","Jordan",2014,7.5,"Utilized",NA
"Europe","Kazakhstan",2000,16.2,"Actual",NA
"Europe","Kazakhstan",2000,16.2,"Utilized",NA
"Europe","Kazakhstan",2001,16.1,"Actual",NA
"Europe","Kazakhstan",2001,16.1,"Utilized",NA
"Europe","Kazakhstan",2002,16,"Actual",NA
"Europe","Kazakhstan",2002,16,"Utilized",NA
"Europe","Kazakhstan",2003,15.4,"Actual",NA
"Europe","Kazakhstan",2003,15.4,"Utilized",NA
"Europe","Kazakhstan",2004,15.4,"Actual",NA
"Europe","Kazakhstan",2004,15.4,"Utilized",NA
"Europe","Kazakhstan",2005,14.8,"Actual",NA
"Europe","Kazakhstan",2005,14.8,"Utilized",NA
"Europe","Kazakhstan",2006,14.8,"Actual",NA
"Europe","Kazakhstan",2006,14.8,"Utilized",NA
"Europe","Kazakhstan",2007,14.8,"Actual",NA
"Europe","Kazakhstan",2007,14.8,"Utilized",NA
"Europe","Kazakhstan",2008,15.5,"Actual",NA
"Europe","Kazakhstan",2008,15.5,"Utilized",NA
"Europe","Kazakhstan",2009,15.6,"Actual",NA
"Europe","Kazakhstan",2009,15.6,"Utilized",NA
"Europe","Kazakhstan",2010,15.8,"Actual",NA
"Europe","Kazakhstan",2010,15.8,"Utilized",NA
"Europe","Kazakhstan",2011,16.2,"Actual",NA
"Europe","Kazakhstan",2011,16.2,"Utilized",NA
"Europe","Kazakhstan",2012,16.4,"Actual",4
"Europe","Kazakhstan",2012,16.4,"Utilized",4
"Europe","Kazakhstan",2013,16.4,"Actual",4
"Europe","Kazakhstan",2013,16.4,"Utilized",4
"Europe","Kazakhstan",2014,16.6,"Actual",10
"Europe","Kazakhstan",2014,16.6,"Utilized",10
"Africa","Kenya",2000,30.1,"Actual",NA
"Africa","Kenya",2000,30.1,"Utilized",NA
"Africa","Kenya",2001,31.3,"Actual",NA
"Africa","Kenya",2001,31.3,"Utilized",NA
"Africa","Kenya",2002,31.9,"Actual",NA
"Africa","Kenya",2002,31.9,"Utilized",NA
"Africa","Kenya",2003,32,"Actual",NA
"Africa","Kenya",2003,32,"Utilized",NA
"Africa","Kenya",2004,32.4,"Actual",NA
"Africa","Kenya",2004,32.4,"Utilized",NA
"Africa","Kenya",2005,34.3,"Actual",NA
"Africa","Kenya",2005,34.3,"Utilized",NA
"Africa","Kenya",2006,35.1,"Actual",NA
"Africa","Kenya",2006,35.1,"Utilized",NA
"Africa","Kenya",2007,36,"Actual",0
"Africa","Kenya",2007,36,"Utilized",NA
"Africa","Kenya",2008,38.6,"Actual",NA
"Africa","Kenya",2008,38.6,"Utilized",NA
"Africa","Kenya",2009,39.8,"Actual",0
"Africa","Kenya",2009,39.8,"Utilized",NA
"Africa","Kenya",2010,40.9,"Actual",0
"Africa","Kenya",2010,40.9,"Utilized",NA
"Africa","Kenya",2011,41.6,"Actual",0
"Africa","Kenya",2011,41.6,"Utilized",0
"Africa","Kenya",2012,42.7,"Actual",0
"Africa","Kenya",2012,42.7,"Utilized",0
"Africa","Kenya",2013,44.4,"Actual",0
"Africa","Kenya",2013,44.4,"Utilized",0
"Africa","Kenya",2014,45.5,"Actual",0
"Africa","Kenya",2014,45.5,"Utilized",0
"Western Pacific","Kiribati",2000,0.1,"Actual",NA
"Western Pacific","Kiribati",2000,0.1,"Utilized",NA
"Western Pacific","Kiribati",2001,0.1,"Actual",NA
"Western Pacific","Kiribati",2001,0.1,"Utilized",NA
"Western Pacific","Kiribati",2002,0.1,"Actual",NA
"Western Pacific","Kiribati",2002,0.1,"Utilized",NA
"Western Pacific","Kiribati",2003,0.1,"Actual",NA
"Western Pacific","Kiribati",2003,0.1,"Utilized",NA
"Western Pacific","Kiribati",2004,0.1,"Actual",NA
"Western Pacific","Kiribati",2004,0.1,"Utilized",NA
"Western Pacific","Kiribati",2005,0.1,"Actual",NA
"Western Pacific","Kiribati",2005,0.1,"Utilized",NA
"Western Pacific","Kiribati",2006,0.1,"Actual",NA
"Western Pacific","Kiribati",2006,0.1,"Utilized",NA
"Western Pacific","Kiribati",2007,0.1,"Actual",NA
"Western Pacific","Kiribati",2007,0.1,"Utilized",NA
"Western Pacific","Kiribati",2008,0.1,"Actual",NA
"Western Pacific","Kiribati",2008,0.1,"Utilized",NA
"Western Pacific","Kiribati",2009,0.1,"Actual",NA
"Western Pacific","Kiribati",2009,0.1,"Utilized",NA
"Western Pacific","Kiribati",2010,0.1,"Actual",NA
"Western Pacific","Kiribati",2010,0.1,"Utilized",NA
"Western Pacific","Kiribati",2011,0,"Actual",NA
"Western Pacific","Kiribati",2011,0,"Utilized",NA
"Western Pacific","Kiribati",2012,0.1,"Actual",NA
"Western Pacific","Kiribati",2012,0.1,"Utilized",NA
"Western Pacific","Kiribati",2013,0.1,"Actual",NA
"Western Pacific","Kiribati",2013,0.1,"Utilized",NA
"Western Pacific","Kiribati",2014,0.1,"Actual",NA
"Western Pacific","Kiribati",2014,0.1,"Utilized",NA
"Eastern Mediterranean","Kuwait",2000,2,"Actual",NA
"Eastern Mediterranean","Kuwait",2000,2,"Utilized",NA
"Eastern Mediterranean","Kuwait",2001,2,"Actual",NA
"Eastern Mediterranean","Kuwait",2001,2,"Utilized",NA
"Eastern Mediterranean","Kuwait",2002,2,"Actual",NA
"Eastern Mediterranean","Kuwait",2002,2,"Utilized",NA
"Eastern Mediterranean","Kuwait",2003,2.5,"Actual",NA
"Eastern Mediterranean","Kuwait",2003,2.5,"Utilized",NA
"Eastern Mediterranean","Kuwait",2004,2.6,"Actual",NA
"Eastern Mediterranean","Kuwait",2004,2.6,"Utilized",NA
"Eastern Mediterranean","Kuwait",2005,2.7,"Actual",13
"Eastern Mediterranean","Kuwait",2005,2.7,"Utilized",NA
"Eastern Mediterranean","Kuwait",2006,2.8,"Actual",14
"Eastern Mediterranean","Kuwait",2006,2.8,"Utilized",NA
"Eastern Mediterranean","Kuwait",2007,2.8,"Actual",12
"Eastern Mediterranean","Kuwait",2007,2.8,"Utilized",NA
"Eastern Mediterranean","Kuwait",2008,2.9,"Actual",13
"Eastern Mediterranean","Kuwait",2008,2.9,"Utilized",NA
"Eastern Mediterranean","Kuwait",2009,3,"Actual",5
"Eastern Mediterranean","Kuwait",2009,3,"Utilized",NA
"Eastern Mediterranean","Kuwait",2010,3.1,"Actual",7
"Eastern Mediterranean","Kuwait",2010,3.1,"Utilized",NA
"Eastern Mediterranean","Kuwait",2011,2.8,"Actual",9
"Eastern Mediterranean","Kuwait",2011,2.8,"Utilized",9
"Eastern Mediterranean","Kuwait",2012,2.9,"Actual",18
"Eastern Mediterranean","Kuwait",2012,2.9,"Utilized",18
"Eastern Mediterranean","Kuwait",2013,3.4,"Actual",11
"Eastern Mediterranean","Kuwait",2013,3.4,"Utilized",10
"Eastern Mediterranean","Kuwait",2014,3.5,"Actual",24
"Eastern Mediterranean","Kuwait",2014,3.5,"Utilized",24
"Europe","Kyrgyzstan",2000,4.7,"Actual",NA
"Europe","Kyrgyzstan",2000,4.7,"Utilized",NA
"Europe","Kyrgyzstan",2001,5,"Actual",NA
"Europe","Kyrgyzstan",2001,5,"Utilized",NA
"Europe","Kyrgyzstan",2002,5,"Actual",NA
"Europe","Kyrgyzstan",2002,5,"Utilized",NA
"Europe","Kyrgyzstan",2003,5.1,"Actual",NA
"Europe","Kyrgyzstan",2003,5.1,"Utilized",NA
"Europe","Kyrgyzstan",2004,5.2,"Actual",NA
"Europe","Kyrgyzstan",2004,5.2,"Utilized",NA
"Europe","Kyrgyzstan",2005,5.3,"Actual",NA
"Europe","Kyrgyzstan",2005,5.3,"Utilized",NA
"Europe","Kyrgyzstan",2006,5.3,"Actual",NA
"Europe","Kyrgyzstan",2006,5.3,"Utilized",NA
"Europe","Kyrgyzstan",2007,5.4,"Actual",NA
"Europe","Kyrgyzstan",2007,5.4,"Utilized",NA
"Europe","Kyrgyzstan",2008,5.4,"Actual",NA
"Europe","Kyrgyzstan",2008,5.4,"Utilized",NA
"Europe","Kyrgyzstan",2009,5.5,"Actual",NA
"Europe","Kyrgyzstan",2009,5.5,"Utilized",NA
"Europe","Kyrgyzstan",2010,5.6,"Actual",NA
"Europe","Kyrgyzstan",2010,5.6,"Utilized",NA
"Europe","Kyrgyzstan",2011,5.4,"Actual",0
"Europe","Kyrgyzstan",2011,5.4,"Utilized",0
"Europe","Kyrgyzstan",2012,5.4,"Actual",0
"Europe","Kyrgyzstan",2012,5.4,"Utilized",0
"Europe","Kyrgyzstan",2013,5.5,"Actual",0
"Europe","Kyrgyzstan",2013,5.5,"Utilized",0
"Europe","Kyrgyzstan",2014,5.6,"Actual",0
"Europe","Kyrgyzstan",2014,5.6,"Utilized",0
"Western Pacific","Lao People's Democratic Republic",2000,5.4,"Actual",NA
"Western Pacific","Lao People's Democratic Republic",2000,5.4,"Utilized",NA
"Western Pacific","Lao People's Democratic Republic",2001,5.4,"Actual",NA
"Western Pacific","Lao People's Democratic Republic",2001,5.4,"Utilized",NA
"Western Pacific","Lao People's Democratic Republic",2002,5.5,"Actual",NA
"Western Pacific","Lao People's Democratic Republic",2002,5.5,"Utilized",NA
"Western Pacific","Lao People's Democratic Republic",2003,5.7,"Actual",NA
"Western Pacific","Lao People's Democratic Republic",2003,5.7,"Utilized",NA
"Western Pacific","Lao People's Democratic Republic",2004,5.8,"Actual",NA
"Western Pacific","Lao People's Democratic Republic",2004,5.8,"Utilized",NA
"Western Pacific","Lao People's Democratic Republic",2005,5.9,"Actual",0
"Western Pacific","Lao People's Democratic Republic",2005,5.9,"Utilized",NA
"Western Pacific","Lao People's Democratic Republic",2006,6.1,"Actual",NA
"Western Pacific","Lao People's Democratic Republic",2006,6.1,"Utilized",NA
"Western Pacific","Lao People's Democratic Republic",2007,6.2,"Actual",NA
"Western Pacific","Lao People's Democratic Republic",2007,6.2,"Utilized",NA
"Western Pacific","Lao People's Democratic Republic",2008,6,"Actual",NA
"Western Pacific","Lao People's Democratic Republic",2008,6,"Utilized",NA
"Western Pacific","Lao People's Democratic Republic",2009,6.3,"Actual",NA
"Western Pacific","Lao People's Democratic Republic",2009,6.3,"Utilized",NA
"Western Pacific","Lao People's Democratic Republic",2010,6.4,"Actual",NA
"Western Pacific","Lao People's Democratic Republic",2010,6.4,"Utilized",NA
"Western Pacific","Lao People's Democratic Republic",2011,6.3,"Actual",NA
"Western Pacific","Lao People's Democratic Republic",2011,6.3,"Utilized",NA
"Western Pacific","Lao People's Democratic Republic",2012,6.4,"Actual",NA
"Western Pacific","Lao People's Democratic Republic",2012,6.4,"Utilized",NA
"Western Pacific","Lao People's Democratic Republic",2013,6.8,"Actual",NA
"Western Pacific","Lao People's Democratic Republic",2013,6.8,"Utilized",NA
"Western Pacific","Lao People's Democratic Republic",2014,6.9,"Actual",NA
"Western Pacific","Lao People's Democratic Republic",2014,6.9,"Utilized",NA
"Europe","Latvia",2000,2.4,"Actual",40
"Europe","Latvia",2000,2.4,"Utilized",NA
"Europe","Latvia",2001,2.4,"Actual",41
"Europe","Latvia",2001,2.4,"Utilized",NA
"Europe","Latvia",2002,2.4,"Actual",56
"Europe","Latvia",2002,2.4,"Utilized",NA
"Europe","Latvia",2003,2.3,"Actual",39
"Europe","Latvia",2003,2.3,"Utilized",NA
"Europe","Latvia",2004,2.3,"Actual",41
"Europe","Latvia",2004,2.3,"Utilized",NA
"Europe","Latvia",2005,2.3,"Actual",46
"Europe","Latvia",2005,2.3,"Utilized",NA
"Europe","Latvia",2006,2.3,"Actual",43
"Europe","Latvia",2006,2.3,"Utilized",NA
"Europe","Latvia",2007,2.3,"Actual",43
"Europe","Latvia",2007,2.3,"Utilized",NA
"Europe","Latvia",2008,2.3,"Actual",30
"Europe","Latvia",2008,2.3,"Utilized",NA
"Europe","Latvia",2009,2.2,"Actual",34
"Europe","Latvia",2009,2.2,"Utilized",34
"Europe","Latvia",2010,2.2,"Actual",34
"Europe","Latvia",2010,2.2,"Utilized",NA
"Europe","Latvia",2011,2.2,"Actual",40
"Europe","Latvia",2011,2.2,"Utilized",NA
"Europe","Latvia",2012,2.2,"Actual",38
"Europe","Latvia",2012,2.2,"Utilized",NA
"Europe","Latvia",2013,2.1,"Actual",34
"Europe","Latvia",2013,2.1,"Utilized",31
"Europe","Latvia",2014,2,"Actual",29
"Europe","Latvia",2014,2,"Utilized",26
"Eastern Mediterranean","Lebanon",2000,3.3,"Actual",NA
"Eastern Mediterranean","Lebanon",2000,3.3,"Utilized",NA
"Eastern Mediterranean","Lebanon",2001,3.6,"Actual",NA
"Eastern Mediterranean","Lebanon",2001,3.6,"Utilized",NA
"Eastern Mediterranean","Lebanon",2002,3.6,"Actual",NA
"Eastern Mediterranean","Lebanon",2002,3.6,"Utilized",NA
"Eastern Mediterranean","Lebanon",2003,3.7,"Actual",NA
"Eastern Mediterranean","Lebanon",2003,3.7,"Utilized",NA
"Eastern Mediterranean","Lebanon",2004,3.7,"Actual",NA
"Eastern Mediterranean","Lebanon",2004,3.7,"Utilized",NA
"Eastern Mediterranean","Lebanon",2005,3.6,"Actual",NA
"Eastern Mediterranean","Lebanon",2005,3.6,"Utilized",NA
"Eastern Mediterranean","Lebanon",2006,3.6,"Actual",NA
"Eastern Mediterranean","Lebanon",2006,3.6,"Utilized",NA
"Eastern Mediterranean","Lebanon",2007,3.7,"Actual",NA
"Eastern Mediterranean","Lebanon",2007,3.7,"Utilized",NA
"Eastern Mediterranean","Lebanon",2008,4.1,"Actual",NA
"Eastern Mediterranean","Lebanon",2008,4.1,"Utilized",NA
"Eastern Mediterranean","Lebanon",2009,4.2,"Actual",0
"Eastern Mediterranean","Lebanon",2009,4.2,"Utilized",NA
"Eastern Mediterranean","Lebanon",2010,4.3,"Actual",2
"Eastern Mediterranean","Lebanon",2010,4.3,"Utilized",NA
"Eastern Mediterranean","Lebanon",2011,4.3,"Actual",10
"Eastern Mediterranean","Lebanon",2011,4.3,"Utilized",8
"Eastern Mediterranean","Lebanon",2012,4.3,"Actual",10
"Eastern Mediterranean","Lebanon",2012,4.3,"Utilized",6
"Eastern Mediterranean","Lebanon",2013,4.8,"Actual",7
"Eastern Mediterranean","Lebanon",2013,4.8,"Utilized",7
"Eastern Mediterranean","Lebanon",2014,5,"Actual",25
"Eastern Mediterranean","Lebanon",2014,5,"Utilized",22
"Africa","Lesotho",2000,2.2,"Actual",NA
"Africa","Lesotho",2000,2.2,"Utilized",NA
"Africa","Lesotho",2001,2.1,"Actual",NA
"Africa","Lesotho",2001,2.1,"Utilized",NA
"Africa","Lesotho",2002,2.1,"Actual",NA
"Africa","Lesotho",2002,2.1,"Utilized",NA
"Africa","Lesotho",2003,1.8,"Actual",NA
"Africa","Lesotho",2003,1.8,"Utilized",NA
"Africa","Lesotho",2004,1.8,"Actual",NA
"Africa","Lesotho",2004,1.8,"Utilized",NA
"Africa","Lesotho",2005,1.8,"Actual",NA
"Africa","Lesotho",2005,1.8,"Utilized",NA
"Africa","Lesotho",2006,1.8,"Actual",NA
"Africa","Lesotho",2006,1.8,"Utilized",NA
"Africa","Lesotho",2007,1.8,"Actual",NA
"Africa","Lesotho",2007,1.8,"Utilized",NA
"Africa","Lesotho",2008,2,"Actual",NA
"Africa","Lesotho",2008,2,"Utilized",NA
"Africa","Lesotho",2009,2.1,"Actual",NA
"Africa","Lesotho",2009,2.1,"Utilized",NA
"Africa","Lesotho",2010,2.1,"Actual",NA
"Africa","Lesotho",2010,2.1,"Utilized",NA
"Africa","Lesotho",2011,2.2,"Actual",NA
"Africa","Lesotho",2011,2.2,"Utilized",NA
"Africa","Lesotho",2012,2.2,"Actual",NA
"Africa","Lesotho",2012,2.2,"Utilized",NA
"Africa","Lesotho",2013,2.1,"Actual",NA
"Africa","Lesotho",2013,2.1,"Utilized",NA
"Africa","Lesotho",2014,2.1,"Actual",NA
"Africa","Lesotho",2014,2.1,"Utilized",NA
"Africa","Liberia",2000,3.2,"Actual",NA
"Africa","Liberia",2000,3.2,"Utilized",NA
"Africa","Liberia",2001,3.1,"Actual",NA
"Africa","Liberia",2001,3.1,"Utilized",NA
"Africa","Liberia",2002,3.3,"Actual",NA
"Africa","Liberia",2002,3.3,"Utilized",NA
"Africa","Liberia",2003,3.4,"Actual",NA
"Africa","Liberia",2003,3.4,"Utilized",NA
"Africa","Liberia",2004,3.5,"Actual",NA
"Africa","Liberia",2004,3.5,"Utilized",NA
"Africa","Liberia",2005,3.3,"Actual",NA
"Africa","Liberia",2005,3.3,"Utilized",NA
"Africa","Liberia",2006,3.4,"Actual",NA
"Africa","Liberia",2006,3.4,"Utilized",NA
"Africa","Liberia",2007,3.5,"Actual",NA
"Africa","Liberia",2007,3.5,"Utilized",NA
"Africa","Liberia",2008,3.9,"Actual",NA
"Africa","Liberia",2008,3.9,"Utilized",NA
"Africa","Liberia",2009,4,"Actual",NA
"Africa","Liberia",2009,4,"Utilized",NA
"Africa","Liberia",2010,4.1,"Actual",NA
"Africa","Liberia",2010,4.1,"Utilized",NA
"Africa","Liberia",2011,4.1,"Actual",NA
"Africa","Liberia",2011,4.1,"Utilized",NA
"Africa","Liberia",2012,4.2,"Actual",NA
"Africa","Liberia",2012,4.2,"Utilized",NA
"Africa","Liberia",2013,4.3,"Actual",NA
"Africa","Liberia",2013,4.3,"Utilized",NA
"Africa","Liberia",2014,4.4,"Actual",NA
"Africa","Liberia",2014,4.4,"Utilized",NA
"Eastern Mediterranean","State of Libya",2000,5.6,"Actual",NA
"Eastern Mediterranean","State of Libya",2000,5.6,"Utilized",NA
"Eastern Mediterranean","State of Libya",2001,5.4,"Actual",NA
"Eastern Mediterranean","State of Libya",2001,5.4,"Utilized",NA
"Eastern Mediterranean","State of Libya",2002,5.5,"Actual",NA
"Eastern Mediterranean","State of Libya",2002,5.5,"Utilized",NA
"Eastern Mediterranean","State of Libya",2003,5.6,"Actual",NA
"Eastern Mediterranean","State of Libya",2003,5.6,"Utilized",NA
"Eastern Mediterranean","State of Libya",2004,5.7,"Actual",NA
"Eastern Mediterranean","State of Libya",2004,5.7,"Utilized",NA
"Eastern Mediterranean","State of Libya",2005,5.9,"Actual",0
"Eastern Mediterranean","State of Libya",2005,5.9,"Utilized",NA
"Eastern Mediterranean","State of Libya",2006,6,"Actual",0
"Eastern Mediterranean","State of Libya",2006,6,"Utilized",NA
"Eastern Mediterranean","State of Libya",2007,6.1,"Actual",0
"Eastern Mediterranean","State of Libya",2007,6.1,"Utilized",NA
"Eastern Mediterranean","State of Libya",2008,6.3,"Actual",NA
"Eastern Mediterranean","State of Libya",2008,6.3,"Utilized",NA
"Eastern Mediterranean","State of Libya",2009,6.4,"Actual",0
"Eastern Mediterranean","State of Libya",2009,6.4,"Utilized",NA
"Eastern Mediterranean","State of Libya",2010,6.5,"Actual",0
"Eastern Mediterranean","State of Libya",2010,6.5,"Utilized",NA
"Eastern Mediterranean","State of Libya",2011,6.4,"Actual",NA
"Eastern Mediterranean","State of Libya",2011,6.4,"Utilized",NA
"Eastern Mediterranean","State of Libya",2012,6.5,"Actual",NA
"Eastern Mediterranean","State of Libya",2012,6.5,"Utilized",NA
"Eastern Mediterranean","State of Libya",2013,6.2,"Actual",0
"Eastern Mediterranean","State of Libya",2013,6.2,"Utilized",0
"Eastern Mediterranean","State of Libya",2014,6.3,"Actual",0
"Eastern Mediterranean","State of Libya",2014,6.3,"Utilized",0
"Europe","Lithuania",2000,3.7,"Actual",35
"Europe","Lithuania",2000,3.7,"Utilized",NA
"Europe","Lithuania",2001,3.7,"Actual",NA
"Europe","Lithuania",2001,3.7,"Utilized",NA
"Europe","Lithuania",2002,3.7,"Actual",39
"Europe","Lithuania",2002,3.7,"Utilized",NA
"Europe","Lithuania",2003,3.4,"Actual",NA
"Europe","Lithuania",2003,3.4,"Utilized",NA
"Europe","Lithuania",2004,3.4,"Actual",7
"Europe","Lithuania",2004,3.4,"Utilized",NA
"Europe","Lithuania",2005,3.4,"Actual",5
"Europe","Lithuania",2005,3.4,"Utilized",NA
"Europe","Lithuania",2006,3.4,"Actual",33
"Europe","Lithuania",2006,3.4,"Utilized",NA
"Europe","Lithuania",2007,3.4,"Actual",48
"Europe","Lithuania",2007,3.4,"Utilized",NA
"Europe","Lithuania",2008,3.4,"Actual",33
"Europe","Lithuania",2008,3.4,"Utilized",NA
"Europe","Lithuania",2009,3.3,"Actual",50
"Europe","Lithuania",2009,3.3,"Utilized",50
"Europe","Lithuania",2010,3.3,"Actual",36
"Europe","Lithuania",2010,3.3,"Utilized",NA
"Europe","Lithuania",2011,3.3,"Actual",39
"Europe","Lithuania",2011,3.3,"Utilized",NA
"Europe","Lithuania",2012,3.3,"Actual",41
"Europe","Lithuania",2012,3.3,"Utilized",NA
"Europe","Lithuania",2013,3,"Actual",50
"Europe","Lithuania",2013,3,"Utilized",50
"Europe","Lithuania",2014,3,"Actual",31
"Europe","Lithuania",2014,3,"Utilized",30
"Europe","Luxembourg",2000,0.4,"Actual",3
"Europe","Luxembourg",2000,0.4,"Utilized",NA
"Europe","Luxembourg",2001,0.4,"Actual",8
"Europe","Luxembourg",2001,0.4,"Utilized",NA
"Europe","Luxembourg",2002,0.4,"Actual",1
"Europe","Luxembourg",2002,0.4,"Utilized",NA
"Europe","Luxembourg",2003,0.4,"Actual",3
"Europe","Luxembourg",2003,0.4,"Utilized",NA
"Europe","Luxembourg",2004,0.5,"Actual",NA
"Europe","Luxembourg",2004,0.5,"Utilized",NA
"Europe","Luxembourg",2005,0.5,"Actual",0
"Europe","Luxembourg",2005,0.5,"Utilized",NA
"Europe","Luxembourg",2006,0.5,"Actual",NA
"Europe","Luxembourg",2006,0.5,"Utilized",NA
"Europe","Luxembourg",2007,0.5,"Actual",1
"Europe","Luxembourg",2007,0.5,"Utilized",NA
"Europe","Luxembourg",2008,0.5,"Actual",9
"Europe","Luxembourg",2008,0.5,"Utilized",NA
"Europe","Luxembourg",2009,0.5,"Actual",NA
"Europe","Luxembourg",2009,0.5,"Utilized",NA
"Europe","Luxembourg",2010,0.5,"Actual",3
"Europe","Luxembourg",2010,0.5,"Utilized",NA
"Europe","Luxembourg",2011,0.5,"Actual",9
"Europe","Luxembourg",2011,0.5,"Utilized",NA
"Europe","Luxembourg",2012,0.5,"Actual",4
"Europe","Luxembourg",2012,0.5,"Utilized",NA
"Europe","Luxembourg",2013,0.5,"Actual",8
"Europe","Luxembourg",2013,0.5,"Utilized",NA
"Europe","Luxembourg",2014,0.5,"Actual",4
"Europe","Luxembourg",2014,0.5,"Utilized",4
"Africa","Madagascar",2000,15.9,"Actual",NA
"Africa","Madagascar",2000,15.9,"Utilized",NA
"Africa","Madagascar",2001,16.4,"Actual",NA
"Africa","Madagascar",2001,16.4,"Utilized",NA
"Africa","Madagascar",2002,16.9,"Actual",NA
"Africa","Madagascar",2002,16.9,"Utilized",NA
"Africa","Madagascar",2003,17.4,"Actual",NA
"Africa","Madagascar",2003,17.4,"Utilized",NA
"Africa","Madagascar",2004,17.9,"Actual",NA
"Africa","Madagascar",2004,17.9,"Utilized",NA
"Africa","Madagascar",2005,18.6,"Actual",NA
"Africa","Madagascar",2005,18.6,"Utilized",NA
"Africa","Madagascar",2006,19.1,"Actual",NA
"Africa","Madagascar",2006,19.1,"Utilized",NA
"Africa","Madagascar",2007,19.6,"Actual",NA
"Africa","Madagascar",2007,19.6,"Utilized",NA
"Africa","Madagascar",2008,20.2,"Actual",NA
"Africa","Madagascar",2008,20.2,"Utilized",NA
"Africa","Madagascar",2009,19.6,"Actual",NA
"Africa","Madagascar",2009,19.6,"Utilized",NA
"Africa","Madagascar",2010,20.1,"Actual",NA
"Africa","Madagascar",2010,20.1,"Utilized",NA
"Africa","Madagascar",2011,21.3,"Actual",NA
"Africa","Madagascar",2011,21.3,"Utilized",NA
"Africa","Madagascar",2012,21.9,"Actual",NA
"Africa","Madagascar",2012,21.9,"Utilized",NA
"Africa","Madagascar",2013,22.9,"Actual",NA
"Africa","Madagascar",2013,22.9,"Utilized",NA
"Africa","Madagascar",2014,23.6,"Actual",NA
"Africa","Madagascar",2014,23.6,"Utilized",NA
"Africa","Malawi",2000,10.9,"Actual",NA
"Africa","Malawi",2000,10.9,"Utilized",NA
"Africa","Malawi",2001,11.6,"Actual",NA
"Africa","Malawi",2001,11.6,"Utilized",NA
"Africa","Malawi",2002,11.8,"Actual",NA
"Africa","Malawi",2002,11.8,"Utilized",NA
"Africa","Malawi",2003,12.1,"Actual",NA
"Africa","Malawi",2003,12.1,"Utilized",NA
"Africa","Malawi",2004,12.3,"Actual",NA
"Africa","Malawi",2004,12.3,"Utilized",NA
"Africa","Malawi",2005,12.9,"Actual",NA
"Africa","Malawi",2005,12.9,"Utilized",NA
"Africa","Malawi",2006,13.2,"Actual",NA
"Africa","Malawi",2006,13.2,"Utilized",NA
"Africa","Malawi",2007,13.5,"Actual",NA
"Africa","Malawi",2007,13.5,"Utilized",NA
"Africa","Malawi",2008,14.3,"Actual",NA
"Africa","Malawi",2008,14.3,"Utilized",NA
"Africa","Malawi",2009,15.3,"Actual",NA
"Africa","Malawi",2009,15.3,"Utilized",NA
"Africa","Malawi",2010,15.7,"Actual",NA
"Africa","Malawi",2010,15.7,"Utilized",NA
"Africa","Malawi",2011,15.4,"Actual",NA
"Africa","Malawi",2011,15.4,"Utilized",NA
"Africa","Malawi",2012,15.9,"Actual",NA
"Africa","Malawi",2012,15.9,"Utilized",NA
"Africa","Malawi",2013,16.4,"Actual",NA
"Africa","Malawi",2013,16.4,"Utilized",NA
"Africa","Malawi",2014,16.8,"Actual",NA
"Africa","Malawi",2014,16.8,"Utilized",NA
"Western Pacific","Malaysia",2000,22.2,"Actual",NA
"Western Pacific","Malaysia",2000,22.2,"Utilized",NA
"Western Pacific","Malaysia",2001,22.6,"Actual",NA
"Western Pacific","Malaysia",2001,22.6,"Utilized",NA
"Western Pacific","Malaysia",2002,23,"Actual",NA
"Western Pacific","Malaysia",2002,23,"Utilized",NA
"Western Pacific","Malaysia",2003,24.4,"Actual",NA
"Western Pacific","Malaysia",2003,24.4,"Utilized",NA
"Western Pacific","Malaysia",2004,24.9,"Actual",NA
"Western Pacific","Malaysia",2004,24.9,"Utilized",NA
"Western Pacific","Malaysia",2005,25.3,"Actual",NA
"Western Pacific","Malaysia",2005,25.3,"Utilized",NA
"Western Pacific","Malaysia",2006,25.8,"Actual",25
"Western Pacific","Malaysia",2006,25.8,"Utilized",NA
"Western Pacific","Malaysia",2007,26.2,"Actual",25
"Western Pacific","Malaysia",2007,26.2,"Utilized",NA
"Western Pacific","Malaysia",2008,27,"Actual",13
"Western Pacific","Malaysia",2008,27,"Utilized",NA
"Western Pacific","Malaysia",2009,27.5,"Actual",18
"Western Pacific","Malaysia",2009,27.5,"Utilized",NA
"Western Pacific","Malaysia",2010,27.9,"Actual",18
"Western Pacific","Malaysia",2010,27.9,"Utilized",NA
"Western Pacific","Malaysia",2011,28.9,"Actual",23
"Western Pacific","Malaysia",2011,28.9,"Utilized",22
"Western Pacific","Malaysia",2012,29.3,"Actual",18
"Western Pacific","Malaysia",2012,29.3,"Utilized",18
"Western Pacific","Malaysia",2013,29.7,"Actual",16
"Western Pacific","Malaysia",2013,29.7,"Utilized",13
"Western Pacific","Malaysia",2014,30.2,"Actual",22
"Western Pacific","Malaysia",2014,30.2,"Utilized",22
"South-East Asia","Maldives",2000,0.3,"Actual",NA
"South-East Asia","Maldives",2000,0.3,"Utilized",NA
"South-East Asia","Maldives",2001,0.3,"Actual",NA
"South-East Asia","Maldives",2001,0.3,"Utilized",NA
"South-East Asia","Maldives",2002,0.3,"Actual",NA
"South-East Asia","Maldives",2002,0.3,"Utilized",NA
"South-East Asia","Maldives",2003,0.3,"Actual",NA
"South-East Asia","Maldives",2003,0.3,"Utilized",NA
"South-East Asia","Maldives",2004,0.3,"Actual",NA
"South-East Asia","Maldives",2004,0.3,"Utilized",NA
"South-East Asia","Maldives",2005,0.3,"Actual",NA
"South-East Asia","Maldives",2005,0.3,"Utilized",NA
"South-East Asia","Maldives",2006,0.3,"Actual",NA
"South-East Asia","Maldives",2006,0.3,"Utilized",NA
"South-East Asia","Maldives",2007,0.3,"Actual",NA
"South-East Asia","Maldives",2007,0.3,"Utilized",NA
"South-East Asia","Maldives",2008,0.3,"Actual",NA
"South-East Asia","Maldives",2008,0.3,"Utilized",NA
"South-East Asia","Maldives",2009,0.3,"Actual",0
"South-East Asia","Maldives",2009,0.3,"Utilized",NA
"South-East Asia","Maldives",2010,0.3,"Actual",0
"South-East Asia","Maldives",2010,0.3,"Utilized",NA
"South-East Asia","Maldives",2011,0.3,"Actual",0
"South-East Asia","Maldives",2011,0.3,"Utilized",0
"South-East Asia","Maldives",2012,0.3,"Actual",0
"South-East Asia","Maldives",2012,0.3,"Utilized",0
"South-East Asia","Maldives",2013,0.3,"Actual",0
"South-East Asia","Maldives",2013,0.3,"Utilized",0
"South-East Asia","Maldives",2014,0.4,"Actual",0
"South-East Asia","Maldives",2014,0.4,"Utilized",0
"Africa","Mali",2000,11.2,"Actual",NA
"Africa","Mali",2000,11.2,"Utilized",NA
"Africa","Mali",2001,11.7,"Actual",NA
"Africa","Mali",2001,11.7,"Utilized",NA
"Africa","Mali",2002,12,"Actual",NA
"Africa","Mali",2002,12,"Utilized",NA
"Africa","Mali",2003,13,"Actual",NA
"Africa","Mali",2003,13,"Utilized",NA
"Africa","Mali",2004,13.4,"Actual",NA
"Africa","Mali",2004,13.4,"Utilized",NA
"Africa","Mali",2005,13.5,"Actual",NA
"Africa","Mali",2005,13.5,"Utilized",NA
"Africa","Mali",2006,13.9,"Actual",NA
"Africa","Mali",2006,13.9,"Utilized",NA
"Africa","Mali",2007,14.3,"Actual",NA
"Africa","Mali",2007,14.3,"Utilized",NA
"Africa","Mali",2008,12.7,"Actual",NA
"Africa","Mali",2008,12.7,"Utilized",NA
"Africa","Mali",2009,13,"Actual",NA
"Africa","Mali",2009,13,"Utilized",NA
"Africa","Mali",2010,13.3,"Actual",NA
"Africa","Mali",2010,13.3,"Utilized",NA
"Africa","Mali",2011,15.8,"Actual",NA
"Africa","Mali",2011,15.8,"Utilized",NA
"Africa","Mali",2012,16.3,"Actual",0
"Africa","Mali",2012,16.3,"Utilized",0
"Africa","Mali",2013,15.3,"Actual",0
"Africa","Mali",2013,15.3,"Utilized",0
"Africa","Mali",2014,15.8,"Actual",0
"Africa","Mali",2014,15.8,"Utilized",0
"Europe","Malta",2000,0.4,"Actual",6
"Europe","Malta",2000,0.4,"Utilized",NA
"Europe","Malta",2001,0.4,"Actual",6
"Europe","Malta",2001,0.4,"Utilized",NA
"Europe","Malta",2002,0.4,"Actual",6
"Europe","Malta",2002,0.4,"Utilized",NA
"Europe","Malta",2003,0.4,"Actual",6
"Europe","Malta",2003,0.4,"Utilized",NA
"Europe","Malta",2004,0.4,"Actual",4
"Europe","Malta",2004,0.4,"Utilized",NA
"Europe","Malta",2005,0.4,"Actual",NA
"Europe","Malta",2005,0.4,"Utilized",NA
"Europe","Malta",2006,0.4,"Actual",NA
"Europe","Malta",2006,0.4,"Utilized",NA
"Europe","Malta",2007,0.4,"Actual",NA
"Europe","Malta",2007,0.4,"Utilized",NA
"Europe","Malta",2008,0.4,"Actual",NA
"Europe","Malta",2008,0.4,"Utilized",NA
"Europe","Malta",2009,0.4,"Actual",9
"Europe","Malta",2009,0.4,"Utilized",NA
"Europe","Malta",2010,0.4,"Actual",9
"Europe","Malta",2010,0.4,"Utilized",NA
"Europe","Malta",2011,0.4,"Actual",12
"Europe","Malta",2011,0.4,"Utilized",NA
"Europe","Malta",2012,0.4,"Actual",12
"Europe","Malta",2012,0.4,"Utilized",NA
"Europe","Malta",2013,0.4,"Actual",14
"Europe","Malta",2013,0.4,"Utilized",11
"Europe","Malta",2014,0.4,"Actual",12
"Europe","Malta",2014,0.4,"Utilized",10
"Western Pacific","Marshall Islands",2000,0.6,"Actual",NA
"Western Pacific","Marshall Islands",2000,0.6,"Utilized",NA
"Western Pacific","Marshall Islands",2001,0.6,"Actual",NA
"Western Pacific","Marshall Islands",2001,0.6,"Utilized",NA
"Western Pacific","Marshall Islands",2002,0.6,"Actual",NA
"Western Pacific","Marshall Islands",2002,0.6,"Utilized",NA
"Western Pacific","Marshall Islands",2003,0.6,"Actual",NA
"Western Pacific","Marshall Islands",2003,0.6,"Utilized",NA
"Western Pacific","Marshall Islands",2004,0.6,"Actual",NA
"Western Pacific","Marshall Islands",2004,0.6,"Utilized",NA
"Western Pacific","Marshall Islands",2005,0.6,"Actual",NA
"Western Pacific","Marshall Islands",2005,0.6,"Utilized",NA
"Western Pacific","Marshall Islands",2006,0.6,"Actual",NA
"Western Pacific","Marshall Islands",2006,0.6,"Utilized",NA
"Western Pacific","Marshall Islands",2007,0.6,"Actual",NA
"Western Pacific","Marshall Islands",2007,0.6,"Utilized",NA
"Western Pacific","Marshall Islands",2008,0.6,"Actual",NA
"Western Pacific","Marshall Islands",2008,0.6,"Utilized",NA
"Western Pacific","Marshall Islands",2009,0.6,"Actual",NA
"Western Pacific","Marshall Islands",2009,0.6,"Utilized",NA
"Western Pacific","Marshall Islands",2010,0.6,"Actual",NA
"Western Pacific","Marshall Islands",2010,0.6,"Utilized",NA
"Western Pacific","Marshall Islands",2011,0.6,"Actual",NA
"Western Pacific","Marshall Islands",2011,0.6,"Utilized",NA
"Western Pacific","Marshall Islands",2012,0.6,"Actual",NA
"Western Pacific","Marshall Islands",2012,0.6,"Utilized",NA
"Western Pacific","Marshall Islands",2013,0,"Actual",NA
"Western Pacific","Marshall Islands",2013,0,"Utilized",NA
"Western Pacific","Marshall Islands",2014,0,"Actual",NA
"Western Pacific","Marshall Islands",2014,0,"Utilized",NA
"Africa","Mauritania",2000,2.7,"Actual",NA
"Africa","Mauritania",2000,2.7,"Utilized",NA
"Africa","Mauritania",2001,2.7,"Actual",NA
"Africa","Mauritania",2001,2.7,"Utilized",NA
"Africa","Mauritania",2002,2.8,"Actual",NA
"Africa","Mauritania",2002,2.8,"Utilized",NA
"Africa","Mauritania",2003,2.9,"Actual",NA
"Africa","Mauritania",2003,2.9,"Utilized",NA
"Africa","Mauritania",2004,3,"Actual",NA
"Africa","Mauritania",2004,3,"Utilized",NA
"Africa","Mauritania",2005,3.1,"Actual",NA
"Africa","Mauritania",2005,3.1,"Utilized",NA
"Africa","Mauritania",2006,3.2,"Actual",NA
"Africa","Mauritania",2006,3.2,"Utilized",NA
"Africa","Mauritania",2007,3.2,"Actual",NA
"Africa","Mauritania",2007,3.2,"Utilized",NA
"Africa","Mauritania",2008,3.2,"Actual",NA
"Africa","Mauritania",2008,3.2,"Utilized",NA
"Africa","Mauritania",2009,3.3,"Actual",NA
"Africa","Mauritania",2009,3.3,"Utilized",NA
"Africa","Mauritania",2010,3.4,"Actual",NA
"Africa","Mauritania",2010,3.4,"Utilized",NA
"Africa","Mauritania",2011,3.5,"Actual",NA
"Africa","Mauritania",2011,3.5,"Utilized",NA
"Africa","Mauritania",2012,3.6,"Actual",NA
"Africa","Mauritania",2012,3.6,"Utilized",NA
"Africa","Mauritania",2013,3.9,"Actual",NA
"Africa","Mauritania",2013,3.9,"Utilized",NA
"Africa","Mauritania",2014,4,"Actual",NA
"Africa","Mauritania",2014,4,"Utilized",NA
"Africa","Mauritius",2000,1.2,"Actual",NA
"Africa","Mauritius",2000,1.2,"Utilized",NA
"Africa","Mauritius",2001,1.2,"Actual",NA
"Africa","Mauritius",2001,1.2,"Utilized",NA
"Africa","Mauritius",2002,1.2,"Actual",NA
"Africa","Mauritius",2002,1.2,"Utilized",NA
"Africa","Mauritius",2003,1.2,"Actual",NA
"Africa","Mauritius",2003,1.2,"Utilized",NA
"Africa","Mauritius",2004,1.2,"Actual",NA
"Africa","Mauritius",2004,1.2,"Utilized",NA
"Africa","Mauritius",2005,1.2,"Actual",NA
"Africa","Mauritius",2005,1.2,"Utilized",NA
"Africa","Mauritius",2006,1.3,"Actual",NA
"Africa","Mauritius",2006,1.3,"Utilized",NA
"Africa","Mauritius",2007,1.3,"Actual",NA
"Africa","Mauritius",2007,1.3,"Utilized",NA
"Africa","Mauritius",2008,1.3,"Actual",NA
"Africa","Mauritius",2008,1.3,"Utilized",NA
"Africa","Mauritius",2009,1.3,"Actual",NA
"Africa","Mauritius",2009,1.3,"Utilized",NA
"Africa","Mauritius",2010,1.3,"Actual",0
"Africa","Mauritius",2010,1.3,"Utilized",NA
"Africa","Mauritius",2011,1.3,"Actual",0
"Africa","Mauritius",2011,1.3,"Utilized",NA
"Africa","Mauritius",2012,1.3,"Actual",0
"Africa","Mauritius",2012,1.3,"Utilized",NA
"Africa","Mauritius",2013,1.2,"Actual",0
"Africa","Mauritius",2013,1.2,"Utilized",NA
"Africa","Mauritius",2014,1.2,"Actual",0
"Africa","Mauritius",2014,1.2,"Utilized",NA
"America","Mexico",2000,98.9,"Actual",NA
"America","Mexico",2000,98.9,"Utilized",NA
"America","Mexico",2001,100.4,"Actual",NA
"America","Mexico",2001,100.4,"Utilized",NA
"America","Mexico",2002,101.8,"Actual",NA
"America","Mexico",2002,101.8,"Utilized",NA
"America","Mexico",2003,103.5,"Actual",NA
"America","Mexico",2003,103.5,"Utilized",NA
"America","Mexico",2004,104.9,"Actual",330
"America","Mexico",2004,104.9,"Utilized",NA
"America","Mexico",2005,107,"Actual",141
"America","Mexico",2005,107,"Utilized",NA
"America","Mexico",2006,108.3,"Actual",372
"America","Mexico",2006,108.3,"Utilized",NA
"America","Mexico",2007,109.6,"Actual",351
"America","Mexico",2007,109.6,"Utilized",NA
"America","Mexico",2008,107.8,"Actual",332
"America","Mexico",2008,107.8,"Utilized",NA
"America","Mexico",2009,109.6,"Actual",312
"America","Mexico",2009,109.6,"Utilized",NA
"America","Mexico",2010,110.6,"Actual",315
"America","Mexico",2010,110.6,"Utilized",NA
"America","Mexico",2011,114.8,"Actual",356
"America","Mexico",2011,114.8,"Utilized",NA
"America","Mexico",2012,116.1,"Actual",413
"America","Mexico",2012,116.1,"Utilized",NA
"America","Mexico",2013,122.3,"Actual",438
"America","Mexico",2013,122.3,"Utilized",438
"America","Mexico",2014,123.8,"Actual",416
"America","Mexico",2014,123.8,"Utilized",405
"Western Pacific","Micronesia (Federated States of)",2000,0.5,"Actual",NA
"Western Pacific","Micronesia (Federated States of)",2000,0.5,"Utilized",NA
"Western Pacific","Micronesia (Federated States of)",2001,0.5,"Actual",NA
"Western Pacific","Micronesia (Federated States of)",2001,0.5,"Utilized",NA
"Western Pacific","Micronesia (Federated States of)",2002,0.5,"Actual",NA
"Western Pacific","Micronesia (Federated States of)",2002,0.5,"Utilized",NA
"Western Pacific","Micronesia (Federated States of)",2003,0.5,"Actual",NA
"Western Pacific","Micronesia (Federated States of)",2003,0.5,"Utilized",NA
"Western Pacific","Micronesia (Federated States of)",2004,0.5,"Actual",NA
"Western Pacific","Micronesia (Federated States of)",2004,0.5,"Utilized",NA
"Western Pacific","Micronesia (Federated States of)",2005,0.6,"Actual",NA
"Western Pacific","Micronesia (Federated States of)",2005,0.6,"Utilized",NA
"Western Pacific","Micronesia (Federated States of)",2006,0.6,"Actual",NA
"Western Pacific","Micronesia (Federated States of)",2006,0.6,"Utilized",NA
"Western Pacific","Micronesia (Federated States of)",2007,0.6,"Actual",NA
"Western Pacific","Micronesia (Federated States of)",2007,0.6,"Utilized",NA
"Western Pacific","Micronesia (Federated States of)",2008,0.6,"Actual",NA
"Western Pacific","Micronesia (Federated States of)",2008,0.6,"Utilized",NA
"Western Pacific","Micronesia (Federated States of)",2009,0.6,"Actual",NA
"Western Pacific","Micronesia (Federated States of)",2009,0.6,"Utilized",NA
"Western Pacific","Micronesia (Federated States of)",2010,0.6,"Actual",NA
"Western Pacific","Micronesia (Federated States of)",2010,0.6,"Utilized",NA
"Western Pacific","Micronesia (Federated States of)",2011,0.5,"Actual",NA
"Western Pacific","Micronesia (Federated States of)",2011,0.5,"Utilized",NA
"Western Pacific","Micronesia (Federated States of)",2012,0.1,"Actual",NA
"Western Pacific","Micronesia (Federated States of)",2012,0.1,"Utilized",NA
"Western Pacific","Micronesia (Federated States of)",2013,0.1,"Actual",NA
"Western Pacific","Micronesia (Federated States of)",2013,0.1,"Utilized",NA
"Western Pacific","Micronesia (Federated States of)",2014,0.1,"Actual",NA
"Western Pacific","Micronesia (Federated States of)",2014,0.1,"Utilized",NA
"Europe","Monaco",2000,0,"Actual",NA
"Europe","Monaco",2000,0,"Utilized",NA
"Europe","Monaco",2001,0,"Actual",NA
"Europe","Monaco",2001,0,"Utilized",NA
"Europe","Monaco",2002,0,"Actual",NA
"Europe","Monaco",2002,0,"Utilized",NA
"Europe","Monaco",2003,0,"Actual",NA
"Europe","Monaco",2003,0,"Utilized",NA
"Europe","Monaco",2004,0,"Actual",NA
"Europe","Monaco",2004,0,"Utilized",NA
"Europe","Monaco",2005,0,"Actual",NA
"Europe","Monaco",2005,0,"Utilized",NA
"Europe","Monaco",2006,0,"Actual",NA
"Europe","Monaco",2006,0,"Utilized",NA
"Europe","Monaco",2007,0,"Actual",NA
"Europe","Monaco",2007,0,"Utilized",NA
"Europe","Monaco",2008,0,"Actual",NA
"Europe","Monaco",2008,0,"Utilized",NA
"Europe","Monaco",2009,0,"Actual",NA
"Europe","Monaco",2009,0,"Utilized",NA
"Europe","Monaco",2010,0,"Actual",NA
"Europe","Monaco",2010,0,"Utilized",NA
"Europe","Monaco",2011,0,"Actual",NA
"Europe","Monaco",2011,0,"Utilized",NA
"Europe","Monaco",2012,0,"Actual",NA
"Europe","Monaco",2012,0,"Utilized",NA
"Europe","Monaco",2013,0,"Actual",NA
"Europe","Monaco",2013,0,"Utilized",NA
"Europe","Monaco",2014,0,"Actual",NA
"Europe","Monaco",2014,0,"Utilized",NA
"Western Pacific","Mongolia",2000,2.7,"Actual",NA
"Western Pacific","Mongolia",2000,2.7,"Utilized",NA
"Western Pacific","Mongolia",2001,2.6,"Actual",NA
"Western Pacific","Mongolia",2001,2.6,"Utilized",NA
"Western Pacific","Mongolia",2002,2.6,"Actual",NA
"Western Pacific","Mongolia",2002,2.6,"Utilized",NA
"Western Pacific","Mongolia",2003,2.6,"Actual",NA
"Western Pacific","Mongolia",2003,2.6,"Utilized",NA
"Western Pacific","Mongolia",2004,2.6,"Actual",NA
"Western Pacific","Mongolia",2004,2.6,"Utilized",NA
"Western Pacific","Mongolia",2005,2.6,"Actual",0
"Western Pacific","Mongolia",2005,2.6,"Utilized",NA
"Western Pacific","Mongolia",2006,2.7,"Actual",NA
"Western Pacific","Mongolia",2006,2.7,"Utilized",NA
"Western Pacific","Mongolia",2007,2.7,"Actual",NA
"Western Pacific","Mongolia",2007,2.7,"Utilized",NA
"Western Pacific","Mongolia",2008,2.7,"Actual",NA
"Western Pacific","Mongolia",2008,2.7,"Utilized",NA
"Western Pacific","Mongolia",2009,2.7,"Actual",3
"Western Pacific","Mongolia",2009,2.7,"Utilized",NA
"Western Pacific","Mongolia",2010,2.7,"Actual",1
"Western Pacific","Mongolia",2010,2.7,"Utilized",NA
"Western Pacific","Mongolia",2011,2.8,"Actual",4
"Western Pacific","Mongolia",2011,2.8,"Utilized",4
"Western Pacific","Mongolia",2012,2.8,"Actual",0
"Western Pacific","Mongolia",2012,2.8,"Utilized",0
"Western Pacific","Mongolia",2013,2.8,"Actual",0
"Western Pacific","Mongolia",2013,2.8,"Utilized",0
"Western Pacific","Mongolia",2014,2.9,"Actual",0
"Western Pacific","Mongolia",2014,2.9,"Utilized",0
"Europe","Montenegro",2000,0.6,"Actual",NA
"Europe","Montenegro",2000,0.6,"Utilized",NA
"Europe","Montenegro",2001,0.6,"Actual",NA
"Europe","Montenegro",2001,0.6,"Utilized",NA
"Europe","Montenegro",2002,0.6,"Actual",NA
"Europe","Montenegro",2002,0.6,"Utilized",NA
"Europe","Montenegro",2003,0.6,"Actual",NA
"Europe","Montenegro",2003,0.6,"Utilized",NA
"Europe","Montenegro",2004,0.6,"Actual",NA
"Europe","Montenegro",2004,0.6,"Utilized",NA
"Europe","Montenegro",2005,0.6,"Actual",NA
"Europe","Montenegro",2005,0.6,"Utilized",NA
"Europe","Montenegro",2006,0.6,"Actual",NA
"Europe","Montenegro",2006,0.6,"Utilized",NA
"Europe","Montenegro",2007,0.6,"Actual",NA
"Europe","Montenegro",2007,0.6,"Utilized",NA
"Europe","Montenegro",2008,0.6,"Actual",NA
"Europe","Montenegro",2008,0.6,"Utilized",NA
"Europe","Montenegro",2009,0.6,"Actual",NA
"Europe","Montenegro",2009,0.6,"Utilized",NA
"Europe","Montenegro",2010,0.6,"Actual",NA
"Europe","Montenegro",2010,0.6,"Utilized",NA
"Europe","Montenegro",2011,0.6,"Actual",NA
"Europe","Montenegro",2011,0.6,"Utilized",NA
"Europe","Montenegro",2012,0.6,"Actual",NA
"Europe","Montenegro",2012,0.6,"Utilized",NA
"Europe","Montenegro",2013,0.6,"Actual",1
"Europe","Montenegro",2013,0.6,"Utilized",1
"Europe","Montenegro",2014,0.6,"Actual",7
"Europe","Montenegro",2014,0.6,"Utilized",NA
"Eastern Mediterranean","Morocco",2000,28.4,"Actual",NA
"Eastern Mediterranean","Morocco",2000,28.4,"Utilized",NA
"Eastern Mediterranean","Morocco",2001,30.4,"Actual",NA
"Eastern Mediterranean","Morocco",2001,30.4,"Utilized",NA
"Eastern Mediterranean","Morocco",2002,31,"Actual",NA
"Eastern Mediterranean","Morocco",2002,31,"Utilized",NA
"Eastern Mediterranean","Morocco",2003,30.6,"Actual",NA
"Eastern Mediterranean","Morocco",2003,30.6,"Utilized",NA
"Eastern Mediterranean","Morocco",2004,31.1,"Actual",NA
"Eastern Mediterranean","Morocco",2004,31.1,"Utilized",NA
"Eastern Mediterranean","Morocco",2005,31.5,"Actual",NA
"Eastern Mediterranean","Morocco",2005,31.5,"Utilized",NA
"Eastern Mediterranean","Morocco",2006,31.9,"Actual",NA
"Eastern Mediterranean","Morocco",2006,31.9,"Utilized",NA
"Eastern Mediterranean","Morocco",2007,32.4,"Actual",NA
"Eastern Mediterranean","Morocco",2007,32.4,"Utilized",NA
"Eastern Mediterranean","Morocco",2008,31.6,"Actual",NA
"Eastern Mediterranean","Morocco",2008,31.6,"Utilized",NA
"Eastern Mediterranean","Morocco",2009,32,"Actual",NA
"Eastern Mediterranean","Morocco",2009,32,"Utilized",NA
"Eastern Mediterranean","Morocco",2010,32.4,"Actual",5
"Eastern Mediterranean","Morocco",2010,32.4,"Utilized",NA
"Eastern Mediterranean","Morocco",2011,32.3,"Actual",3
"Eastern Mediterranean","Morocco",2011,32.3,"Utilized",3
"Eastern Mediterranean","Morocco",2012,32.6,"Actual",NA
"Eastern Mediterranean","Morocco",2012,32.6,"Utilized",NA
"Eastern Mediterranean","Morocco",2013,33,"Actual",4
"Eastern Mediterranean","Morocco",2013,33,"Utilized",4
"Eastern Mediterranean","Morocco",2014,33.5,"Actual",4
"Eastern Mediterranean","Morocco",2014,33.5,"Utilized",4
"Africa","Mozambique",2000,19.7,"Actual",NA
"Africa","Mozambique",2000,19.7,"Utilized",NA
"Africa","Mozambique",2001,18.6,"Actual",NA
"Africa","Mozambique",2001,18.6,"Utilized",NA
"Africa","Mozambique",2002,19,"Actual",NA
"Africa","Mozambique",2002,19,"Utilized",NA
"Africa","Mozambique",2003,18.9,"Actual",NA
"Africa","Mozambique",2003,18.9,"Utilized",NA
"Africa","Mozambique",2004,19.2,"Actual",NA
"Africa","Mozambique",2004,19.2,"Utilized",NA
"Africa","Mozambique",2005,19.8,"Actual",NA
"Africa","Mozambique",2005,19.8,"Utilized",NA
"Africa","Mozambique",2006,20.2,"Actual",NA
"Africa","Mozambique",2006,20.2,"Utilized",NA
"Africa","Mozambique",2007,20.5,"Actual",NA
"Africa","Mozambique",2007,20.5,"Utilized",NA
"Africa","Mozambique",2008,21.8,"Actual",NA
"Africa","Mozambique",2008,21.8,"Utilized",NA
"Africa","Mozambique",2009,22.9,"Actual",NA
"Africa","Mozambique",2009,22.9,"Utilized",NA
"Africa","Mozambique",2010,23.4,"Actual",NA
"Africa","Mozambique",2010,23.4,"Utilized",NA
"Africa","Mozambique",2011,23.9,"Actual",NA
"Africa","Mozambique",2011,23.9,"Utilized",NA
"Africa","Mozambique",2012,24.5,"Actual",NA
"Africa","Mozambique",2012,24.5,"Utilized",NA
"Africa","Mozambique",2013,25.8,"Actual",NA
"Africa","Mozambique",2013,25.8,"Utilized",NA
"Africa","Mozambique",2014,26.5,"Actual",NA
"Africa","Mozambique",2014,26.5,"Utilized",NA
"South-East Asia","Myanmar",2000,45.6,"Actual",NA
"South-East Asia","Myanmar",2000,45.6,"Utilized",NA
"South-East Asia","Myanmar",2001,48.4,"Actual",NA
"South-East Asia","Myanmar",2001,48.4,"Utilized",NA
"South-East Asia","Myanmar",2002,49,"Actual",NA
"South-East Asia","Myanmar",2002,49,"Utilized",NA
"South-East Asia","Myanmar",2003,49.5,"Actual",NA
"South-East Asia","Myanmar",2003,49.5,"Utilized",NA
"South-East Asia","Myanmar",2004,50.1,"Actual",NA
"South-East Asia","Myanmar",2004,50.1,"Utilized",NA
"South-East Asia","Myanmar",2005,50.5,"Actual",1
"South-East Asia","Myanmar",2005,50.5,"Utilized",NA
"South-East Asia","Myanmar",2006,51,"Actual",NA
"South-East Asia","Myanmar",2006,51,"Utilized",NA
"South-East Asia","Myanmar",2007,51.5,"Actual",1
"South-East Asia","Myanmar",2007,51.5,"Utilized",NA
"South-East Asia","Myanmar",2008,49.2,"Actual",1
"South-East Asia","Myanmar",2008,49.2,"Utilized",NA
"South-East Asia","Myanmar",2009,50,"Actual",1
"South-East Asia","Myanmar",2009,50,"Utilized",NA
"South-East Asia","Myanmar",2010,50.5,"Actual",1
"South-East Asia","Myanmar",2010,50.5,"Utilized",NA
"South-East Asia","Myanmar",2011,48.3,"Actual",1
"South-East Asia","Myanmar",2011,48.3,"Utilized",NA
"South-East Asia","Myanmar",2012,48.7,"Actual",1
"South-East Asia","Myanmar",2012,48.7,"Utilized",NA
"South-East Asia","Myanmar",2013,53.3,"Actual",1
"South-East Asia","Myanmar",2013,53.3,"Utilized",NA
"South-East Asia","Myanmar",2014,53.7,"Actual",NA
"South-East Asia","Myanmar",2014,53.7,"Utilized",NA
"Africa","Namibia",2000,1.7,"Actual",NA
"Africa","Namibia",2000,1.7,"Utilized",NA
"Africa","Namibia",2001,1.8,"Actual",NA
"Africa","Namibia",2001,1.8,"Utilized",NA
"Africa","Namibia",2002,1.8,"Actual",NA
"Africa","Namibia",2002,1.8,"Utilized",NA
"Africa","Namibia",2003,2,"Actual",NA
"Africa","Namibia",2003,2,"Utilized",NA
"Africa","Namibia",2004,2,"Actual",NA
"Africa","Namibia",2004,2,"Utilized",NA
"Africa","Namibia",2005,2,"Actual",NA
"Africa","Namibia",2005,2,"Utilized",NA
"Africa","Namibia",2006,2.1,"Actual",NA
"Africa","Namibia",2006,2.1,"Utilized",NA
"Africa","Namibia",2007,2.1,"Actual",NA
"Africa","Namibia",2007,2.1,"Utilized",NA
"Africa","Namibia",2008,2.1,"Actual",NA
"Africa","Namibia",2008,2.1,"Utilized",NA
"Africa","Namibia",2009,2.2,"Actual",NA
"Africa","Namibia",2009,2.2,"Utilized",NA
"Africa","Namibia",2010,2.2,"Actual",NA
"Africa","Namibia",2010,2.2,"Utilized",NA
"Africa","Namibia",2011,2.3,"Actual",NA
"Africa","Namibia",2011,2.3,"Utilized",NA
"Africa","Namibia",2012,2.4,"Actual",NA
"Africa","Namibia",2012,2.4,"Utilized",NA
"Africa","Namibia",2013,2.3,"Actual",NA
"Africa","Namibia",2013,2.3,"Utilized",NA
"Africa","Namibia",2014,2.3,"Actual",NA
"Africa","Namibia",2014,2.3,"Utilized",NA
"Western Pacific","Nauru",2000,0,"Actual",NA
"Western Pacific","Nauru",2000,0,"Utilized",NA
"Western Pacific","Nauru",2001,0,"Actual",NA
"Western Pacific","Nauru",2001,0,"Utilized",NA
"Western Pacific","Nauru",2002,0,"Actual",NA
"Western Pacific","Nauru",2002,0,"Utilized",NA
"Western Pacific","Nauru",2003,0,"Actual",NA
"Western Pacific","Nauru",2003,0,"Utilized",NA
"Western Pacific","Nauru",2004,0,"Actual",NA
"Western Pacific","Nauru",2004,0,"Utilized",NA
"Western Pacific","Nauru",2005,0,"Actual",NA
"Western Pacific","Nauru",2005,0,"Utilized",NA
"Western Pacific","Nauru",2006,0,"Actual",NA
"Western Pacific","Nauru",2006,0,"Utilized",NA
"Western Pacific","Nauru",2007,0,"Actual",NA
"Western Pacific","Nauru",2007,0,"Utilized",NA
"Western Pacific","Nauru",2008,0,"Actual",NA
"Western Pacific","Nauru",2008,0,"Utilized",NA
"Western Pacific","Nauru",2009,0,"Actual",NA
"Western Pacific","Nauru",2009,0,"Utilized",NA
"Western Pacific","Nauru",2010,0,"Actual",NA
"Western Pacific","Nauru",2010,0,"Utilized",NA
"Western Pacific","Nauru",2011,0,"Actual",NA
"Western Pacific","Nauru",2011,0,"Utilized",NA
"Western Pacific","Nauru",2012,0,"Actual",NA
"Western Pacific","Nauru",2012,0,"Utilized",NA
"Western Pacific","Nauru",2013,0,"Actual",NA
"Western Pacific","Nauru",2013,0,"Utilized",NA
"Western Pacific","Nauru",2014,0,"Actual",NA
"Western Pacific","Nauru",2014,0,"Utilized",NA
"South-East Asia","Nepal",2000,23.9,"Actual",NA
"South-East Asia","Nepal",2000,23.9,"Utilized",NA
"South-East Asia","Nepal",2001,23.6,"Actual",NA
"South-East Asia","Nepal",2001,23.6,"Utilized",NA
"South-East Asia","Nepal",2002,24.2,"Actual",NA
"South-East Asia","Nepal",2002,24.2,"Utilized",NA
"South-East Asia","Nepal",2003,25.2,"Actual",NA
"South-East Asia","Nepal",2003,25.2,"Utilized",NA
"South-East Asia","Nepal",2004,25.7,"Actual",NA
"South-East Asia","Nepal",2004,25.7,"Utilized",NA
"South-East Asia","Nepal",2005,27.1,"Actual",NA
"South-East Asia","Nepal",2005,27.1,"Utilized",NA
"South-East Asia","Nepal",2006,27.7,"Actual",NA
"South-East Asia","Nepal",2006,27.7,"Utilized",NA
"South-East Asia","Nepal",2007,28.2,"Actual",NA
"South-East Asia","Nepal",2007,28.2,"Utilized",NA
"South-East Asia","Nepal",2008,28.8,"Actual",NA
"South-East Asia","Nepal",2008,28.8,"Utilized",NA
"South-East Asia","Nepal",2009,29.3,"Actual",0
"South-East Asia","Nepal",2009,29.3,"Utilized",NA
"South-East Asia","Nepal",2010,29.9,"Actual",0
"South-East Asia","Nepal",2010,29.9,"Utilized",NA
"South-East Asia","Nepal",2011,30.5,"Actual",0
"South-East Asia","Nepal",2011,30.5,"Utilized",NA
"South-East Asia","Nepal",2012,31,"Actual",0
"South-East Asia","Nepal",2012,31,"Utilized",NA
"South-East Asia","Nepal",2013,27.8,"Actual",0
"South-East Asia","Nepal",2013,27.8,"Utilized",NA
"South-East Asia","Nepal",2014,28.1,"Actual",0
"South-East Asia","Nepal",2014,28.1,"Utilized",0
"Europe","Netherlands",2000,15.8,"Actual",202
"Europe","Netherlands",2000,15.8,"Utilized",NA
"Europe","Netherlands",2001,15.9,"Actual",187
"Europe","Netherlands",2001,15.9,"Utilized",NA
"Europe","Netherlands",2002,16,"Actual",202
"Europe","Netherlands",2002,16,"Utilized",NA
"Europe","Netherlands",2003,16.1,"Actual",239
"Europe","Netherlands",2003,16.1,"Utilized",NA
"Europe","Netherlands",2004,16.2,"Actual",247
"Europe","Netherlands",2004,16.2,"Utilized",NA
"Europe","Netherlands",2005,16.3,"Actual",239
"Europe","Netherlands",2005,16.3,"Utilized",NA
"Europe","Netherlands",2006,16.4,"Actual",211
"Europe","Netherlands",2006,16.4,"Utilized",NA
"Europe","Netherlands",2007,16.4,"Actual",277
"Europe","Netherlands",2007,16.4,"Utilized",NA
"Europe","Netherlands",2008,16.5,"Actual",210
"Europe","Netherlands",2008,16.5,"Utilized",NA
"Europe","Netherlands",2009,16.6,"Actual",227
"Europe","Netherlands",2009,16.6,"Utilized",215
"Europe","Netherlands",2010,16.7,"Actual",227
"Europe","Netherlands",2010,16.7,"Utilized",NA
"Europe","Netherlands",2011,16.7,"Actual",227
"Europe","Netherlands",2011,16.7,"Utilized",NA
"Europe","Netherlands",2012,16.7,"Actual",256
"Europe","Netherlands",2012,16.7,"Utilized",NA
"Europe","Netherlands",2013,16.8,"Actual",267
"Europe","Netherlands",2013,16.8,"Utilized",255
"Europe","Netherlands",2014,16.8,"Actual",282
"Europe","Netherlands",2014,16.8,"Utilized",271
"Western Pacific","New Zealand",2000,3.9,"Actual",NA
"Western Pacific","New Zealand",2000,3.9,"Utilized",NA
"Western Pacific","New Zealand",2001,3.8,"Actual",NA
"Western Pacific","New Zealand",2001,3.8,"Utilized",NA
"Western Pacific","New Zealand",2002,3.8,"Actual",NA
"Western Pacific","New Zealand",2002,3.8,"Utilized",NA
"Western Pacific","New Zealand",2003,3.9,"Actual",40
"Western Pacific","New Zealand",2003,3.9,"Utilized",NA
"Western Pacific","New Zealand",2004,3.9,"Actual",40
"Western Pacific","New Zealand",2004,3.9,"Utilized",NA
"Western Pacific","New Zealand",2005,4,"Actual",29
"Western Pacific","New Zealand",2005,4,"Utilized",NA
"Western Pacific","New Zealand",2006,4.1,"Actual",25
"Western Pacific","New Zealand",2006,4.1,"Utilized",NA
"Western Pacific","New Zealand",2007,4.1,"Actual",38
"Western Pacific","New Zealand",2007,4.1,"Utilized",NA
"Western Pacific","New Zealand",2008,4.2,"Actual",31
"Western Pacific","New Zealand",2008,4.2,"Utilized",NA
"Western Pacific","New Zealand",2009,4.3,"Actual",43
"Western Pacific","New Zealand",2009,4.3,"Utilized",NA
"Western Pacific","New Zealand",2010,4.3,"Actual",38
"Western Pacific","New Zealand",2010,4.3,"Utilized",NA
"Western Pacific","New Zealand",2011,4.4,"Actual",35
"Western Pacific","New Zealand",2011,4.4,"Utilized",NA
"Western Pacific","New Zealand",2012,4.5,"Actual",38
"Western Pacific","New Zealand",2012,4.5,"Utilized",NA
"Western Pacific","New Zealand",2013,4.5,"Actual",36
"Western Pacific","New Zealand",2013,4.5,"Utilized",36
"Western Pacific","New Zealand",2014,4.6,"Actual",46
"Western Pacific","New Zealand",2014,4.6,"Utilized",41
"America","Nicaragua",2000,5.1,"Actual",NA
"America","Nicaragua",2000,5.1,"Utilized",NA
"America","Nicaragua",2001,5.2,"Actual",NA
"America","Nicaragua",2001,5.2,"Utilized",NA
"America","Nicaragua",2002,5.3,"Actual",NA
"America","Nicaragua",2002,5.3,"Utilized",NA
"America","Nicaragua",2003,5.5,"Actual",NA
"America","Nicaragua",2003,5.5,"Utilized",NA
"America","Nicaragua",2004,5.6,"Actual",NA
"America","Nicaragua",2004,5.6,"Utilized",NA
"America","Nicaragua",2005,5.5,"Actual",NA
"America","Nicaragua",2005,5.5,"Utilized",NA
"America","Nicaragua",2006,5.6,"Actual",NA
"America","Nicaragua",2006,5.6,"Utilized",NA
"America","Nicaragua",2007,5.7,"Actual",NA
"America","Nicaragua",2007,5.7,"Utilized",NA
"America","Nicaragua",2008,5.7,"Actual",NA
"America","Nicaragua",2008,5.7,"Utilized",NA
"America","Nicaragua",2009,5.7,"Actual",0
"America","Nicaragua",2009,5.7,"Utilized",NA
"America","Nicaragua",2010,5.8,"Actual",0
"America","Nicaragua",2010,5.8,"Utilized",NA
"America","Nicaragua",2011,5.9,"Actual",NA
"America","Nicaragua",2011,5.9,"Utilized",NA
"America","Nicaragua",2012,6,"Actual",0
"America","Nicaragua",2012,6,"Utilized",0
"America","Nicaragua",2013,6.1,"Actual",0
"America","Nicaragua",2013,6.1,"Utilized",0
"America","Nicaragua",2014,6.2,"Actual",0
"America","Nicaragua",2014,6.2,"Utilized",0
"Africa","Niger",2000,10.7,"Actual",NA
"Africa","Niger",2000,10.7,"Utilized",NA
"Africa","Niger",2001,11.2,"Actual",NA
"Africa","Niger",2001,11.2,"Utilized",NA
"Africa","Niger",2002,11.6,"Actual",NA
"Africa","Niger",2002,11.6,"Utilized",NA
"Africa","Niger",2003,12,"Actual",NA
"Africa","Niger",2003,12,"Utilized",NA
"Africa","Niger",2004,12.4,"Actual",NA
"Africa","Niger",2004,12.4,"Utilized",NA
"Africa","Niger",2005,14,"Actual",NA
"Africa","Niger",2005,14,"Utilized",NA
"Africa","Niger",2006,14.4,"Actual",NA
"Africa","Niger",2006,14.4,"Utilized",NA
"Africa","Niger",2007,14.9,"Actual",NA
"Africa","Niger",2007,14.9,"Utilized",NA
"Africa","Niger",2008,14.7,"Actual",NA
"Africa","Niger",2008,14.7,"Utilized",NA
"Africa","Niger",2009,15.3,"Actual",NA
"Africa","Niger",2009,15.3,"Utilized",NA
"Africa","Niger",2010,15.9,"Actual",NA
"Africa","Niger",2010,15.9,"Utilized",NA
"Africa","Niger",2011,16.1,"Actual",NA
"Africa","Niger",2011,16.1,"Utilized",NA
"Africa","Niger",2012,16.6,"Actual",NA
"Africa","Niger",2012,16.6,"Utilized",NA
"Africa","Niger",2013,17.8,"Actual",NA
"Africa","Niger",2013,17.8,"Utilized",NA
"Africa","Niger",2014,18.5,"Actual",NA
"Africa","Niger",2014,18.5,"Utilized",NA
"Africa","Nigeria",2000,111.5,"Actual",NA
"Africa","Nigeria",2000,111.5,"Utilized",NA
"Africa","Nigeria",2001,116.9,"Actual",NA
"Africa","Nigeria",2001,116.9,"Utilized",NA
"Africa","Nigeria",2002,120,"Actual",NA
"Africa","Nigeria",2002,120,"Utilized",NA
"Africa","Nigeria",2003,124,"Actual",NA
"Africa","Nigeria",2003,124,"Utilized",NA
"Africa","Nigeria",2004,127.1,"Actual",NA
"Africa","Nigeria",2004,127.1,"Utilized",NA
"Africa","Nigeria",2005,131.5,"Actual",0
"Africa","Nigeria",2005,131.5,"Utilized",NA
"Africa","Nigeria",2006,134.4,"Actual",NA
"Africa","Nigeria",2006,134.4,"Utilized",NA
"Africa","Nigeria",2007,137.2,"Actual",0
"Africa","Nigeria",2007,137.2,"Utilized",NA
"Africa","Nigeria",2008,151.5,"Actual",NA
"Africa","Nigeria",2008,151.5,"Utilized",NA
"Africa","Nigeria",2009,154.7,"Actual",0
"Africa","Nigeria",2009,154.7,"Utilized",NA
"Africa","Nigeria",2010,158.3,"Actual",0
"Africa","Nigeria",2010,158.3,"Utilized",NA
"Africa","Nigeria",2011,162.5,"Actual",0
"Africa","Nigeria",2011,162.5,"Utilized",0
"Africa","Nigeria",2012,166.6,"Actual",0
"Africa","Nigeria",2012,166.6,"Utilized",0
"Africa","Nigeria",2013,173.6,"Actual",0
"Africa","Nigeria",2013,173.6,"Utilized",0
"Africa","Nigeria",2014,178.5,"Actual",0
"Africa","Nigeria",2014,178.5,"Utilized",0
"Western Pacific","Niue",2000,0,"Actual",NA
"Western Pacific","Niue",2000,0,"Utilized",NA
"Western Pacific","Niue",2001,0,"Actual",NA
"Western Pacific","Niue",2001,0,"Utilized",NA
"Western Pacific","Niue",2002,0,"Actual",NA
"Western Pacific","Niue",2002,0,"Utilized",NA
"Western Pacific","Niue",2003,0,"Actual",NA
"Western Pacific","Niue",2003,0,"Utilized",NA
"Western Pacific","Niue",2004,0,"Actual",NA
"Western Pacific","Niue",2004,0,"Utilized",NA
"Western Pacific","Niue",2005,0,"Actual",NA
"Western Pacific","Niue",2005,0,"Utilized",NA
"Western Pacific","Niue",2006,0,"Actual",NA
"Western Pacific","Niue",2006,0,"Utilized",NA
"Western Pacific","Niue",2007,0,"Actual",NA
"Western Pacific","Niue",2007,0,"Utilized",NA
"Western Pacific","Niue",2008,0,"Actual",NA
"Western Pacific","Niue",2008,0,"Utilized",NA
"Western Pacific","Niue",2009,0,"Actual",NA
"Western Pacific","Niue",2009,0,"Utilized",NA
"Western Pacific","Niue",2010,0,"Actual",NA
"Western Pacific","Niue",2010,0,"Utilized",NA
"Western Pacific","Niue",2011,0,"Actual",NA
"Western Pacific","Niue",2011,0,"Utilized",NA
"Western Pacific","Niue",2012,0,"Actual",NA
"Western Pacific","Niue",2012,0,"Utilized",NA
"Western Pacific","Niue",2013,0,"Actual",NA
"Western Pacific","Niue",2013,0,"Utilized",NA
"Western Pacific","Niue",2014,0,"Actual",NA
"Western Pacific","Niue",2014,0,"Utilized",NA
"Europe","Norway",2000,4.5,"Actual",79
"Europe","Norway",2000,4.5,"Utilized",NA
"Europe","Norway",2001,4.5,"Actual",65
"Europe","Norway",2001,4.5,"Utilized",NA
"Europe","Norway",2002,4.5,"Actual",62
"Europe","Norway",2002,4.5,"Utilized",NA
"Europe","Norway",2003,4.5,"Actual",87
"Europe","Norway",2003,4.5,"Utilized",NA
"Europe","Norway",2004,4.6,"Actual",NA
"Europe","Norway",2004,4.6,"Utilized",NA
"Europe","Norway",2005,4.6,"Actual",76
"Europe","Norway",2005,4.6,"Utilized",NA
"Europe","Norway",2006,4.6,"Actual",76
"Europe","Norway",2006,4.6,"Utilized",NA
"Europe","Norway",2007,4.7,"Actual",94
"Europe","Norway",2007,4.7,"Utilized",NA
"Europe","Norway",2008,4.7,"Actual",98
"Europe","Norway",2008,4.7,"Utilized",NA
"Europe","Norway",2009,4.8,"Actual",102
"Europe","Norway",2009,4.8,"Utilized",102
"Europe","Norway",2010,4.9,"Actual",102
"Europe","Norway",2010,4.9,"Utilized",NA
"Europe","Norway",2011,4.9,"Actual",127
"Europe","Norway",2011,4.9,"Utilized",NA
"Europe","Norway",2012,5,"Actual",117
"Europe","Norway",2012,5,"Utilized",NA
"Europe","Norway",2013,5,"Actual",111
"Europe","Norway",2013,5,"Utilized",NA
"Europe","Norway",2014,5.1,"Actual",116
"Europe","Norway",2014,5.1,"Utilized",116
"Eastern Mediterranean","Oman",2000,2.5,"Actual",NA
"Eastern Mediterranean","Oman",2000,2.5,"Utilized",NA
"Eastern Mediterranean","Oman",2001,2.6,"Actual",NA
"Eastern Mediterranean","Oman",2001,2.6,"Utilized",NA
"Eastern Mediterranean","Oman",2002,2.7,"Actual",NA
"Eastern Mediterranean","Oman",2002,2.7,"Utilized",NA
"Eastern Mediterranean","Oman",2003,2.9,"Actual",NA
"Eastern Mediterranean","Oman",2003,2.9,"Utilized",NA
"Eastern Mediterranean","Oman",2004,2.9,"Actual",0
"Eastern Mediterranean","Oman",2004,2.9,"Utilized",NA
"Eastern Mediterranean","Oman",2005,2.6,"Actual",0
"Eastern Mediterranean","Oman",2005,2.6,"Utilized",NA
"Eastern Mediterranean","Oman",2006,2.6,"Actual",0
"Eastern Mediterranean","Oman",2006,2.6,"Utilized",NA
"Eastern Mediterranean","Oman",2007,2.7,"Actual",0
"Eastern Mediterranean","Oman",2007,2.7,"Utilized",NA
"Eastern Mediterranean","Oman",2008,2.7,"Actual",NA
"Eastern Mediterranean","Oman",2008,2.7,"Utilized",NA
"Eastern Mediterranean","Oman",2009,2.8,"Actual",0
"Eastern Mediterranean","Oman",2009,2.8,"Utilized",NA
"Eastern Mediterranean","Oman",2010,2.9,"Actual",2
"Eastern Mediterranean","Oman",2010,2.9,"Utilized",NA
"Eastern Mediterranean","Oman",2011,2.8,"Actual",0
"Eastern Mediterranean","Oman",2011,2.8,"Utilized",0
"Eastern Mediterranean","Oman",2012,2.9,"Actual",0
"Eastern Mediterranean","Oman",2012,2.9,"Utilized",0
"Eastern Mediterranean","Oman",2013,3.6,"Actual",0
"Eastern Mediterranean","Oman",2013,3.6,"Utilized",0
"Eastern Mediterranean","Oman",2014,3.9,"Actual",NA
"Eastern Mediterranean","Oman",2014,3.9,"Utilized",NA
"Eastern Mediterranean","Pakistan",2000,156.5,"Actual",NA
"Eastern Mediterranean","Pakistan",2000,156.5,"Utilized",NA
"Eastern Mediterranean","Pakistan",2001,145,"Actual",NA
"Eastern Mediterranean","Pakistan",2001,145,"Utilized",NA
"Eastern Mediterranean","Pakistan",2002,148.7,"Actual",NA
"Eastern Mediterranean","Pakistan",2002,148.7,"Utilized",NA
"Eastern Mediterranean","Pakistan",2003,153.6,"Actual",NA
"Eastern Mediterranean","Pakistan",2003,153.6,"Utilized",NA
"Eastern Mediterranean","Pakistan",2004,157.3,"Actual",0
"Eastern Mediterranean","Pakistan",2004,157.3,"Utilized",NA
"Eastern Mediterranean","Pakistan",2005,157.9,"Actual",1
"Eastern Mediterranean","Pakistan",2005,157.9,"Utilized",NA
"Eastern Mediterranean","Pakistan",2006,161.2,"Actual",0
"Eastern Mediterranean","Pakistan",2006,161.2,"Utilized",NA
"Eastern Mediterranean","Pakistan",2007,164.6,"Actual",NA
"Eastern Mediterranean","Pakistan",2007,164.6,"Utilized",NA
"Eastern Mediterranean","Pakistan",2008,167,"Actual",NA
"Eastern Mediterranean","Pakistan",2008,167,"Utilized",NA
"Eastern Mediterranean","Pakistan",2009,180.8,"Actual",0
"Eastern Mediterranean","Pakistan",2009,180.8,"Utilized",NA
"Eastern Mediterranean","Pakistan",2010,184.8,"Actual",0
"Eastern Mediterranean","Pakistan",2010,184.8,"Utilized",NA
"Eastern Mediterranean","Pakistan",2011,176.7,"Actual",0
"Eastern Mediterranean","Pakistan",2011,176.7,"Utilized",NA
"Eastern Mediterranean","Pakistan",2012,180,"Actual",0
"Eastern Mediterranean","Pakistan",2012,180,"Utilized",NA
"Eastern Mediterranean","Pakistan",2013,182.1,"Actual",0
"Eastern Mediterranean","Pakistan",2013,182.1,"Utilized",NA
"Eastern Mediterranean","Pakistan",2014,185.1,"Actual",0
"Eastern Mediterranean","Pakistan",2014,185.1,"Utilized",0
"Western Pacific","Palau",2000,0,"Actual",NA
"Western Pacific","Palau",2000,0,"Utilized",NA
"Western Pacific","Palau",2001,0,"Actual",NA
"Western Pacific","Palau",2001,0,"Utilized",NA
"Western Pacific","Palau",2002,0,"Actual",NA
"Western Pacific","Palau",2002,0,"Utilized",NA
"Western Pacific","Palau",2003,0,"Actual",NA
"Western Pacific","Palau",2003,0,"Utilized",NA
"Western Pacific","Palau",2004,0,"Actual",NA
"Western Pacific","Palau",2004,0,"Utilized",NA
"Western Pacific","Palau",2005,0,"Actual",NA
"Western Pacific","Palau",2005,0,"Utilized",NA
"Western Pacific","Palau",2006,0,"Actual",NA
"Western Pacific","Palau",2006,0,"Utilized",NA
"Western Pacific","Palau",2007,0,"Actual",NA
"Western Pacific","Palau",2007,0,"Utilized",NA
"Western Pacific","Palau",2008,0,"Actual",NA
"Western Pacific","Palau",2008,0,"Utilized",NA
"Western Pacific","Palau",2009,0,"Actual",NA
"Western Pacific","Palau",2009,0,"Utilized",NA
"Western Pacific","Palau",2010,0,"Actual",NA
"Western Pacific","Palau",2010,0,"Utilized",NA
"Western Pacific","Palau",2011,0,"Actual",NA
"Western Pacific","Palau",2011,0,"Utilized",NA
"Western Pacific","Palau",2012,0,"Actual",NA
"Western Pacific","Palau",2012,0,"Utilized",NA
"Western Pacific","Palau",2013,0,"Actual",NA
"Western Pacific","Palau",2013,0,"Utilized",NA
"Western Pacific","Palau",2014,0,"Actual",NA
"Western Pacific","Palau",2014,0,"Utilized",NA
"America","Panama",2000,2.9,"Actual",NA
"America","Panama",2000,2.9,"Utilized",NA
"America","Panama",2001,2.9,"Actual",NA
"America","Panama",2001,2.9,"Utilized",NA
"America","Panama",2002,2.9,"Actual",NA
"America","Panama",2002,2.9,"Utilized",NA
"America","Panama",2003,3.1,"Actual",NA
"America","Panama",2003,3.1,"Utilized",NA
"America","Panama",2004,3.2,"Actual",7
"America","Panama",2004,3.2,"Utilized",NA
"America","Panama",2005,3.2,"Actual",10
"America","Panama",2005,3.2,"Utilized",NA
"America","Panama",2006,3.3,"Actual",NA
"America","Panama",2006,3.3,"Utilized",NA
"America","Panama",2007,3.3,"Actual",11
"America","Panama",2007,3.3,"Utilized",NA
"America","Panama",2008,3.4,"Actual",6
"America","Panama",2008,3.4,"Utilized",NA
"America","Panama",2009,3.5,"Actual",NA
"America","Panama",2009,3.5,"Utilized",NA
"America","Panama",2010,3.5,"Actual",13
"America","Panama",2010,3.5,"Utilized",NA
"America","Panama",2011,3.6,"Actual",24
"America","Panama",2011,3.6,"Utilized",NA
"America","Panama",2012,3.6,"Actual",24
"America","Panama",2012,3.6,"Utilized",NA
"America","Panama",2013,3.9,"Actual",22
"America","Panama",2013,3.9,"Utilized",22
"America","Panama",2014,3.9,"Actual",28
"America","Panama",2014,3.9,"Utilized",23
"Western Pacific","Papua New Guinea",2000,4.8,"Actual",NA
"Western Pacific","Papua New Guinea",2000,4.8,"Utilized",NA
"Western Pacific","Papua New Guinea",2001,4.9,"Actual",NA
"Western Pacific","Papua New Guinea",2001,4.9,"Utilized",NA
"Western Pacific","Papua New Guinea",2002,5,"Actual",NA
"Western Pacific","Papua New Guinea",2002,5,"Utilized",NA
"Western Pacific","Papua New Guinea",2003,5.7,"Actual",NA
"Western Pacific","Papua New Guinea",2003,5.7,"Utilized",NA
"Western Pacific","Papua New Guinea",2004,5.8,"Actual",NA
"Western Pacific","Papua New Guinea",2004,5.8,"Utilized",NA
"Western Pacific","Papua New Guinea",2005,5.9,"Actual",NA
"Western Pacific","Papua New Guinea",2005,5.9,"Utilized",NA
"Western Pacific","Papua New Guinea",2006,6,"Actual",NA
"Western Pacific","Papua New Guinea",2006,6,"Utilized",NA
"Western Pacific","Papua New Guinea",2007,6.1,"Actual",NA
"Western Pacific","Papua New Guinea",2007,6.1,"Utilized",NA
"Western Pacific","Papua New Guinea",2008,6.5,"Actual",NA
"Western Pacific","Papua New Guinea",2008,6.5,"Utilized",NA
"Western Pacific","Papua New Guinea",2009,6.7,"Actual",NA
"Western Pacific","Papua New Guinea",2009,6.7,"Utilized",NA
"Western Pacific","Papua New Guinea",2010,6.9,"Actual",NA
"Western Pacific","Papua New Guinea",2010,6.9,"Utilized",NA
"Western Pacific","Papua New Guinea",2011,7,"Actual",NA
"Western Pacific","Papua New Guinea",2011,7,"Utilized",NA
"Western Pacific","Papua New Guinea",2012,7.2,"Actual",NA
"Western Pacific","Papua New Guinea",2012,7.2,"Utilized",NA
"Western Pacific","Papua New Guinea",2013,7.3,"Actual",NA
"Western Pacific","Papua New Guinea",2013,7.3,"Utilized",NA
"Western Pacific","Papua New Guinea",2014,7.5,"Actual",NA
"Western Pacific","Papua New Guinea",2014,7.5,"Utilized",NA
"America","Paraguay",2000,5.5,"Actual",NA
"America","Paraguay",2000,5.5,"Utilized",NA
"America","Paraguay",2001,5.6,"Actual",NA
"America","Paraguay",2001,5.6,"Utilized",NA
"America","Paraguay",2002,5.8,"Actual",NA
"America","Paraguay",2002,5.8,"Utilized",NA
"America","Paraguay",2003,5.9,"Actual",NA
"America","Paraguay",2003,5.9,"Utilized",NA
"America","Paraguay",2004,6,"Actual",1
"America","Paraguay",2004,6,"Utilized",NA
"America","Paraguay",2005,6.2,"Actual",2
"America","Paraguay",2005,6.2,"Utilized",NA
"America","Paraguay",2006,6.3,"Actual",2
"America","Paraguay",2006,6.3,"Utilized",NA
"America","Paraguay",2007,6.4,"Actual",NA
"America","Paraguay",2007,6.4,"Utilized",NA
"America","Paraguay",2008,6.2,"Actual",11
"America","Paraguay",2008,6.2,"Utilized",NA
"America","Paraguay",2009,6.3,"Actual",19
"America","Paraguay",2009,6.3,"Utilized",NA
"America","Paraguay",2010,6.5,"Actual",12
"America","Paraguay",2010,6.5,"Utilized",NA
"America","Paraguay",2011,6.6,"Actual",0
"America","Paraguay",2011,6.6,"Utilized",NA
"America","Paraguay",2012,6.7,"Actual",50
"America","Paraguay",2012,6.7,"Utilized",NA
"America","Paraguay",2013,6.8,"Actual",13
"America","Paraguay",2013,6.8,"Utilized",13
"America","Paraguay",2014,6.9,"Actual",9
"America","Paraguay",2014,6.9,"Utilized",9
"America","Peru",2000,25.7,"Actual",NA
"America","Peru",2000,25.7,"Utilized",NA
"America","Peru",2001,26.1,"Actual",NA
"America","Peru",2001,26.1,"Utilized",NA
"America","Peru",2002,26.5,"Actual",NA
"America","Peru",2002,26.5,"Utilized",NA
"America","Peru",2003,27.2,"Actual",NA
"America","Peru",2003,27.2,"Utilized",NA
"America","Peru",2004,27.6,"Actual",29
"America","Peru",2004,27.6,"Utilized",NA
"America","Peru",2005,28,"Actual",22
"America","Peru",2005,28,"Utilized",NA
"America","Peru",2006,28.4,"Actual",NA
"America","Peru",2006,28.4,"Utilized",NA
"America","Peru",2007,28.8,"Actual",NA
"America","Peru",2007,28.8,"Utilized",NA
"America","Peru",2008,28.2,"Actual",NA
"America","Peru",2008,28.2,"Utilized",NA
"America","Peru",2009,29.2,"Actual",NA
"America","Peru",2009,29.2,"Utilized",NA
"America","Peru",2010,29.5,"Actual",94
"America","Peru",2010,29.5,"Utilized",NA
"America","Peru",2011,29.4,"Actual",127
"America","Peru",2011,29.4,"Utilized",NA
"America","Peru",2012,29.7,"Actual",94
"America","Peru",2012,29.7,"Utilized",NA
"America","Peru",2013,30.4,"Actual",97
"America","Peru",2013,30.4,"Utilized",97
"America","Peru",2014,30.8,"Actual",73
"America","Peru",2014,30.8,"Utilized",68
"Western Pacific","Philippines",2000,76,"Actual",NA
"Western Pacific","Philippines",2000,76,"Utilized",NA
"Western Pacific","Philippines",2001,77.1,"Actual",NA
"Western Pacific","Philippines",2001,77.1,"Utilized",NA
"Western Pacific","Philippines",2002,78.6,"Actual",NA
"Western Pacific","Philippines",2002,78.6,"Utilized",NA
"Western Pacific","Philippines",2003,80,"Actual",NA
"Western Pacific","Philippines",2003,80,"Utilized",NA
"Western Pacific","Philippines",2004,81.4,"Actual",NA
"Western Pacific","Philippines",2004,81.4,"Utilized",NA
"Western Pacific","Philippines",2005,83.1,"Actual",13
"Western Pacific","Philippines",2005,83.1,"Utilized",NA
"Western Pacific","Philippines",2006,84.5,"Actual",19
"Western Pacific","Philippines",2006,84.5,"Utilized",NA
"Western Pacific","Philippines",2007,85.9,"Actual",16
"Western Pacific","Philippines",2007,85.9,"Utilized",NA
"Western Pacific","Philippines",2008,89.7,"Actual",NA
"Western Pacific","Philippines",2008,89.7,"Utilized",NA
"Western Pacific","Philippines",2009,92,"Actual",NA
"Western Pacific","Philippines",2009,92,"Utilized",NA
"Western Pacific","Philippines",2010,93.6,"Actual",48
"Western Pacific","Philippines",2010,93.6,"Utilized",NA
"Western Pacific","Philippines",2011,94.9,"Actual",43
"Western Pacific","Philippines",2011,94.9,"Utilized",43
"Western Pacific","Philippines",2012,96.5,"Actual",43
"Western Pacific","Philippines",2012,96.5,"Utilized",43
"Western Pacific","Philippines",2013,98.4,"Actual",36
"Western Pacific","Philippines",2013,98.4,"Utilized",36
"Western Pacific","Philippines",2014,100.1,"Actual",NA
"Western Pacific","Philippines",2014,100.1,"Utilized",NA
"Europe","Poland",2000,38.8,"Actual",410
"Europe","Poland",2000,38.8,"Utilized",NA
"Europe","Poland",2001,38.6,"Actual",450
"Europe","Poland",2001,38.6,"Utilized",NA
"Europe","Poland",2002,38.5,"Actual",490
"Europe","Poland",2002,38.5,"Utilized",NA
"Europe","Poland",2003,38.6,"Actual",525
"Europe","Poland",2003,38.6,"Utilized",NA
"Europe","Poland",2004,38.6,"Actual",562
"Europe","Poland",2004,38.6,"Utilized",NA
"Europe","Poland",2005,38.5,"Actual",556
"Europe","Poland",2005,38.5,"Utilized",NA
"Europe","Poland",2006,38.5,"Actual",496
"Europe","Poland",2006,38.5,"Utilized",NA
"Europe","Poland",2007,38.5,"Actual",352
"Europe","Poland",2007,38.5,"Utilized",NA
"Europe","Poland",2008,38,"Actual",427
"Europe","Poland",2008,38,"Utilized",NA
"Europe","Poland",2009,38.1,"Actual",420
"Europe","Poland",2009,38.1,"Utilized",410
"Europe","Poland",2010,38,"Actual",509
"Europe","Poland",2010,38,"Utilized",NA
"Europe","Poland",2011,38.3,"Actual",553
"Europe","Poland",2011,38.3,"Utilized",NA
"Europe","Poland",2012,38.3,"Actual",615
"Europe","Poland",2012,38.3,"Utilized",NA
"Europe","Poland",2013,38.2,"Actual",593
"Europe","Poland",2013,38.2,"Utilized",574
"Europe","Poland",2014,38.2,"Actual",594
"Europe","Poland",2014,38.2,"Utilized",572
"Europe","Portugal",2000,9.9,"Actual",194
"Europe","Portugal",2000,9.9,"Utilized",NA
"Europe","Portugal",2001,10,"Actual",202
"Europe","Portugal",2001,10,"Utilized",NA
"Europe","Portugal",2002,10,"Actual",217
"Europe","Portugal",2002,10,"Utilized",NA
"Europe","Portugal",2003,10.1,"Actual",190
"Europe","Portugal",2003,10.1,"Utilized",NA
"Europe","Portugal",2004,10.1,"Actual",222
"Europe","Portugal",2004,10.1,"Utilized",NA
"Europe","Portugal",2005,10.5,"Actual",190
"Europe","Portugal",2005,10.5,"Utilized",NA
"Europe","Portugal",2006,10.5,"Actual",201
"Europe","Portugal",2006,10.5,"Utilized",NA
"Europe","Portugal",2007,10.6,"Actual",252
"Europe","Portugal",2007,10.6,"Utilized",NA
"Europe","Portugal",2008,10.7,"Actual",283
"Europe","Portugal",2008,10.7,"Utilized",NA
"Europe","Portugal",2009,10.7,"Actual",329
"Europe","Portugal",2009,10.7,"Utilized",319
"Europe","Portugal",2010,10.7,"Actual",323
"Europe","Portugal",2010,10.7,"Utilized",NA
"Europe","Portugal",2011,10.7,"Actual",301
"Europe","Portugal",2011,10.7,"Utilized",NA
"Europe","Portugal",2012,10.7,"Actual",252
"Europe","Portugal",2012,10.7,"Utilized",NA
"Europe","Portugal",2013,10.6,"Actual",295
"Europe","Portugal",2013,10.6,"Utilized",289
"Europe","Portugal",2014,10.6,"Actual",289
"Europe","Portugal",2014,10.6,"Utilized",263
"Eastern Mediterranean","Qatar",2000,0.6,"Actual",NA
"Eastern Mediterranean","Qatar",2000,0.6,"Utilized",NA
"Eastern Mediterranean","Qatar",2001,0.6,"Actual",NA
"Eastern Mediterranean","Qatar",2001,0.6,"Utilized",NA
"Eastern Mediterranean","Qatar",2002,0.6,"Actual",NA
"Eastern Mediterranean","Qatar",2002,0.6,"Utilized",NA
"Eastern Mediterranean","Qatar",2003,0.6,"Actual",NA
"Eastern Mediterranean","Qatar",2003,0.6,"Utilized",NA
"Eastern Mediterranean","Qatar",2004,0.6,"Actual",NA
"Eastern Mediterranean","Qatar",2004,0.6,"Utilized",NA
"Eastern Mediterranean","Qatar",2005,0.8,"Actual",NA
"Eastern Mediterranean","Qatar",2005,0.8,"Utilized",NA
"Eastern Mediterranean","Qatar",2006,0.8,"Actual",NA
"Eastern Mediterranean","Qatar",2006,0.8,"Utilized",NA
"Eastern Mediterranean","Qatar",2007,0.9,"Actual",NA
"Eastern Mediterranean","Qatar",2007,0.9,"Utilized",NA
"Eastern Mediterranean","Qatar",2008,0.9,"Actual",NA
"Eastern Mediterranean","Qatar",2008,0.9,"Utilized",NA
"Eastern Mediterranean","Qatar",2009,1.4,"Actual",2
"Eastern Mediterranean","Qatar",2009,1.4,"Utilized",NA
"Eastern Mediterranean","Qatar",2010,1.5,"Actual",4
"Eastern Mediterranean","Qatar",2010,1.5,"Utilized",NA
"Eastern Mediterranean","Qatar",2011,1.9,"Actual",3
"Eastern Mediterranean","Qatar",2011,1.9,"Utilized",3
"Eastern Mediterranean","Qatar",2012,1.9,"Actual",3
"Eastern Mediterranean","Qatar",2012,1.9,"Utilized",3
"Eastern Mediterranean","Qatar",2013,2.2,"Actual",3
"Eastern Mediterranean","Qatar",2013,2.2,"Utilized",3
"Eastern Mediterranean","Qatar",2014,2.3,"Actual",8
"Eastern Mediterranean","Qatar",2014,2.3,"Utilized",5
"Western Pacific","Republic of Korea",2000,46.8,"Actual",NA
"Western Pacific","Republic of Korea",2000,46.8,"Utilized",NA
"Western Pacific","Republic of Korea",2001,47.1,"Actual",NA
"Western Pacific","Republic of Korea",2001,47.1,"Utilized",NA
"Western Pacific","Republic of Korea",2002,47.4,"Actual",NA
"Western Pacific","Republic of Korea",2002,47.4,"Utilized",NA
"Western Pacific","Republic of Korea",2003,47.7,"Actual",NA
"Western Pacific","Republic of Korea",2003,47.7,"Utilized",NA
"Western Pacific","Republic of Korea",2004,48,"Actual",NA
"Western Pacific","Republic of Korea",2004,48,"Utilized",NA
"Western Pacific","Republic of Korea",2005,47.8,"Actual",91
"Western Pacific","Republic of Korea",2005,47.8,"Utilized",NA
"Western Pacific","Republic of Korea",2006,48,"Actual",141
"Western Pacific","Republic of Korea",2006,48,"Utilized",NA
"Western Pacific","Republic of Korea",2007,48.1,"Actual",148
"Western Pacific","Republic of Korea",2007,48.1,"Utilized",NA
"Western Pacific","Republic of Korea",2008,48.4,"Actual",148
"Western Pacific","Republic of Korea",2008,48.4,"Utilized",NA
"Western Pacific","Republic of Korea",2009,48.3,"Actual",261
"Western Pacific","Republic of Korea",2009,48.3,"Utilized",NA
"Western Pacific","Republic of Korea",2010,48.5,"Actual",268
"Western Pacific","Republic of Korea",2010,48.5,"Utilized",NA
"Western Pacific","Republic of Korea",2011,48.4,"Actual",268
"Western Pacific","Republic of Korea",2011,48.4,"Utilized",NA
"Western Pacific","Republic of Korea",2012,48.6,"Actual",459
"Western Pacific","Republic of Korea",2012,48.6,"Utilized",409
"Western Pacific","Republic of Korea",2013,49.3,"Actual",416
"Western Pacific","Republic of Korea",2013,49.3,"Utilized",416
"Western Pacific","Republic of Korea",2014,49.5,"Actual",446
"Western Pacific","Republic of Korea",2014,49.5,"Utilized",446
"Europe","Republic of Moldova",2000,4.4,"Actual",NA
"Europe","Republic of Moldova",2000,4.4,"Utilized",NA
"Europe","Republic of Moldova",2001,4.3,"Actual",NA
"Europe","Republic of Moldova",2001,4.3,"Utilized",NA
"Europe","Republic of Moldova",2002,4.3,"Actual",NA
"Europe","Republic of Moldova",2002,4.3,"Utilized",NA
"Europe","Republic of Moldova",2003,4.3,"Actual",NA
"Europe","Republic of Moldova",2003,4.3,"Utilized",NA
"Europe","Republic of Moldova",2004,4.3,"Actual",NA
"Europe","Republic of Moldova",2004,4.3,"Utilized",NA
"Europe","Republic of Moldova",2005,4.2,"Actual",NA
"Europe","Republic of Moldova",2005,4.2,"Utilized",NA
"Europe","Republic of Moldova",2006,4.2,"Actual",NA
"Europe","Republic of Moldova",2006,4.2,"Utilized",NA
"Europe","Republic of Moldova",2007,4.2,"Actual",NA
"Europe","Republic of Moldova",2007,4.2,"Utilized",NA
"Europe","Republic of Moldova",2008,3.8,"Actual",NA
"Europe","Republic of Moldova",2008,3.8,"Utilized",NA
"Europe","Republic of Moldova",2009,3.6,"Actual",0
"Europe","Republic of Moldova",2009,3.6,"Utilized",NA
"Europe","Republic of Moldova",2010,3.6,"Actual",0
"Europe","Republic of Moldova",2010,3.6,"Utilized",NA
"Europe","Republic of Moldova",2011,3.5,"Actual",0
"Europe","Republic of Moldova",2011,3.5,"Utilized",NA
"Europe","Republic of Moldova",2012,3.5,"Actual",0
"Europe","Republic of Moldova",2012,3.5,"Utilized",NA
"Europe","Republic of Moldova",2013,3.5,"Actual",0
"Europe","Republic of Moldova",2013,3.5,"Utilized",0
"Europe","Republic of Moldova",2014,3.5,"Actual",11
"Europe","Republic of Moldova",2014,3.5,"Utilized",10
"Europe","Romania",2000,22.3,"Actual",25
"Europe","Romania",2000,22.3,"Utilized",NA
"Europe","Romania",2001,22.4,"Actual",21
"Europe","Romania",2001,22.4,"Utilized",NA
"Europe","Romania",2002,22.3,"Actual",13
"Europe","Romania",2002,22.3,"Utilized",NA
"Europe","Romania",2003,22.3,"Actual",8
"Europe","Romania",2003,22.3,"Utilized",NA
"Europe","Romania",2004,22.3,"Actual",10
"Europe","Romania",2004,22.3,"Utilized",NA
"Europe","Romania",2005,21.7,"Actual",11
"Europe","Romania",2005,21.7,"Utilized",NA
"Europe","Romania",2006,21.6,"Actual",22
"Europe","Romania",2006,21.6,"Utilized",NA
"Europe","Romania",2007,21.5,"Actual",36
"Europe","Romania",2007,21.5,"Utilized",NA
"Europe","Romania",2008,21.3,"Actual",60
"Europe","Romania",2008,21.3,"Utilized",NA
"Europe","Romania",2009,21.3,"Actual",42
"Europe","Romania",2009,21.3,"Utilized",42
"Europe","Romania",2010,21.2,"Actual",70
"Europe","Romania",2010,21.2,"Utilized",NA
"Europe","Romania",2011,21.4,"Actual",77
"Europe","Romania",2011,21.4,"Utilized",NA
"Europe","Romania",2012,21.4,"Actual",65
"Europe","Romania",2012,21.4,"Utilized",NA
"Europe","Romania",2013,21.7,"Actual",132
"Europe","Romania",2013,21.7,"Utilized",132
"Europe","Romania",2014,21.6,"Actual",138
"Europe","Romania",2014,21.6,"Utilized",NA
"Europe","Russian Federation",2000,146.9,"Actual",NA
"Europe","Russian Federation",2000,146.9,"Utilized",NA
"Europe","Russian Federation",2001,144.7,"Actual",NA
"Europe","Russian Federation",2001,144.7,"Utilized",NA
"Europe","Russian Federation",2002,143.8,"Actual",NA
"Europe","Russian Federation",2002,143.8,"Utilized",NA
"Europe","Russian Federation",2003,143.2,"Actual",NA
"Europe","Russian Federation",2003,143.2,"Utilized",NA
"Europe","Russian Federation",2004,142.4,"Actual",NA
"Europe","Russian Federation",2004,142.4,"Utilized",NA
"Europe","Russian Federation",2005,143.2,"Actual",NA
"Europe","Russian Federation",2005,143.2,"Utilized",NA
"Europe","Russian Federation",2006,142.5,"Actual",NA
"Europe","Russian Federation",2006,142.5,"Utilized",NA
"Europe","Russian Federation",2007,141.9,"Actual",NA
"Europe","Russian Federation",2007,141.9,"Utilized",NA
"Europe","Russian Federation",2008,141.8,"Actual",NA
"Europe","Russian Federation",2008,141.8,"Utilized",NA
"Europe","Russian Federation",2009,140.9,"Actual",NA
"Europe","Russian Federation",2009,140.9,"Utilized",NA
"Europe","Russian Federation",2010,140.4,"Actual",487
"Europe","Russian Federation",2010,140.4,"Utilized",NA
"Europe","Russian Federation",2011,142.8,"Actual",470
"Europe","Russian Federation",2011,142.8,"Utilized",NA
"Europe","Russian Federation",2012,142.7,"Actual",412
"Europe","Russian Federation",2012,142.7,"Utilized",NA
"Europe","Russian Federation",2013,142.8,"Actual",420
"Europe","Russian Federation",2013,142.8,"Utilized",420
"Europe","Russian Federation",2014,142.5,"Actual",465
"Europe","Russian Federation",2014,142.5,"Utilized",465
"Africa","Rwanda",2000,7.7,"Actual",NA
"Africa","Rwanda",2000,7.7,"Utilized",NA
"Africa","Rwanda",2001,7.9,"Actual",NA
"Africa","Rwanda",2001,7.9,"Utilized",NA
"Africa","Rwanda",2002,8.1,"Actual",NA
"Africa","Rwanda",2002,8.1,"Utilized",NA
"Africa","Rwanda",2003,8.4,"Actual",NA
"Africa","Rwanda",2003,8.4,"Utilized",NA
"Africa","Rwanda",2004,8.5,"Actual",NA
"Africa","Rwanda",2004,8.5,"Utilized",NA
"Africa","Rwanda",2005,9,"Actual",NA
"Africa","Rwanda",2005,9,"Utilized",NA
"Africa","Rwanda",2006,9.2,"Actual",NA
"Africa","Rwanda",2006,9.2,"Utilized",NA
"Africa","Rwanda",2007,9.4,"Actual",NA
"Africa","Rwanda",2007,9.4,"Utilized",NA
"Africa","Rwanda",2008,10,"Actual",NA
"Africa","Rwanda",2008,10,"Utilized",NA
"Africa","Rwanda",2009,10,"Actual",NA
"Africa","Rwanda",2009,10,"Utilized",NA
"Africa","Rwanda",2010,10.3,"Actual",NA
"Africa","Rwanda",2010,10.3,"Utilized",NA
"Africa","Rwanda",2011,10.9,"Actual",NA
"Africa","Rwanda",2011,10.9,"Utilized",NA
"Africa","Rwanda",2012,11.3,"Actual",NA
"Africa","Rwanda",2012,11.3,"Utilized",NA
"Africa","Rwanda",2013,11.8,"Actual",NA
"Africa","Rwanda",2013,11.8,"Utilized",NA
"Africa","Rwanda",2014,12.1,"Actual",NA
"Africa","Rwanda",2014,12.1,"Utilized",NA
"America","Saint Kitts and Nevis",2000,0,"Actual",NA
"America","Saint Kitts and Nevis",2000,0,"Utilized",NA
"America","Saint Kitts and Nevis",2001,0,"Actual",NA
"America","Saint Kitts and Nevis",2001,0,"Utilized",NA
"America","Saint Kitts and Nevis",2002,0,"Actual",NA
"America","Saint Kitts and Nevis",2002,0,"Utilized",NA
"America","Saint Kitts and Nevis",2003,0,"Actual",NA
"America","Saint Kitts and Nevis",2003,0,"Utilized",NA
"America","Saint Kitts and Nevis",2004,0,"Actual",NA
"America","Saint Kitts and Nevis",2004,0,"Utilized",NA
"America","Saint Kitts and Nevis",2005,0,"Actual",NA
"America","Saint Kitts and Nevis",2005,0,"Utilized",NA
"America","Saint Kitts and Nevis",2006,0,"Actual",NA
"America","Saint Kitts and Nevis",2006,0,"Utilized",NA
"America","Saint Kitts and Nevis",2007,0,"Actual",NA
"America","Saint Kitts and Nevis",2007,0,"Utilized",NA
"America","Saint Kitts and Nevis",2008,0,"Actual",NA
"America","Saint Kitts and Nevis",2008,0,"Utilized",NA
"America","Saint Kitts and Nevis",2009,0,"Actual",NA
"America","Saint Kitts and Nevis",2009,0,"Utilized",NA
"America","Saint Kitts and Nevis",2010,0,"Actual",NA
"America","Saint Kitts and Nevis",2010,0,"Utilized",NA
"America","Saint Kitts and Nevis",2011,0,"Actual",NA
"America","Saint Kitts and Nevis",2011,0,"Utilized",NA
"America","Saint Kitts and Nevis",2012,0.1,"Actual",NA
"America","Saint Kitts and Nevis",2012,0.1,"Utilized",NA
"America","Saint Kitts and Nevis",2013,0.1,"Actual",NA
"America","Saint Kitts and Nevis",2013,0.1,"Utilized",NA
"America","Saint Kitts and Nevis",2014,0.1,"Actual",NA
"America","Saint Kitts and Nevis",2014,0.1,"Utilized",NA
"America","Saint Lucia",2000,0.2,"Actual",NA
"America","Saint Lucia",2000,0.2,"Utilized",NA
"America","Saint Lucia",2001,0.2,"Actual",NA
"America","Saint Lucia",2001,0.2,"Utilized",NA
"America","Saint Lucia",2002,0.2,"Actual",NA
"America","Saint Lucia",2002,0.2,"Utilized",NA
"America","Saint Lucia",2003,0.2,"Actual",NA
"America","Saint Lucia",2003,0.2,"Utilized",NA
"America","Saint Lucia",2004,0.2,"Actual",NA
"America","Saint Lucia",2004,0.2,"Utilized",NA
"America","Saint Lucia",2005,0.2,"Actual",NA
"America","Saint Lucia",2005,0.2,"Utilized",NA
"America","Saint Lucia",2006,0.2,"Actual",NA
"America","Saint Lucia",2006,0.2,"Utilized",NA
"America","Saint Lucia",2007,0.2,"Actual",NA
"America","Saint Lucia",2007,0.2,"Utilized",NA
"America","Saint Lucia",2008,0.2,"Actual",NA
"America","Saint Lucia",2008,0.2,"Utilized",NA
"America","Saint Lucia",2009,0.2,"Actual",NA
"America","Saint Lucia",2009,0.2,"Utilized",NA
"America","Saint Lucia",2010,0.2,"Actual",NA
"America","Saint Lucia",2010,0.2,"Utilized",NA
"America","Saint Lucia",2011,0.2,"Actual",NA
"America","Saint Lucia",2011,0.2,"Utilized",NA
"America","Saint Lucia",2012,0.2,"Actual",NA
"America","Saint Lucia",2012,0.2,"Utilized",NA
"America","Saint Lucia",2013,0.2,"Actual",NA
"America","Saint Lucia",2013,0.2,"Utilized",NA
"America","Saint Lucia",2014,0.2,"Actual",NA
"America","Saint Lucia",2014,0.2,"Utilized",NA
"America","Saint Vincent and the Grenadines",2000,0.1,"Actual",NA
"America","Saint Vincent and the Grenadines",2000,0.1,"Utilized",NA
"America","Saint Vincent and the Grenadines",2001,0.1,"Actual",NA
"America","Saint Vincent and the Grenadines",2001,0.1,"Utilized",NA
"America","Saint Vincent and the Grenadines",2002,0.1,"Actual",NA
"America","Saint Vincent and the Grenadines",2002,0.1,"Utilized",NA
"America","Saint Vincent and the Grenadines",2003,0.1,"Actual",NA
"America","Saint Vincent and the Grenadines",2003,0.1,"Utilized",NA
"America","Saint Vincent and the Grenadines",2004,0.1,"Actual",NA
"America","Saint Vincent and the Grenadines",2004,0.1,"Utilized",NA
"America","Saint Vincent and the Grenadines",2005,0.1,"Actual",NA
"America","Saint Vincent and the Grenadines",2005,0.1,"Utilized",NA
"America","Saint Vincent and the Grenadines",2006,0.1,"Actual",NA
"America","Saint Vincent and the Grenadines",2006,0.1,"Utilized",NA
"America","Saint Vincent and the Grenadines",2007,0.1,"Actual",NA
"America","Saint Vincent and the Grenadines",2007,0.1,"Utilized",NA
"America","Saint Vincent and the Grenadines",2008,0.1,"Actual",NA
"America","Saint Vincent and the Grenadines",2008,0.1,"Utilized",NA
"America","Saint Vincent and the Grenadines",2009,0.1,"Actual",NA
"America","Saint Vincent and the Grenadines",2009,0.1,"Utilized",NA
"America","Saint Vincent and the Grenadines",2010,0.1,"Actual",NA
"America","Saint Vincent and the Grenadines",2010,0.1,"Utilized",NA
"America","Saint Vincent and the Grenadines",2011,0.1,"Actual",NA
"America","Saint Vincent and the Grenadines",2011,0.1,"Utilized",NA
"America","Saint Vincent and the Grenadines",2012,0.1,"Actual",NA
"America","Saint Vincent and the Grenadines",2012,0.1,"Utilized",NA
"America","Saint Vincent and the Grenadines",2013,0.1,"Actual",NA
"America","Saint Vincent and the Grenadines",2013,0.1,"Utilized",NA
"America","Saint Vincent and the Grenadines",2014,0.1,"Actual",NA
"America","Saint Vincent and the Grenadines",2014,0.1,"Utilized",NA
"Western Pacific","Samoa",2000,0.2,"Actual",NA
"Western Pacific","Samoa",2000,0.2,"Utilized",NA
"Western Pacific","Samoa",2001,0.2,"Actual",NA
"Western Pacific","Samoa",2001,0.2,"Utilized",NA
"Western Pacific","Samoa",2002,0.2,"Actual",NA
"Western Pacific","Samoa",2002,0.2,"Utilized",NA
"Western Pacific","Samoa",2003,0.2,"Actual",NA
"Western Pacific","Samoa",2003,0.2,"Utilized",NA
"Western Pacific","Samoa",2004,0.2,"Actual",NA
"Western Pacific","Samoa",2004,0.2,"Utilized",NA
"Western Pacific","Samoa",2005,0.2,"Actual",NA
"Western Pacific","Samoa",2005,0.2,"Utilized",NA
"Western Pacific","Samoa",2006,0.2,"Actual",NA
"Western Pacific","Samoa",2006,0.2,"Utilized",NA
"Western Pacific","Samoa",2007,0.2,"Actual",NA
"Western Pacific","Samoa",2007,0.2,"Utilized",NA
"Western Pacific","Samoa",2008,0.2,"Actual",NA
"Western Pacific","Samoa",2008,0.2,"Utilized",NA
"Western Pacific","Samoa",2009,0.2,"Actual",NA
"Western Pacific","Samoa",2009,0.2,"Utilized",NA
"Western Pacific","Samoa",2010,0.2,"Actual",NA
"Western Pacific","Samoa",2010,0.2,"Utilized",NA
"Western Pacific","Samoa",2011,0.2,"Actual",NA
"Western Pacific","Samoa",2011,0.2,"Utilized",NA
"Western Pacific","Samoa",2012,0.2,"Actual",NA
"Western Pacific","Samoa",2012,0.2,"Utilized",NA
"Western Pacific","Samoa",2013,0.2,"Actual",NA
"Western Pacific","Samoa",2013,0.2,"Utilized",NA
"Western Pacific","Samoa",2014,0.2,"Actual",NA
"Western Pacific","Samoa",2014,0.2,"Utilized",NA
"Europe","San Marino",2000,0,"Actual",NA
"Europe","San Marino",2000,0,"Utilized",NA
"Europe","San Marino",2001,0,"Actual",NA
"Europe","San Marino",2001,0,"Utilized",NA
"Europe","San Marino",2002,0,"Actual",NA
"Europe","San Marino",2002,0,"Utilized",NA
"Europe","San Marino",2003,0,"Actual",NA
"Europe","San Marino",2003,0,"Utilized",NA
"Europe","San Marino",2004,0,"Actual",NA
"Europe","San Marino",2004,0,"Utilized",NA
"Europe","San Marino",2005,0,"Actual",NA
"Europe","San Marino",2005,0,"Utilized",NA
"Europe","San Marino",2006,0,"Actual",NA
"Europe","San Marino",2006,0,"Utilized",NA
"Europe","San Marino",2007,0,"Actual",NA
"Europe","San Marino",2007,0,"Utilized",NA
"Europe","San Marino",2008,0,"Actual",NA
"Europe","San Marino",2008,0,"Utilized",NA
"Europe","San Marino",2009,0,"Actual",NA
"Europe","San Marino",2009,0,"Utilized",NA
"Europe","San Marino",2010,0,"Actual",NA
"Europe","San Marino",2010,0,"Utilized",NA
"Europe","San Marino",2011,0,"Actual",NA
"Europe","San Marino",2011,0,"Utilized",NA
"Europe","San Marino",2012,0,"Actual",NA
"Europe","San Marino",2012,0,"Utilized",NA
"Europe","San Marino",2013,0,"Actual",NA
"Europe","San Marino",2013,0,"Utilized",NA
"Europe","San Marino",2014,0,"Actual",NA
"Europe","San Marino",2014,0,"Utilized",NA
"Africa","Sao Tome and Principe",2000,0.2,"Actual",NA
"Africa","Sao Tome and Principe",2000,0.2,"Utilized",NA
"Africa","Sao Tome and Principe",2001,0.2,"Actual",NA
"Africa","Sao Tome and Principe",2001,0.2,"Utilized",NA
"Africa","Sao Tome and Principe",2002,0.2,"Actual",NA
"Africa","Sao Tome and Principe",2002,0.2,"Utilized",NA
"Africa","Sao Tome and Principe",2003,0.2,"Actual",NA
"Africa","Sao Tome and Principe",2003,0.2,"Utilized",NA
"Africa","Sao Tome and Principe",2004,0.2,"Actual",NA
"Africa","Sao Tome and Principe",2004,0.2,"Utilized",NA
"Africa","Sao Tome and Principe",2005,0.2,"Actual",NA
"Africa","Sao Tome and Principe",2005,0.2,"Utilized",NA
"Africa","Sao Tome and Principe",2006,0.2,"Actual",NA
"Africa","Sao Tome and Principe",2006,0.2,"Utilized",NA
"Africa","Sao Tome and Principe",2007,0.2,"Actual",NA
"Africa","Sao Tome and Principe",2007,0.2,"Utilized",NA
"Africa","Sao Tome and Principe",2008,0.2,"Actual",NA
"Africa","Sao Tome and Principe",2008,0.2,"Utilized",NA
"Africa","Sao Tome and Principe",2009,0.2,"Actual",NA
"Africa","Sao Tome and Principe",2009,0.2,"Utilized",NA
"Africa","Sao Tome and Principe",2010,0.2,"Actual",NA
"Africa","Sao Tome and Principe",2010,0.2,"Utilized",NA
"Africa","Sao Tome and Principe",2011,0.2,"Actual",NA
"Africa","Sao Tome and Principe",2011,0.2,"Utilized",NA
"Africa","Sao Tome and Principe",2012,0.2,"Actual",NA
"Africa","Sao Tome and Principe",2012,0.2,"Utilized",NA
"Africa","Sao Tome and Principe",2013,0.2,"Actual",NA
"Africa","Sao Tome and Principe",2013,0.2,"Utilized",NA
"Africa","Sao Tome and Principe",2014,0.2,"Actual",NA
"Africa","Sao Tome and Principe",2014,0.2,"Utilized",NA
"Eastern Mediterranean","Saudi Arabia",2000,21.6,"Actual",NA
"Eastern Mediterranean","Saudi Arabia",2000,21.6,"Utilized",NA
"Eastern Mediterranean","Saudi Arabia",2001,21,"Actual",NA
"Eastern Mediterranean","Saudi Arabia",2001,21,"Utilized",NA
"Eastern Mediterranean","Saudi Arabia",2002,21.7,"Actual",NA
"Eastern Mediterranean","Saudi Arabia",2002,21.7,"Utilized",NA
"Eastern Mediterranean","Saudi Arabia",2003,24.2,"Actual",NA
"Eastern Mediterranean","Saudi Arabia",2003,24.2,"Utilized",NA
"Eastern Mediterranean","Saudi Arabia",2004,24.9,"Actual",54
"Eastern Mediterranean","Saudi Arabia",2004,24.9,"Utilized",NA
"Eastern Mediterranean","Saudi Arabia",2005,24.6,"Actual",62
"Eastern Mediterranean","Saudi Arabia",2005,24.6,"Utilized",NA
"Eastern Mediterranean","Saudi Arabia",2006,25.2,"Actual",102
"Eastern Mediterranean","Saudi Arabia",2006,25.2,"Utilized",NA
"Eastern Mediterranean","Saudi Arabia",2007,25.8,"Actual",80
"Eastern Mediterranean","Saudi Arabia",2007,25.8,"Utilized",NA
"Eastern Mediterranean","Saudi Arabia",2008,25.3,"Actual",105
"Eastern Mediterranean","Saudi Arabia",2008,25.3,"Utilized",NA
"Eastern Mediterranean","Saudi Arabia",2009,25.7,"Actual",68
"Eastern Mediterranean","Saudi Arabia",2009,25.7,"Utilized",NA
"Eastern Mediterranean","Saudi Arabia",2010,26.2,"Actual",95
"Eastern Mediterranean","Saudi Arabia",2010,26.2,"Utilized",NA
"Eastern Mediterranean","Saudi Arabia",2011,28.1,"Actual",73
"Eastern Mediterranean","Saudi Arabia",2011,28.1,"Utilized",73
"Eastern Mediterranean","Saudi Arabia",2012,28.7,"Actual",83
"Eastern Mediterranean","Saudi Arabia",2012,28.7,"Utilized",80
"Eastern Mediterranean","Saudi Arabia",2013,28.8,"Actual",67
"Eastern Mediterranean","Saudi Arabia",2013,28.8,"Utilized",63
"Eastern Mediterranean","Saudi Arabia",2014,29.4,"Actual",101
"Eastern Mediterranean","Saudi Arabia",2014,29.4,"Utilized",94
"Africa","Senegal",2000,9.5,"Actual",NA
"Africa","Senegal",2000,9.5,"Utilized",NA
"Africa","Senegal",2001,9.7,"Actual",NA
"Africa","Senegal",2001,9.7,"Utilized",NA
"Africa","Senegal",2002,9.9,"Actual",NA
"Africa","Senegal",2002,9.9,"Utilized",NA
"Africa","Senegal",2003,10.1,"Actual",NA
"Africa","Senegal",2003,10.1,"Utilized",NA
"Africa","Senegal",2004,10.3,"Actual",NA
"Africa","Senegal",2004,10.3,"Utilized",NA
"Africa","Senegal",2005,11.7,"Actual",NA
"Africa","Senegal",2005,11.7,"Utilized",NA
"Africa","Senegal",2006,11.9,"Actual",NA
"Africa","Senegal",2006,11.9,"Utilized",NA
"Africa","Senegal",2007,12.2,"Actual",NA
"Africa","Senegal",2007,12.2,"Utilized",NA
"Africa","Senegal",2008,12.7,"Actual",NA
"Africa","Senegal",2008,12.7,"Utilized",NA
"Africa","Senegal",2009,12.5,"Actual",NA
"Africa","Senegal",2009,12.5,"Utilized",NA
"Africa","Senegal",2010,12.9,"Actual",NA
"Africa","Senegal",2010,12.9,"Utilized",NA
"Africa","Senegal",2011,12.8,"Actual",NA
"Africa","Senegal",2011,12.8,"Utilized",NA
"Africa","Senegal",2012,13.1,"Actual",0
"Africa","Senegal",2012,13.1,"Utilized",0
"Africa","Senegal",2013,14.1,"Actual",0
"Africa","Senegal",2013,14.1,"Utilized",0
"Africa","Senegal",2014,14.5,"Actual",0
"Africa","Senegal",2014,14.5,"Utilized",0
"Europe","Serbia",2000,9.9,"Actual",NA
"Europe","Serbia",2000,9.9,"Utilized",NA
"Europe","Serbia",2001,9.9,"Actual",NA
"Europe","Serbia",2001,9.9,"Utilized",NA
"Europe","Serbia",2002,9.9,"Actual",NA
"Europe","Serbia",2002,9.9,"Utilized",NA
"Europe","Serbia",2003,9.9,"Actual",NA
"Europe","Serbia",2003,9.9,"Utilized",NA
"Europe","Serbia",2004,9.9,"Actual",NA
"Europe","Serbia",2004,9.9,"Utilized",NA
"Europe","Serbia",2005,9.9,"Actual",NA
"Europe","Serbia",2005,9.9,"Utilized",NA
"Europe","Serbia",2006,9.9,"Actual",NA
"Europe","Serbia",2006,9.9,"Utilized",NA
"Europe","Serbia",2007,9.9,"Actual",NA
"Europe","Serbia",2007,9.9,"Utilized",NA
"Europe","Serbia",2008,9.9,"Actual",NA
"Europe","Serbia",2008,9.9,"Utilized",NA
"Europe","Serbia",2009,9.9,"Actual",NA
"Europe","Serbia",2009,9.9,"Utilized",NA
"Europe","Serbia",2010,9.9,"Actual",NA
"Europe","Serbia",2010,9.9,"Utilized",NA
"Europe","Serbia",2011,9.9,"Actual",NA
"Europe","Serbia",2011,9.9,"Utilized",NA
"Europe","Serbia",2012,9.8,"Actual",NA
"Europe","Serbia",2012,9.8,"Utilized",NA
"Europe","Serbia",2013,9.5,"Actual",41
"Europe","Serbia",2013,9.5,"Utilized",41
"Europe","Serbia",2014,9.5,"Actual",41
"Europe","Serbia",2014,9.5,"Utilized",41
"Africa","Seychelles",2000,0.1,"Actual",NA
"Africa","Seychelles",2000,0.1,"Utilized",NA
"Africa","Seychelles",2001,0.1,"Actual",NA
"Africa","Seychelles",2001,0.1,"Utilized",NA
"Africa","Seychelles",2002,0.1,"Actual",NA
"Africa","Seychelles",2002,0.1,"Utilized",NA
"Africa","Seychelles",2003,0.1,"Actual",NA
"Africa","Seychelles",2003,0.1,"Utilized",NA
"Africa","Seychelles",2004,0.1,"Actual",NA
"Africa","Seychelles",2004,0.1,"Utilized",NA
"Africa","Seychelles",2005,0.1,"Actual",NA
"Africa","Seychelles",2005,0.1,"Utilized",NA
"Africa","Seychelles",2006,0.1,"Actual",NA
"Africa","Seychelles",2006,0.1,"Utilized",NA
"Africa","Seychelles",2007,0.1,"Actual",NA
"Africa","Seychelles",2007,0.1,"Utilized",NA
"Africa","Seychelles",2008,0.1,"Actual",NA
"Africa","Seychelles",2008,0.1,"Utilized",NA
"Africa","Seychelles",2009,0.1,"Actual",NA
"Africa","Seychelles",2009,0.1,"Utilized",NA
"Africa","Seychelles",2010,0.1,"Actual",NA
"Africa","Seychelles",2010,0.1,"Utilized",NA
"Africa","Seychelles",2011,0,"Actual",NA
"Africa","Seychelles",2011,0,"Utilized",NA
"Africa","Seychelles",2012,0.1,"Actual",NA
"Africa","Seychelles",2012,0.1,"Utilized",NA
"Africa","Seychelles",2013,0.1,"Actual",NA
"Africa","Seychelles",2013,0.1,"Utilized",NA
"Africa","Seychelles",2014,0.1,"Actual",NA
"Africa","Seychelles",2014,0.1,"Utilized",NA
"Africa","Sierra Leone",2000,4.9,"Actual",NA
"Africa","Sierra Leone",2000,4.9,"Utilized",NA
"Africa","Sierra Leone",2001,4.6,"Actual",NA
"Africa","Sierra Leone",2001,4.6,"Utilized",NA
"Africa","Sierra Leone",2002,4.8,"Actual",NA
"Africa","Sierra Leone",2002,4.8,"Utilized",NA
"Africa","Sierra Leone",2003,5,"Actual",NA
"Africa","Sierra Leone",2003,5,"Utilized",NA
"Africa","Sierra Leone",2004,5.2,"Actual",NA
"Africa","Sierra Leone",2004,5.2,"Utilized",NA
"Africa","Sierra Leone",2005,5.5,"Actual",NA
"Africa","Sierra Leone",2005,5.5,"Utilized",NA
"Africa","Sierra Leone",2006,5.4,"Actual",NA
"Africa","Sierra Leone",2006,5.4,"Utilized",NA
"Africa","Sierra Leone",2007,5.8,"Actual",NA
"Africa","Sierra Leone",2007,5.8,"Utilized",NA
"Africa","Sierra Leone",2008,6,"Actual",NA
"Africa","Sierra Leone",2008,6,"Utilized",NA
"Africa","Sierra Leone",2009,5.7,"Actual",NA
"Africa","Sierra Leone",2009,5.7,"Utilized",NA
"Africa","Sierra Leone",2010,5.8,"Actual",NA
"Africa","Sierra Leone",2010,5.8,"Utilized",NA
"Africa","Sierra Leone",2011,6,"Actual",NA
"Africa","Sierra Leone",2011,6,"Utilized",NA
"Africa","Sierra Leone",2012,6.1,"Actual",NA
"Africa","Sierra Leone",2012,6.1,"Utilized",NA
"Africa","Sierra Leone",2013,6.1,"Actual",NA
"Africa","Sierra Leone",2013,6.1,"Utilized",NA
"Africa","Sierra Leone",2014,6.2,"Actual",NA
"Africa","Sierra Leone",2014,6.2,"Utilized",NA
"Western Pacific","Singapore",2000,3.6,"Actual",NA
"Western Pacific","Singapore",2000,3.6,"Utilized",NA
"Western Pacific","Singapore",2001,4.1,"Actual",NA
"Western Pacific","Singapore",2001,4.1,"Utilized",NA
"Western Pacific","Singapore",2002,4.2,"Actual",NA
"Western Pacific","Singapore",2002,4.2,"Utilized",NA
"Western Pacific","Singapore",2003,4.3,"Actual",NA
"Western Pacific","Singapore",2003,4.3,"Utilized",NA
"Western Pacific","Singapore",2004,4.3,"Actual",NA
"Western Pacific","Singapore",2004,4.3,"Utilized",NA
"Western Pacific","Singapore",2005,4.3,"Actual",21
"Western Pacific","Singapore",2005,4.3,"Utilized",NA
"Western Pacific","Singapore",2006,4.4,"Actual",30
"Western Pacific","Singapore",2006,4.4,"Utilized",NA
"Western Pacific","Singapore",2007,4.4,"Actual",26
"Western Pacific","Singapore",2007,4.4,"Utilized",NA
"Western Pacific","Singapore",2008,4.5,"Actual",27
"Western Pacific","Singapore",2008,4.5,"Utilized",NA
"Western Pacific","Singapore",2009,4.7,"Actual",25
"Western Pacific","Singapore",2009,4.7,"Utilized",NA
"Western Pacific","Singapore",2010,4.8,"Actual",26
"Western Pacific","Singapore",2010,4.8,"Utilized",NA
"Western Pacific","Singapore",2011,5.2,"Actual",20
"Western Pacific","Singapore",2011,5.2,"Utilized",20
"Western Pacific","Singapore",2012,5.3,"Actual",15
"Western Pacific","Singapore",2012,5.3,"Utilized",15
"Western Pacific","Singapore",2013,5.4,"Actual",24
"Western Pacific","Singapore",2013,5.4,"Utilized",24
"Western Pacific","Singapore",2014,5.5,"Actual",16
"Western Pacific","Singapore",2014,5.5,"Utilized",16
"Europe","Slovakia",2000,5.4,"Actual",46
"Europe","Slovakia",2000,5.4,"Utilized",NA
"Europe","Slovakia",2001,5.4,"Actual",NA
"Europe","Slovakia",2001,5.4,"Utilized",NA
"Europe","Slovakia",2002,5.4,"Actual",37
"Europe","Slovakia",2002,5.4,"Utilized",NA
"Europe","Slovakia",2003,5.4,"Actual",46
"Europe","Slovakia",2003,5.4,"Utilized",NA
"Europe","Slovakia",2004,5.4,"Actual",55
"Europe","Slovakia",2004,5.4,"Utilized",NA
"Europe","Slovakia",2005,5.4,"Actual",64
"Europe","Slovakia",2005,5.4,"Utilized",NA
"Europe","Slovakia",2006,5.4,"Actual",64
"Europe","Slovakia",2006,5.4,"Utilized",NA
"Europe","Slovakia",2007,5.4,"Actual",107
"Europe","Slovakia",2007,5.4,"Utilized",NA
"Europe","Slovakia",2008,5.4,"Actual",77
"Europe","Slovakia",2008,5.4,"Utilized",NA
"Europe","Slovakia",2009,5.4,"Actual",86
"Europe","Slovakia",2009,5.4,"Utilized",86
"Europe","Slovakia",2010,5.4,"Actual",91
"Europe","Slovakia",2010,5.4,"Utilized",NA
"Europe","Slovakia",2011,5.5,"Actual",69
"Europe","Slovakia",2011,5.5,"Utilized",NA
"Europe","Slovakia",2012,5.5,"Actual",71
"Europe","Slovakia",2012,5.5,"Utilized",NA
"Europe","Slovakia",2013,5.5,"Actual",60
"Europe","Slovakia",2013,5.5,"Utilized",57
"Europe","Slovakia",2014,5.5,"Actual",64
"Europe","Slovakia",2014,5.5,"Utilized",58
"Europe","Slovenia",2000,2,"Actual",22
"Europe","Slovenia",2000,2,"Utilized",NA
"Europe","Slovenia",2001,2,"Actual",23
"Europe","Slovenia",2001,2,"Utilized",NA
"Europe","Slovenia",2002,2,"Actual",35
"Europe","Slovenia",2002,2,"Utilized",NA
"Europe","Slovenia",2003,2,"Actual",28
"Europe","Slovenia",2003,2,"Utilized",NA
"Europe","Slovenia",2004,2,"Actual",36
"Europe","Slovenia",2004,2,"Utilized",NA
"Europe","Slovenia",2005,2,"Actual",21
"Europe","Slovenia",2005,2,"Utilized",NA
"Europe","Slovenia",2006,2,"Actual",30
"Europe","Slovenia",2006,2,"Utilized",NA
"Europe","Slovenia",2007,2,"Actual",23
"Europe","Slovenia",2007,2,"Utilized",NA
"Europe","Slovenia",2008,2,"Actual",37
"Europe","Slovenia",2008,2,"Utilized",NA
"Europe","Slovenia",2009,2,"Actual",34
"Europe","Slovenia",2009,2,"Utilized",34
"Europe","Slovenia",2010,2,"Actual",41
"Europe","Slovenia",2010,2,"Utilized",NA
"Europe","Slovenia",2011,2,"Actual",31
"Europe","Slovenia",2011,2,"Utilized",NA
"Europe","Slovenia",2012,2,"Actual",47
"Europe","Slovenia",2012,2,"Utilized",NA
"Europe","Slovenia",2013,2.1,"Actual",48
"Europe","Slovenia",2013,2.1,"Utilized",45
"Europe","Slovenia",2014,2.1,"Actual",44
"Europe","Slovenia",2014,2.1,"Utilized",43
"Western Pacific","Solomon Islands",2000,0.4,"Actual",NA
"Western Pacific","Solomon Islands",2000,0.4,"Utilized",NA
"Western Pacific","Solomon Islands",2001,0.5,"Actual",NA
"Western Pacific","Solomon Islands",2001,0.5,"Utilized",NA
"Western Pacific","Solomon Islands",2002,0.5,"Actual",NA
"Western Pacific","Solomon Islands",2002,0.5,"Utilized",NA
"Western Pacific","Solomon Islands",2003,0.5,"Actual",NA
"Western Pacific","Solomon Islands",2003,0.5,"Utilized",NA
"Western Pacific","Solomon Islands",2004,0.5,"Actual",NA
"Western Pacific","Solomon Islands",2004,0.5,"Utilized",NA
"Western Pacific","Solomon Islands",2005,0.5,"Actual",NA
"Western Pacific","Solomon Islands",2005,0.5,"Utilized",NA
"Western Pacific","Solomon Islands",2006,0.5,"Actual",NA
"Western Pacific","Solomon Islands",2006,0.5,"Utilized",NA
"Western Pacific","Solomon Islands",2007,0.5,"Actual",NA
"Western Pacific","Solomon Islands",2007,0.5,"Utilized",NA
"Western Pacific","Solomon Islands",2008,0.5,"Actual",NA
"Western Pacific","Solomon Islands",2008,0.5,"Utilized",NA
"Western Pacific","Solomon Islands",2009,0.5,"Actual",NA
"Western Pacific","Solomon Islands",2009,0.5,"Utilized",NA
"Western Pacific","Solomon Islands",2010,0.5,"Actual",NA
"Western Pacific","Solomon Islands",2010,0.5,"Utilized",NA
"Western Pacific","Solomon Islands",2011,0.5,"Actual",NA
"Western Pacific","Solomon Islands",2011,0.5,"Utilized",NA
"Western Pacific","Solomon Islands",2012,0.6,"Actual",NA
"Western Pacific","Solomon Islands",2012,0.6,"Utilized",NA
"Western Pacific","Solomon Islands",2013,0.6,"Actual",NA
"Western Pacific","Solomon Islands",2013,0.6,"Utilized",NA
"Western Pacific","Solomon Islands",2014,0.6,"Actual",NA
"Western Pacific","Solomon Islands",2014,0.6,"Utilized",NA
"Eastern Mediterranean","Somalia",2000,10.1,"Actual",NA
"Eastern Mediterranean","Somalia",2000,10.1,"Utilized",NA
"Eastern Mediterranean","Somalia",2001,9.2,"Actual",NA
"Eastern Mediterranean","Somalia",2001,9.2,"Utilized",NA
"Eastern Mediterranean","Somalia",2002,9.6,"Actual",NA
"Eastern Mediterranean","Somalia",2002,9.6,"Utilized",NA
"Eastern Mediterranean","Somalia",2003,9.9,"Actual",NA
"Eastern Mediterranean","Somalia",2003,9.9,"Utilized",NA
"Eastern Mediterranean","Somalia",2004,10.3,"Actual",NA
"Eastern Mediterranean","Somalia",2004,10.3,"Utilized",NA
"Eastern Mediterranean","Somalia",2005,8.2,"Actual",NA
"Eastern Mediterranean","Somalia",2005,8.2,"Utilized",NA
"Eastern Mediterranean","Somalia",2006,8.5,"Actual",NA
"Eastern Mediterranean","Somalia",2006,8.5,"Utilized",NA
"Eastern Mediterranean","Somalia",2007,8.8,"Actual",NA
"Eastern Mediterranean","Somalia",2007,8.8,"Utilized",NA
"Eastern Mediterranean","Somalia",2008,9,"Actual",NA
"Eastern Mediterranean","Somalia",2008,9,"Utilized",NA
"Eastern Mediterranean","Somalia",2009,9.1,"Actual",NA
"Eastern Mediterranean","Somalia",2009,9.1,"Utilized",NA
"Eastern Mediterranean","Somalia",2010,9.4,"Actual",NA
"Eastern Mediterranean","Somalia",2010,9.4,"Utilized",NA
"Eastern Mediterranean","Somalia",2011,9.6,"Actual",NA
"Eastern Mediterranean","Somalia",2011,9.6,"Utilized",NA
"Eastern Mediterranean","Somalia",2012,9.8,"Actual",NA
"Eastern Mediterranean","Somalia",2012,9.8,"Utilized",NA
"Eastern Mediterranean","Somalia",2013,10.5,"Actual",NA
"Eastern Mediterranean","Somalia",2013,10.5,"Utilized",NA
"Eastern Mediterranean","Somalia",2014,10.8,"Actual",NA
"Eastern Mediterranean","Somalia",2014,10.8,"Utilized",NA
"Eastern Mediterranean","South Sudan",2000,10.7,"Actual",NA
"Eastern Mediterranean","South Sudan",2000,10.7,"Utilized",NA
"Eastern Mediterranean","South Sudan",2001,10.7,"Actual",NA
"Eastern Mediterranean","South Sudan",2001,10.7,"Utilized",NA
"Eastern Mediterranean","South Sudan",2002,10.7,"Actual",NA
"Eastern Mediterranean","South Sudan",2002,10.7,"Utilized",NA
"Eastern Mediterranean","South Sudan",2003,10.7,"Actual",NA
"Eastern Mediterranean","South Sudan",2003,10.7,"Utilized",NA
"Eastern Mediterranean","South Sudan",2004,10.7,"Actual",NA
"Eastern Mediterranean","South Sudan",2004,10.7,"Utilized",NA
"Eastern Mediterranean","South Sudan",2005,10.7,"Actual",NA
"Eastern Mediterranean","South Sudan",2005,10.7,"Utilized",NA
"Eastern Mediterranean","South Sudan",2006,10.7,"Actual",NA
"Eastern Mediterranean","South Sudan",2006,10.7,"Utilized",NA
"Eastern Mediterranean","South Sudan",2007,10.7,"Actual",NA
"Eastern Mediterranean","South Sudan",2007,10.7,"Utilized",NA
"Eastern Mediterranean","South Sudan",2008,10.7,"Actual",NA
"Eastern Mediterranean","South Sudan",2008,10.7,"Utilized",NA
"Eastern Mediterranean","South Sudan",2009,10.7,"Actual",NA
"Eastern Mediterranean","South Sudan",2009,10.7,"Utilized",NA
"Eastern Mediterranean","South Sudan",2010,10.7,"Actual",NA
"Eastern Mediterranean","South Sudan",2010,10.7,"Utilized",NA
"Eastern Mediterranean","South Sudan",2011,10.7,"Actual",NA
"Eastern Mediterranean","South Sudan",2011,10.7,"Utilized",NA
"Eastern Mediterranean","South Sudan",2012,10.7,"Actual",NA
"Eastern Mediterranean","South Sudan",2012,10.7,"Utilized",NA
"Eastern Mediterranean","South Sudan",2013,11.3,"Actual",NA
"Eastern Mediterranean","South Sudan",2013,11.3,"Utilized",NA
"Eastern Mediterranean","South Sudan",2014,11.7,"Actual",NA
"Eastern Mediterranean","South Sudan",2014,11.7,"Utilized",NA
"Africa","South Africa",2000,40.4,"Actual",NA
"Africa","South Africa",2000,40.4,"Utilized",NA
"Africa","South Africa",2001,43.8,"Actual",NA
"Africa","South Africa",2001,43.8,"Utilized",NA
"Africa","South Africa",2002,44.2,"Actual",NA
"Africa","South Africa",2002,44.2,"Utilized",NA
"Africa","South Africa",2003,45,"Actual",NA
"Africa","South Africa",2003,45,"Utilized",NA
"Africa","South Africa",2004,45.2,"Actual",NA
"Africa","South Africa",2004,45.2,"Utilized",NA
"Africa","South Africa",2005,47.4,"Actual",74
"Africa","South Africa",2005,47.4,"Utilized",NA
"Africa","South Africa",2006,47.6,"Actual",66
"Africa","South Africa",2006,47.6,"Utilized",NA
"Africa","South Africa",2007,47.7,"Actual",62
"Africa","South Africa",2007,47.7,"Utilized",NA
"Africa","South Africa",2008,48.8,"Actual",80
"Africa","South Africa",2008,48.8,"Utilized",NA
"Africa","South Africa",2009,50.1,"Actual",140
"Africa","South Africa",2009,50.1,"Utilized",NA
"Africa","South Africa",2010,50.5,"Actual",98
"Africa","South Africa",2010,50.5,"Utilized",NA
"Africa","South Africa",2011,50.5,"Actual",77
"Africa","South Africa",2011,50.5,"Utilized",77
"Africa","South Africa",2012,50.7,"Actual",104
"Africa","South Africa",2012,50.7,"Utilized",104
"Africa","South Africa",2013,52.8,"Actual",70
"Africa","South Africa",2013,52.8,"Utilized",70
"Africa","South Africa",2014,53.1,"Actual",76
"Africa","South Africa",2014,53.1,"Utilized",76
"Europe","Spain",2000,39.6,"Actual",1345
"Europe","Spain",2000,39.6,"Utilized",NA
"Europe","Spain",2001,39.9,"Actual",1335
"Europe","Spain",2001,39.9,"Utilized",NA
"Europe","Spain",2002,39.9,"Actual",1409
"Europe","Spain",2002,39.9,"Utilized",NA
"Europe","Spain",2003,41.1,"Actual",1443
"Europe","Spain",2003,41.1,"Utilized",NA
"Europe","Spain",2004,41.1,"Actual",1495
"Europe","Spain",2004,41.1,"Utilized",NA
"Europe","Spain",2005,43.1,"Actual",1546
"Europe","Spain",2005,43.1,"Utilized",NA
"Europe","Spain",2006,43.4,"Actual",1509
"Europe","Spain",2006,43.4,"Utilized",NA
"Europe","Spain",2007,43.6,"Actual",1550
"Europe","Spain",2007,43.6,"Utilized",NA
"Europe","Spain",2008,44.6,"Actual",1577
"Europe","Spain",2008,44.6,"Utilized",NA
"Europe","Spain",2009,44.9,"Actual",1606
"Europe","Spain",2009,44.9,"Utilized",1400
"Europe","Spain",2010,45.3,"Actual",1502
"Europe","Spain",2010,45.3,"Utilized",NA
"Europe","Spain",2011,46.5,"Actual",1667
"Europe","Spain",2011,46.5,"Utilized",NA
"Europe","Spain",2012,46.8,"Actual",1643
"Europe","Spain",2012,46.8,"Utilized",NA
"Europe","Spain",2013,46.9,"Actual",1655
"Europe","Spain",2013,46.9,"Utilized",1455
"Europe","Spain",2014,47.1,"Actual",1682
"Europe","Spain",2014,47.1,"Utilized",1442
"South-East Asia","Sri Lanka",2000,18.8,"Actual",NA
"South-East Asia","Sri Lanka",2000,18.8,"Utilized",NA
"South-East Asia","Sri Lanka",2001,19.1,"Actual",NA
"South-East Asia","Sri Lanka",2001,19.1,"Utilized",NA
"South-East Asia","Sri Lanka",2002,19.3,"Actual",NA
"South-East Asia","Sri Lanka",2002,19.3,"Utilized",NA
"South-East Asia","Sri Lanka",2003,19.1,"Actual",NA
"South-East Asia","Sri Lanka",2003,19.1,"Utilized",NA
"South-East Asia","Sri Lanka",2004,19.2,"Actual",NA
"South-East Asia","Sri Lanka",2004,19.2,"Utilized",NA
"South-East Asia","Sri Lanka",2005,20.7,"Actual",NA
"South-East Asia","Sri Lanka",2005,20.7,"Utilized",NA
"South-East Asia","Sri Lanka",2006,20.9,"Actual",NA
"South-East Asia","Sri Lanka",2006,20.9,"Utilized",NA
"South-East Asia","Sri Lanka",2007,21.1,"Actual",NA
"South-East Asia","Sri Lanka",2007,21.1,"Utilized",NA
"South-East Asia","Sri Lanka",2008,19.4,"Actual",NA
"South-East Asia","Sri Lanka",2008,19.4,"Utilized",NA
"South-East Asia","Sri Lanka",2009,20.2,"Actual",NA
"South-East Asia","Sri Lanka",2009,20.2,"Utilized",NA
"South-East Asia","Sri Lanka",2010,20.4,"Actual",NA
"South-East Asia","Sri Lanka",2010,20.4,"Utilized",NA
"South-East Asia","Sri Lanka",2011,21,"Actual",NA
"South-East Asia","Sri Lanka",2011,21,"Utilized",NA
"South-East Asia","Sri Lanka",2012,21.2,"Actual",NA
"South-East Asia","Sri Lanka",2012,21.2,"Utilized",NA
"South-East Asia","Sri Lanka",2013,21.3,"Actual",NA
"South-East Asia","Sri Lanka",2013,21.3,"Utilized",NA
"South-East Asia","Sri Lanka",2014,21.4,"Actual",NA
"South-East Asia","Sri Lanka",2014,21.4,"Utilized",NA
"Eastern Mediterranean","Sudan",2000,29.5,"Actual",NA
"Eastern Mediterranean","Sudan",2000,29.5,"Utilized",NA
"Eastern Mediterranean","Sudan",2001,31.8,"Actual",NA
"Eastern Mediterranean","Sudan",2001,31.8,"Utilized",NA
"Eastern Mediterranean","Sudan",2002,32.6,"Actual",NA
"Eastern Mediterranean","Sudan",2002,32.6,"Utilized",NA
"Eastern Mediterranean","Sudan",2003,33.6,"Actual",NA
"Eastern Mediterranean","Sudan",2003,33.6,"Utilized",NA
"Eastern Mediterranean","Sudan",2004,34.3,"Actual",NA
"Eastern Mediterranean","Sudan",2004,34.3,"Utilized",NA
"Eastern Mediterranean","Sudan",2005,36.2,"Actual",NA
"Eastern Mediterranean","Sudan",2005,36.2,"Utilized",NA
"Eastern Mediterranean","Sudan",2006,37,"Actual",0
"Eastern Mediterranean","Sudan",2006,37,"Utilized",NA
"Eastern Mediterranean","Sudan",2007,37.8,"Actual",0
"Eastern Mediterranean","Sudan",2007,37.8,"Utilized",NA
"Eastern Mediterranean","Sudan",2008,39.4,"Actual",NA
"Eastern Mediterranean","Sudan",2008,39.4,"Utilized",NA
"Eastern Mediterranean","Sudan",2009,42.3,"Actual",0
"Eastern Mediterranean","Sudan",2009,42.3,"Utilized",NA
"Eastern Mediterranean","Sudan",2010,43.2,"Actual",0
"Eastern Mediterranean","Sudan",2010,43.2,"Utilized",NA
"Eastern Mediterranean","Sudan",2011,44.6,"Actual",0
"Eastern Mediterranean","Sudan",2011,44.6,"Utilized",0
"Eastern Mediterranean","Sudan",2012,35,"Actual",0
"Eastern Mediterranean","Sudan",2012,35,"Utilized",0
"Eastern Mediterranean","Sudan",2013,38,"Actual",0
"Eastern Mediterranean","Sudan",2013,38,"Utilized",0
"Eastern Mediterranean","Sudan",2014,38.8,"Actual",0
"Eastern Mediterranean","Sudan",2014,38.8,"Utilized",0
"America","Suriname",2000,0.4,"Actual",NA
"America","Suriname",2000,0.4,"Utilized",NA
"America","Suriname",2001,0.4,"Actual",NA
"America","Suriname",2001,0.4,"Utilized",NA
"America","Suriname",2002,0.4,"Actual",NA
"America","Suriname",2002,0.4,"Utilized",NA
"America","Suriname",2003,0.4,"Actual",NA
"America","Suriname",2003,0.4,"Utilized",NA
"America","Suriname",2004,0.4,"Actual",NA
"America","Suriname",2004,0.4,"Utilized",NA
"America","Suriname",2005,0.4,"Actual",NA
"America","Suriname",2005,0.4,"Utilized",NA
"America","Suriname",2006,0.4,"Actual",NA
"America","Suriname",2006,0.4,"Utilized",NA
"America","Suriname",2007,0.4,"Actual",NA
"America","Suriname",2007,0.4,"Utilized",NA
"America","Suriname",2008,0.5,"Actual",NA
"America","Suriname",2008,0.5,"Utilized",NA
"America","Suriname",2009,0.5,"Actual",NA
"America","Suriname",2009,0.5,"Utilized",NA
"America","Suriname",2010,0.5,"Actual",NA
"America","Suriname",2010,0.5,"Utilized",NA
"America","Suriname",2011,0.5,"Actual",NA
"America","Suriname",2011,0.5,"Utilized",NA
"America","Suriname",2012,0.5,"Actual",NA
"America","Suriname",2012,0.5,"Utilized",NA
"America","Suriname",2013,0.5,"Actual",NA
"America","Suriname",2013,0.5,"Utilized",NA
"America","Suriname",2014,0.5,"Actual",NA
"America","Suriname",2014,0.5,"Utilized",NA
"Africa","Eswatini",2000,1,"Actual",NA
"Africa","Eswatini",2000,1,"Utilized",NA
"Africa","Eswatini",2001,0.9,"Actual",NA
"Africa","Eswatini",2001,0.9,"Utilized",NA
"Africa","Eswatini",2002,0.9,"Actual",NA
"Africa","Eswatini",2002,0.9,"Utilized",NA
"Africa","Eswatini",2003,1.1,"Actual",NA
"Africa","Eswatini",2003,1.1,"Utilized",NA
"Africa","Eswatini",2004,1.1,"Actual",NA
"Africa","Eswatini",2004,1.1,"Utilized",NA
"Africa","Eswatini",2005,1,"Actual",NA
"Africa","Eswatini",2005,1,"Utilized",NA
"Africa","Eswatini",2006,1,"Actual",NA
"Africa","Eswatini",2006,1,"Utilized",NA
"Africa","Eswatini",2007,1,"Actual",NA
"Africa","Eswatini",2007,1,"Utilized",NA
"Africa","Eswatini",2008,1.1,"Actual",NA
"Africa","Eswatini",2008,1.1,"Utilized",NA
"Africa","Eswatini",2009,1.2,"Actual",NA
"Africa","Eswatini",2009,1.2,"Utilized",NA
"Africa","Eswatini",2010,1.2,"Actual",NA
"Africa","Eswatini",2010,1.2,"Utilized",NA
"Africa","Eswatini",2011,1.2,"Actual",NA
"Africa","Eswatini",2011,1.2,"Utilized",NA
"Africa","Eswatini",2012,1.2,"Actual",NA
"Africa","Eswatini",2012,1.2,"Utilized",NA
"Africa","Eswatini",2013,1.2,"Actual",NA
"Africa","Eswatini",2013,1.2,"Utilized",NA
"Africa","Eswatini",2014,1.3,"Actual",NA
"Africa","Eswatini",2014,1.3,"Utilized",NA
"Europe","Sweden",2000,8.9,"Actual",97
"Europe","Sweden",2000,8.9,"Utilized",NA
"Europe","Sweden",2001,8.8,"Actual",108
"Europe","Sweden",2001,8.8,"Utilized",NA
"Europe","Sweden",2002,8.8,"Actual",98
"Europe","Sweden",2002,8.8,"Utilized",NA
"Europe","Sweden",2003,8.9,"Actual",114
"Europe","Sweden",2003,8.9,"Utilized",NA
"Europe","Sweden",2004,8.9,"Actual",123
"Europe","Sweden",2004,8.9,"Utilized",NA
"Europe","Sweden",2005,9,"Actual",128
"Europe","Sweden",2005,9,"Utilized",NA
"Europe","Sweden",2006,9.1,"Actual",137
"Europe","Sweden",2006,9.1,"Utilized",NA
"Europe","Sweden",2007,9.1,"Actual",133
"Europe","Sweden",2007,9.1,"Utilized",NA
"Europe","Sweden",2008,9.2,"Actual",152
"Europe","Sweden",2008,9.2,"Utilized",NA
"Europe","Sweden",2009,9.2,"Actual",128
"Europe","Sweden",2009,9.2,"Utilized",128
"Europe","Sweden",2010,9.3,"Actual",118
"Europe","Sweden",2010,9.3,"Utilized",NA
"Europe","Sweden",2011,9.4,"Actual",146
"Europe","Sweden",2011,9.4,"Utilized",NA
"Europe","Sweden",2012,9.5,"Actual",143
"Europe","Sweden",2012,9.5,"Utilized",NA
"Europe","Sweden",2013,9.6,"Actual",152
"Europe","Sweden",2013,9.6,"Utilized",NA
"Europe","Sweden",2014,9.6,"Actual",166
"Europe","Sweden",2014,9.6,"Utilized",166
"Europe","Switzerland",2000,7.4,"Actual",98
"Europe","Switzerland",2000,7.4,"Utilized",NA
"Europe","Switzerland",2001,7.2,"Actual",95
"Europe","Switzerland",2001,7.2,"Utilized",NA
"Europe","Switzerland",2002,7.2,"Actual",75
"Europe","Switzerland",2002,7.2,"Utilized",NA
"Europe","Switzerland",2003,7.2,"Actual",95
"Europe","Switzerland",2003,7.2,"Utilized",NA
"Europe","Switzerland",2004,7.2,"Actual",91
"Europe","Switzerland",2004,7.2,"Utilized",NA
"Europe","Switzerland",2005,7.3,"Actual",92
"Europe","Switzerland",2005,7.3,"Utilized",NA
"Europe","Switzerland",2006,7.3,"Actual",80
"Europe","Switzerland",2006,7.3,"Utilized",NA
"Europe","Switzerland",2007,7.3,"Actual",81
"Europe","Switzerland",2007,7.3,"Utilized",NA
"Europe","Switzerland",2008,7.5,"Actual",90
"Europe","Switzerland",2008,7.5,"Utilized",NA
"Europe","Switzerland",2009,7.6,"Actual",103
"Europe","Switzerland",2009,7.6,"Utilized",NA
"Europe","Switzerland",2010,7.6,"Actual",98
"Europe","Switzerland",2010,7.6,"Utilized",NA
"Europe","Switzerland",2011,7.7,"Actual",100
"Europe","Switzerland",2011,7.7,"Utilized",NA
"Europe","Switzerland",2012,7.7,"Actual",96
"Europe","Switzerland",2012,7.7,"Utilized",NA
"Europe","Switzerland",2013,8.1,"Actual",110
"Europe","Switzerland",2013,8.1,"Utilized",103
"Europe","Switzerland",2014,8.2,"Actual",117
"Europe","Switzerland",2014,8.2,"Utilized",113
"Eastern Mediterranean","Syrian Arab Republic",2000,16.1,"Actual",NA
"Eastern Mediterranean","Syrian Arab Republic",2000,16.1,"Utilized",NA
"Eastern Mediterranean","Syrian Arab Republic",2001,16.6,"Actual",NA
"Eastern Mediterranean","Syrian Arab Republic",2001,16.6,"Utilized",NA
"Eastern Mediterranean","Syrian Arab Republic",2002,17,"Actual",NA
"Eastern Mediterranean","Syrian Arab Republic",2002,17,"Utilized",NA
"Eastern Mediterranean","Syrian Arab Republic",2003,17.8,"Actual",NA
"Eastern Mediterranean","Syrian Arab Republic",2003,17.8,"Utilized",NA
"Eastern Mediterranean","Syrian Arab Republic",2004,18.2,"Actual",NA
"Eastern Mediterranean","Syrian Arab Republic",2004,18.2,"Utilized",NA
"Eastern Mediterranean","Syrian Arab Republic",2005,19,"Actual",0
"Eastern Mediterranean","Syrian Arab Republic",2005,19,"Utilized",NA
"Eastern Mediterranean","Syrian Arab Republic",2006,19.5,"Actual",NA
"Eastern Mediterranean","Syrian Arab Republic",2006,19.5,"Utilized",NA
"Eastern Mediterranean","Syrian Arab Republic",2007,20,"Actual",0
"Eastern Mediterranean","Syrian Arab Republic",2007,20,"Utilized",NA
"Eastern Mediterranean","Syrian Arab Republic",2008,20.4,"Actual",NA
"Eastern Mediterranean","Syrian Arab Republic",2008,20.4,"Utilized",NA
"Eastern Mediterranean","Syrian Arab Republic",2009,21.9,"Actual",0
"Eastern Mediterranean","Syrian Arab Republic",2009,21.9,"Utilized",NA
"Eastern Mediterranean","Syrian Arab Republic",2010,22.5,"Actual",0
"Eastern Mediterranean","Syrian Arab Republic",2010,22.5,"Utilized",NA
"Eastern Mediterranean","Syrian Arab Republic",2011,20.8,"Actual",0
"Eastern Mediterranean","Syrian Arab Republic",2011,20.8,"Utilized",0
"Eastern Mediterranean","Syrian Arab Republic",2012,21.1,"Actual",0
"Eastern Mediterranean","Syrian Arab Republic",2012,21.1,"Utilized",0
"Eastern Mediterranean","Syrian Arab Republic",2013,21.9,"Actual",0
"Eastern Mediterranean","Syrian Arab Republic",2013,21.9,"Utilized",0
"Eastern Mediterranean","Syrian Arab Republic",2014,22,"Actual",0
"Eastern Mediterranean","Syrian Arab Republic",2014,22,"Utilized",0
"Europe","Tajikistan",2000,6.2,"Actual",NA
"Europe","Tajikistan",2000,6.2,"Utilized",NA
"Europe","Tajikistan",2001,6.1,"Actual",NA
"Europe","Tajikistan",2001,6.1,"Utilized",NA
"Europe","Tajikistan",2002,6.2,"Actual",NA
"Europe","Tajikistan",2002,6.2,"Utilized",NA
"Europe","Tajikistan",2003,6.2,"Actual",NA
"Europe","Tajikistan",2003,6.2,"Utilized",NA
"Europe","Tajikistan",2004,6.3,"Actual",NA
"Europe","Tajikistan",2004,6.3,"Utilized",NA
"Europe","Tajikistan",2005,6.5,"Actual",NA
"Europe","Tajikistan",2005,6.5,"Utilized",NA
"Europe","Tajikistan",2006,6.6,"Actual",NA
"Europe","Tajikistan",2006,6.6,"Utilized",NA
"Europe","Tajikistan",2007,6.7,"Actual",NA
"Europe","Tajikistan",2007,6.7,"Utilized",NA
"Europe","Tajikistan",2008,6.8,"Actual",NA
"Europe","Tajikistan",2008,6.8,"Utilized",NA
"Europe","Tajikistan",2009,7,"Actual",NA
"Europe","Tajikistan",2009,7,"Utilized",NA
"Europe","Tajikistan",2010,7.1,"Actual",0
"Europe","Tajikistan",2010,7.1,"Utilized",NA
"Europe","Tajikistan",2011,7,"Actual",0
"Europe","Tajikistan",2011,7,"Utilized",0
"Europe","Tajikistan",2012,7.1,"Actual",0
"Europe","Tajikistan",2012,7.1,"Utilized",0
"Europe","Tajikistan",2013,8.2,"Actual",0
"Europe","Tajikistan",2013,8.2,"Utilized",0
"Europe","Tajikistan",2014,8.4,"Actual",0
"Europe","Tajikistan",2014,8.4,"Utilized",0
"South-East Asia","Thailand",2000,61.4,"Actual",NA
"South-East Asia","Thailand",2000,61.4,"Utilized",NA
"South-East Asia","Thailand",2001,63.6,"Actual",NA
"South-East Asia","Thailand",2001,63.6,"Utilized",NA
"South-East Asia","Thailand",2002,64.3,"Actual",NA
"South-East Asia","Thailand",2002,64.3,"Utilized",NA
"South-East Asia","Thailand",2003,62.8,"Actual",NA
"South-East Asia","Thailand",2003,62.8,"Utilized",NA
"South-East Asia","Thailand",2004,63.5,"Actual",NA
"South-East Asia","Thailand",2004,63.5,"Utilized",NA
"South-East Asia","Thailand",2005,64.2,"Actual",45
"South-East Asia","Thailand",2005,64.2,"Utilized",NA
"South-East Asia","Thailand",2006,64.8,"Actual",63
"South-East Asia","Thailand",2006,64.8,"Utilized",NA
"South-East Asia","Thailand",2007,65.3,"Actual",93
"South-East Asia","Thailand",2007,65.3,"Utilized",NA
"South-East Asia","Thailand",2008,64.3,"Actual",81
"South-East Asia","Thailand",2008,64.3,"Utilized",NA
"South-East Asia","Thailand",2009,67.8,"Actual",87
"South-East Asia","Thailand",2009,67.8,"Utilized",NA
"South-East Asia","Thailand",2010,68.1,"Actual",87
"South-East Asia","Thailand",2010,68.1,"Utilized",NA
"South-East Asia","Thailand",2011,69.5,"Actual",113
"South-East Asia","Thailand",2011,69.5,"Utilized",109
"South-East Asia","Thailand",2012,69.9,"Actual",136
"South-East Asia","Thailand",2012,69.9,"Utilized",131
"South-East Asia","Thailand",2013,67,"Actual",158
"South-East Asia","Thailand",2013,67,"Utilized",155
"South-East Asia","Thailand",2014,67.2,"Actual",188
"South-East Asia","Thailand",2014,67.2,"Utilized",181
"Europe","Republic of North Macedonia",2000,2,"Actual",NA
"Europe","Republic of North Macedonia",2000,2,"Utilized",NA
"Europe","Republic of North Macedonia",2001,2,"Actual",NA
"Europe","Republic of North Macedonia",2001,2,"Utilized",NA
"Europe","Republic of North Macedonia",2002,2.1,"Actual",NA
"Europe","Republic of North Macedonia",2002,2.1,"Utilized",NA
"Europe","Republic of North Macedonia",2003,2.1,"Actual",NA
"Europe","Republic of North Macedonia",2003,2.1,"Utilized",NA
"Europe","Republic of North Macedonia",2004,2.1,"Actual",NA
"Europe","Republic of North Macedonia",2004,2.1,"Utilized",NA
"Europe","Republic of North Macedonia",2005,2,"Actual",NA
"Europe","Republic of North Macedonia",2005,2,"Utilized",NA
"Europe","Republic of North Macedonia",2006,2,"Actual",NA
"Europe","Republic of North Macedonia",2006,2,"Utilized",NA
"Europe","Republic of North Macedonia",2007,2,"Actual",NA
"Europe","Republic of North Macedonia",2007,2,"Utilized",NA
"Europe","Republic of North Macedonia",2008,2,"Actual",NA
"Europe","Republic of North Macedonia",2008,2,"Utilized",NA
"Europe","Republic of North Macedonia",2009,2,"Actual",NA
"Europe","Republic of North Macedonia",2009,2,"Utilized",NA
"Europe","Republic of North Macedonia",2010,2,"Actual",0
"Europe","Republic of North Macedonia",2010,2,"Utilized",NA
"Europe","Republic of North Macedonia",2011,2.1,"Actual",0
"Europe","Republic of North Macedonia",2011,2.1,"Utilized",0
"Europe","Republic of North Macedonia",2012,2.1,"Actual",0
"Europe","Republic of North Macedonia",2012,2.1,"Utilized",NA
"Europe","Republic of North Macedonia",2013,2.1,"Actual",0
"Europe","Republic of North Macedonia",2013,2.1,"Utilized",0
"Europe","Republic of North Macedonia",2014,2.1,"Actual",10
"Europe","Republic of North Macedonia",2014,2.1,"Utilized",6
"South-East Asia","Timor-Leste",2000,0.8,"Actual",NA
"South-East Asia","Timor-Leste",2000,0.8,"Utilized",NA
"South-East Asia","Timor-Leste",2001,0.8,"Actual",NA
"South-East Asia","Timor-Leste",2001,0.8,"Utilized",NA
"South-East Asia","Timor-Leste",2002,0.8,"Actual",NA
"South-East Asia","Timor-Leste",2002,0.8,"Utilized",NA
"South-East Asia","Timor-Leste",2003,0.8,"Actual",NA
"South-East Asia","Timor-Leste",2003,0.8,"Utilized",NA
"South-East Asia","Timor-Leste",2004,0.8,"Actual",NA
"South-East Asia","Timor-Leste",2004,0.8,"Utilized",NA
"South-East Asia","Timor-Leste",2005,0.9,"Actual",NA
"South-East Asia","Timor-Leste",2005,0.9,"Utilized",NA
"South-East Asia","Timor-Leste",2006,1,"Actual",NA
"South-East Asia","Timor-Leste",2006,1,"Utilized",NA
"South-East Asia","Timor-Leste",2007,1.1,"Actual",NA
"South-East Asia","Timor-Leste",2007,1.1,"Utilized",NA
"South-East Asia","Timor-Leste",2008,1.2,"Actual",NA
"South-East Asia","Timor-Leste",2008,1.2,"Utilized",NA
"South-East Asia","Timor-Leste",2009,1.1,"Actual",NA
"South-East Asia","Timor-Leste",2009,1.1,"Utilized",NA
"South-East Asia","Timor-Leste",2010,1.2,"Actual",NA
"South-East Asia","Timor-Leste",2010,1.2,"Utilized",NA
"South-East Asia","Timor-Leste",2011,1.2,"Actual",NA
"South-East Asia","Timor-Leste",2011,1.2,"Utilized",NA
"South-East Asia","Timor-Leste",2012,1.2,"Actual",NA
"South-East Asia","Timor-Leste",2012,1.2,"Utilized",NA
"South-East Asia","Timor-Leste",2013,1.1,"Actual",NA
"South-East Asia","Timor-Leste",2013,1.1,"Utilized",NA
"South-East Asia","Timor-Leste",2014,1.2,"Actual",NA
"South-East Asia","Timor-Leste",2014,1.2,"Utilized",NA
"Africa","Togo",2000,4.6,"Actual",NA
"Africa","Togo",2000,4.6,"Utilized",NA
"Africa","Togo",2001,4.7,"Actual",NA
"Africa","Togo",2001,4.7,"Utilized",NA
"Africa","Togo",2002,4.8,"Actual",NA
"Africa","Togo",2002,4.8,"Utilized",NA
"Africa","Togo",2003,4.9,"Actual",NA
"Africa","Togo",2003,4.9,"Utilized",NA
"Africa","Togo",2004,5,"Actual",NA
"Africa","Togo",2004,5,"Utilized",NA
"Africa","Togo",2005,6.1,"Actual",NA
"Africa","Togo",2005,6.1,"Utilized",NA
"Africa","Togo",2006,6.3,"Actual",NA
"Africa","Togo",2006,6.3,"Utilized",NA
"Africa","Togo",2007,6.5,"Actual",NA
"Africa","Togo",2007,6.5,"Utilized",NA
"Africa","Togo",2008,6.8,"Actual",NA
"Africa","Togo",2008,6.8,"Utilized",NA
"Africa","Togo",2009,6.6,"Actual",NA
"Africa","Togo",2009,6.6,"Utilized",NA
"Africa","Togo",2010,6.8,"Actual",NA
"Africa","Togo",2010,6.8,"Utilized",NA
"Africa","Togo",2011,6.2,"Actual",NA
"Africa","Togo",2011,6.2,"Utilized",NA
"Africa","Togo",2012,6.3,"Actual",NA
"Africa","Togo",2012,6.3,"Utilized",NA
"Africa","Togo",2013,6.8,"Actual",NA
"Africa","Togo",2013,6.8,"Utilized",NA
"Africa","Togo",2014,7,"Actual",NA
"Africa","Togo",2014,7,"Utilized",NA
"Western Pacific","Tonga",2000,0.1,"Actual",NA
"Western Pacific","Tonga",2000,0.1,"Utilized",NA
"Western Pacific","Tonga",2001,0.1,"Actual",NA
"Western Pacific","Tonga",2001,0.1,"Utilized",NA
"Western Pacific","Tonga",2002,0.1,"Actual",NA
"Western Pacific","Tonga",2002,0.1,"Utilized",NA
"Western Pacific","Tonga",2003,0.1,"Actual",NA
"Western Pacific","Tonga",2003,0.1,"Utilized",NA
"Western Pacific","Tonga",2004,0.1,"Actual",NA
"Western Pacific","Tonga",2004,0.1,"Utilized",NA
"Western Pacific","Tonga",2005,0.1,"Actual",NA
"Western Pacific","Tonga",2005,0.1,"Utilized",NA
"Western Pacific","Tonga",2006,0.1,"Actual",NA
"Western Pacific","Tonga",2006,0.1,"Utilized",NA
"Western Pacific","Tonga",2007,0.1,"Actual",NA
"Western Pacific","Tonga",2007,0.1,"Utilized",NA
"Western Pacific","Tonga",2008,0.1,"Actual",NA
"Western Pacific","Tonga",2008,0.1,"Utilized",NA
"Western Pacific","Tonga",2009,0.1,"Actual",NA
"Western Pacific","Tonga",2009,0.1,"Utilized",NA
"Western Pacific","Tonga",2010,0.1,"Actual",NA
"Western Pacific","Tonga",2010,0.1,"Utilized",NA
"Western Pacific","Tonga",2011,0.1,"Actual",NA
"Western Pacific","Tonga",2011,0.1,"Utilized",NA
"Western Pacific","Tonga",2012,0.1,"Actual",NA
"Western Pacific","Tonga",2012,0.1,"Utilized",NA
"Western Pacific","Tonga",2013,0.1,"Actual",NA
"Western Pacific","Tonga",2013,0.1,"Utilized",NA
"Western Pacific","Tonga",2014,0.1,"Actual",NA
"Western Pacific","Tonga",2014,0.1,"Utilized",NA
"America","Trinidad and Tobago",2000,1.3,"Actual",NA
"America","Trinidad and Tobago",2000,1.3,"Utilized",NA
"America","Trinidad and Tobago",2001,1.3,"Actual",NA
"America","Trinidad and Tobago",2001,1.3,"Utilized",NA
"America","Trinidad and Tobago",2002,1.3,"Actual",NA
"America","Trinidad and Tobago",2002,1.3,"Utilized",NA
"America","Trinidad and Tobago",2003,1.3,"Actual",NA
"America","Trinidad and Tobago",2003,1.3,"Utilized",NA
"America","Trinidad and Tobago",2004,1.3,"Actual",NA
"America","Trinidad and Tobago",2004,1.3,"Utilized",NA
"America","Trinidad and Tobago",2005,1.3,"Actual",NA
"America","Trinidad and Tobago",2005,1.3,"Utilized",NA
"America","Trinidad and Tobago",2006,1.3,"Actual",NA
"America","Trinidad and Tobago",2006,1.3,"Utilized",NA
"America","Trinidad and Tobago",2007,1.3,"Actual",NA
"America","Trinidad and Tobago",2007,1.3,"Utilized",NA
"America","Trinidad and Tobago",2008,1.3,"Actual",NA
"America","Trinidad and Tobago",2008,1.3,"Utilized",NA
"America","Trinidad and Tobago",2009,1.3,"Actual",NA
"America","Trinidad and Tobago",2009,1.3,"Utilized",NA
"America","Trinidad and Tobago",2010,1.3,"Actual",NA
"America","Trinidad and Tobago",2010,1.3,"Utilized",NA
"America","Trinidad and Tobago",2011,1.3,"Actual",NA
"America","Trinidad and Tobago",2011,1.3,"Utilized",NA
"America","Trinidad and Tobago",2012,1.4,"Actual",NA
"America","Trinidad and Tobago",2012,1.4,"Utilized",NA
"America","Trinidad and Tobago",2013,1.3,"Actual",NA
"America","Trinidad and Tobago",2013,1.3,"Utilized",NA
"America","Trinidad and Tobago",2014,1.3,"Actual",NA
"America","Trinidad and Tobago",2014,1.3,"Utilized",NA
"Eastern Mediterranean","Tunisia",2000,9.6,"Actual",NA
"Eastern Mediterranean","Tunisia",2000,9.6,"Utilized",NA
"Eastern Mediterranean","Tunisia",2001,9.6,"Actual",NA
"Eastern Mediterranean","Tunisia",2001,9.6,"Utilized",NA
"Eastern Mediterranean","Tunisia",2002,9.7,"Actual",NA
"Eastern Mediterranean","Tunisia",2002,9.7,"Utilized",NA
"Eastern Mediterranean","Tunisia",2003,9.8,"Actual",5
"Eastern Mediterranean","Tunisia",2003,9.8,"Utilized",NA
"Eastern Mediterranean","Tunisia",2004,9.9,"Actual",8
"Eastern Mediterranean","Tunisia",2004,9.9,"Utilized",NA
"Eastern Mediterranean","Tunisia",2005,10.1,"Actual",7
"Eastern Mediterranean","Tunisia",2005,10.1,"Utilized",NA
"Eastern Mediterranean","Tunisia",2006,10.2,"Actual",4
"Eastern Mediterranean","Tunisia",2006,10.2,"Utilized",NA
"Eastern Mediterranean","Tunisia",2007,10.3,"Actual",8
"Eastern Mediterranean","Tunisia",2007,10.3,"Utilized",NA
"Eastern Mediterranean","Tunisia",2008,10.4,"Actual",14
"Eastern Mediterranean","Tunisia",2008,10.4,"Utilized",NA
"Eastern Mediterranean","Tunisia",2009,10.3,"Actual",14
"Eastern Mediterranean","Tunisia",2009,10.3,"Utilized",NA
"Eastern Mediterranean","Tunisia",2010,10.4,"Actual",16
"Eastern Mediterranean","Tunisia",2010,10.4,"Utilized",NA
"Eastern Mediterranean","Tunisia",2011,10.6,"Actual",6
"Eastern Mediterranean","Tunisia",2011,10.6,"Utilized",6
"Eastern Mediterranean","Tunisia",2012,10.7,"Actual",1
"Eastern Mediterranean","Tunisia",2012,10.7,"Utilized",1
"Eastern Mediterranean","Tunisia",2013,11,"Actual",9
"Eastern Mediterranean","Tunisia",2013,11,"Utilized",9
"Eastern Mediterranean","Tunisia",2014,11.1,"Actual",9
"Eastern Mediterranean","Tunisia",2014,11.1,"Utilized",9
"Europe","Türkiye",2000,66.6,"Actual",NA
"Europe","Türkiye",2000,66.6,"Utilized",NA
"Europe","Türkiye",2001,67.6,"Actual",89
"Europe","Türkiye",2001,67.6,"Utilized",NA
"Europe","Türkiye",2002,68.6,"Actual",NA
"Europe","Türkiye",2002,68.6,"Utilized",NA
"Europe","Türkiye",2003,71.3,"Actual",105
"Europe","Türkiye",2003,71.3,"Utilized",NA
"Europe","Türkiye",2004,72.3,"Actual",136
"Europe","Türkiye",2004,72.3,"Utilized",NA
"Europe","Türkiye",2005,73.2,"Actual",153
"Europe","Türkiye",2005,73.2,"Utilized",NA
"Europe","Türkiye",2006,74.2,"Actual",143
"Europe","Türkiye",2006,74.2,"Utilized",NA
"Europe","Türkiye",2007,75.2,"Actual",223
"Europe","Türkiye",2007,75.2,"Utilized",NA
"Europe","Türkiye",2008,75.8,"Actual",262
"Europe","Türkiye",2008,75.8,"Utilized",NA
"Europe","Türkiye",2009,74.8,"Actual",262
"Europe","Türkiye",2009,74.8,"Utilized",NA
"Europe","Türkiye",2010,75.7,"Actual",272
"Europe","Türkiye",2010,75.7,"Utilized",NA
"Europe","Türkiye",2011,73.6,"Actual",311
"Europe","Türkiye",2011,73.6,"Utilized",NA
"Europe","Türkiye",2012,74.5,"Actual",345
"Europe","Türkiye",2012,74.5,"Utilized",NA
"Europe","Türkiye",2013,74.9,"Actual",381
"Europe","Türkiye",2013,74.9,"Utilized",379
"Europe","Türkiye",2014,75.8,"Actual",407
"Europe","Türkiye",2014,75.8,"Utilized",404
"Europe","Turkmenistan",2000,4.5,"Actual",NA
"Europe","Turkmenistan",2000,4.5,"Utilized",NA
"Europe","Turkmenistan",2001,4.6,"Actual",NA
"Europe","Turkmenistan",2001,4.6,"Utilized",NA
"Europe","Turkmenistan",2002,4.9,"Actual",NA
"Europe","Turkmenistan",2002,4.9,"Utilized",NA
"Europe","Turkmenistan",2003,4.9,"Actual",NA
"Europe","Turkmenistan",2003,4.9,"Utilized",NA
"Europe","Turkmenistan",2004,4.9,"Actual",NA
"Europe","Turkmenistan",2004,4.9,"Utilized",NA
"Europe","Turkmenistan",2005,4.8,"Actual",NA
"Europe","Turkmenistan",2005,4.8,"Utilized",NA
"Europe","Turkmenistan",2006,4.9,"Actual",NA
"Europe","Turkmenistan",2006,4.9,"Utilized",NA
"Europe","Turkmenistan",2007,5,"Actual",NA
"Europe","Turkmenistan",2007,5,"Utilized",NA
"Europe","Turkmenistan",2008,5,"Actual",NA
"Europe","Turkmenistan",2008,5,"Utilized",NA
"Europe","Turkmenistan",2009,5.1,"Actual",NA
"Europe","Turkmenistan",2009,5.1,"Utilized",NA
"Europe","Turkmenistan",2010,5.2,"Actual",NA
"Europe","Turkmenistan",2010,5.2,"Utilized",NA
"Europe","Turkmenistan",2011,5.1,"Actual",NA
"Europe","Turkmenistan",2011,5.1,"Utilized",NA
"Europe","Turkmenistan",2012,5.2,"Actual",NA
"Europe","Turkmenistan",2012,5.2,"Utilized",NA
"Europe","Turkmenistan",2013,5.2,"Actual",NA
"Europe","Turkmenistan",2013,5.2,"Utilized",NA
"Europe","Turkmenistan",2014,5.3,"Actual",NA
"Europe","Turkmenistan",2014,5.3,"Utilized",NA
"Western Pacific","Tuvalu",2000,0,"Actual",NA
"Western Pacific","Tuvalu",2000,0,"Utilized",NA
"Western Pacific","Tuvalu",2001,0,"Actual",NA
"Western Pacific","Tuvalu",2001,0,"Utilized",NA
"Western Pacific","Tuvalu",2002,0,"Actual",NA
"Western Pacific","Tuvalu",2002,0,"Utilized",NA
"Western Pacific","Tuvalu",2003,0,"Actual",NA
"Western Pacific","Tuvalu",2003,0,"Utilized",NA
"Western Pacific","Tuvalu",2004,0,"Actual",NA
"Western Pacific","Tuvalu",2004,0,"Utilized",NA
"Western Pacific","Tuvalu",2005,0,"Actual",NA
"Western Pacific","Tuvalu",2005,0,"Utilized",NA
"Western Pacific","Tuvalu",2006,0,"Actual",NA
"Western Pacific","Tuvalu",2006,0,"Utilized",NA
"Western Pacific","Tuvalu",2007,0,"Actual",NA
"Western Pacific","Tuvalu",2007,0,"Utilized",NA
"Western Pacific","Tuvalu",2008,0,"Actual",NA
"Western Pacific","Tuvalu",2008,0,"Utilized",NA
"Western Pacific","Tuvalu",2009,0,"Actual",NA
"Western Pacific","Tuvalu",2009,0,"Utilized",NA
"Western Pacific","Tuvalu",2010,0,"Actual",NA
"Western Pacific","Tuvalu",2010,0,"Utilized",NA
"Western Pacific","Tuvalu",2011,0,"Actual",NA
"Western Pacific","Tuvalu",2011,0,"Utilized",NA
"Western Pacific","Tuvalu",2012,0,"Actual",NA
"Western Pacific","Tuvalu",2012,0,"Utilized",NA
"Western Pacific","Tuvalu",2013,0,"Actual",NA
"Western Pacific","Tuvalu",2013,0,"Utilized",NA
"Western Pacific","Tuvalu",2014,0,"Actual",NA
"Western Pacific","Tuvalu",2014,0,"Utilized",NA
"Africa","Uganda",2000,21.8,"Actual",NA
"Africa","Uganda",2000,21.8,"Utilized",NA
"Africa","Uganda",2001,24,"Actual",NA
"Africa","Uganda",2001,24,"Utilized",NA
"Africa","Uganda",2002,24.8,"Actual",NA
"Africa","Uganda",2002,24.8,"Utilized",NA
"Africa","Uganda",2003,25.8,"Actual",NA
"Africa","Uganda",2003,25.8,"Utilized",NA
"Africa","Uganda",2004,26.7,"Actual",NA
"Africa","Uganda",2004,26.7,"Utilized",NA
"Africa","Uganda",2005,28.8,"Actual",NA
"Africa","Uganda",2005,28.8,"Utilized",NA
"Africa","Uganda",2006,29.9,"Actual",NA
"Africa","Uganda",2006,29.9,"Utilized",NA
"Africa","Uganda",2007,30.9,"Actual",NA
"Africa","Uganda",2007,30.9,"Utilized",NA
"Africa","Uganda",2008,31.9,"Actual",NA
"Africa","Uganda",2008,31.9,"Utilized",NA
"Africa","Uganda",2009,32.7,"Actual",NA
"Africa","Uganda",2009,32.7,"Utilized",NA
"Africa","Uganda",2010,33.8,"Actual",NA
"Africa","Uganda",2010,33.8,"Utilized",NA
"Africa","Uganda",2011,34.5,"Actual",NA
"Africa","Uganda",2011,34.5,"Utilized",NA
"Africa","Uganda",2012,35.6,"Actual",NA
"Africa","Uganda",2012,35.6,"Utilized",NA
"Africa","Uganda",2013,37.6,"Actual",NA
"Africa","Uganda",2013,37.6,"Utilized",NA
"Africa","Uganda",2014,38.8,"Actual",NA
"Africa","Uganda",2014,38.8,"Utilized",NA
"Europe","Ukraine",2000,50.5,"Actual",NA
"Europe","Ukraine",2000,50.5,"Utilized",NA
"Europe","Ukraine",2001,49.1,"Actual",NA
"Europe","Ukraine",2001,49.1,"Utilized",NA
"Europe","Ukraine",2002,48.7,"Actual",NA
"Europe","Ukraine",2002,48.7,"Utilized",NA
"Europe","Ukraine",2003,48.5,"Actual",NA
"Europe","Ukraine",2003,48.5,"Utilized",NA
"Europe","Ukraine",2004,48.2,"Actual",NA
"Europe","Ukraine",2004,48.2,"Utilized",NA
"Europe","Ukraine",2005,46.5,"Actual",NA
"Europe","Ukraine",2005,46.5,"Utilized",NA
"Europe","Ukraine",2006,46,"Actual",NA
"Europe","Ukraine",2006,46,"Utilized",NA
"Europe","Ukraine",2007,45.5,"Actual",NA
"Europe","Ukraine",2007,45.5,"Utilized",NA
"Europe","Ukraine",2008,45.9,"Actual",NA
"Europe","Ukraine",2008,45.9,"Utilized",NA
"Europe","Ukraine",2009,45.7,"Actual",NA
"Europe","Ukraine",2009,45.7,"Utilized",NA
"Europe","Ukraine",2010,45.4,"Actual",NA
"Europe","Ukraine",2010,45.4,"Utilized",NA
"Europe","Ukraine",2011,45.2,"Actual",NA
"Europe","Ukraine",2011,45.2,"Utilized",NA
"Europe","Ukraine",2012,44.9,"Actual",4
"Europe","Ukraine",2012,44.9,"Utilized",NA
"Europe","Ukraine",2013,45.2,"Actual",11
"Europe","Ukraine",2013,45.2,"Utilized",11
"Europe","Ukraine",2014,44.9,"Actual",NA
"Europe","Ukraine",2014,44.9,"Utilized",NA
"Eastern Mediterranean","United Arab Emirates",2000,2.4,"Actual",NA
"Eastern Mediterranean","United Arab Emirates",2000,2.4,"Utilized",NA
"Eastern Mediterranean","United Arab Emirates",2001,2.7,"Actual",NA
"Eastern Mediterranean","United Arab Emirates",2001,2.7,"Utilized",NA
"Eastern Mediterranean","United Arab Emirates",2002,2.7,"Actual",NA
"Eastern Mediterranean","United Arab Emirates",2002,2.7,"Utilized",NA
"Eastern Mediterranean","United Arab Emirates",2003,3,"Actual",NA
"Eastern Mediterranean","United Arab Emirates",2003,3,"Utilized",NA
"Eastern Mediterranean","United Arab Emirates",2004,3.1,"Actual",NA
"Eastern Mediterranean","United Arab Emirates",2004,3.1,"Utilized",NA
"Eastern Mediterranean","United Arab Emirates",2005,4.5,"Actual",NA
"Eastern Mediterranean","United Arab Emirates",2005,4.5,"Utilized",NA
"Eastern Mediterranean","United Arab Emirates",2006,4.7,"Actual",NA
"Eastern Mediterranean","United Arab Emirates",2006,4.7,"Utilized",NA
"Eastern Mediterranean","United Arab Emirates",2007,4.8,"Actual",NA
"Eastern Mediterranean","United Arab Emirates",2007,4.8,"Utilized",NA
"Eastern Mediterranean","United Arab Emirates",2008,4.5,"Actual",NA
"Eastern Mediterranean","United Arab Emirates",2008,4.5,"Utilized",NA
"Eastern Mediterranean","United Arab Emirates",2009,4.6,"Actual",NA
"Eastern Mediterranean","United Arab Emirates",2009,4.6,"Utilized",NA
"Eastern Mediterranean","United Arab Emirates",2010,4.7,"Actual",NA
"Eastern Mediterranean","United Arab Emirates",2010,4.7,"Utilized",NA
"Eastern Mediterranean","United Arab Emirates",2011,7.9,"Actual",0
"Eastern Mediterranean","United Arab Emirates",2011,7.9,"Utilized",0
"Eastern Mediterranean","United Arab Emirates",2012,8.1,"Actual",1
"Eastern Mediterranean","United Arab Emirates",2012,8.1,"Utilized",1
"Eastern Mediterranean","United Arab Emirates",2013,9.3,"Actual",0
"Eastern Mediterranean","United Arab Emirates",2013,9.3,"Utilized",0
"Eastern Mediterranean","United Arab Emirates",2014,9.4,"Actual",0
"Eastern Mediterranean","United Arab Emirates",2014,9.4,"Utilized",0
"Europe","United Kingdom",2000,58.8,"Actual",NA
"Europe","United Kingdom",2000,58.8,"Utilized",NA
"Europe","United Kingdom",2001,59.5,"Actual",777
"Europe","United Kingdom",2001,59.5,"Utilized",NA
"Europe","United Kingdom",2002,59.7,"Actual",765
"Europe","United Kingdom",2002,59.7,"Utilized",NA
"Europe","United Kingdom",2003,59.3,"Actual",710
"Europe","United Kingdom",2003,59.3,"Utilized",NA
"Europe","United Kingdom",2004,59.4,"Actual",813
"Europe","United Kingdom",2004,59.4,"Utilized",NA
"Europe","United Kingdom",2005,59.7,"Actual",753
"Europe","United Kingdom",2005,59.7,"Utilized",NA
"Europe","United Kingdom",2006,59.8,"Actual",779
"Europe","United Kingdom",2006,59.8,"Utilized",NA
"Europe","United Kingdom",2007,60,"Actual",793
"Europe","United Kingdom",2007,60,"Utilized",NA
"Europe","United Kingdom",2008,61,"Actual",885
"Europe","United Kingdom",2008,61,"Utilized",NA
"Europe","United Kingdom",2009,61.6,"Actual",931
"Europe","United Kingdom",2009,61.6,"Utilized",887
"Europe","United Kingdom",2010,61.9,"Actual",1015
"Europe","United Kingdom",2010,61.9,"Utilized",NA
"Europe","United Kingdom",2011,62.4,"Actual",1056
"Europe","United Kingdom",2011,62.4,"Utilized",NA
"Europe","United Kingdom",2012,62.8,"Actual",1164
"Europe","United Kingdom",2012,62.8,"Utilized",NA
"Europe","United Kingdom",2013,63.1,"Actual",1323
"Europe","United Kingdom",2013,63.1,"Utilized",1257
"Europe","United Kingdom",2014,63.5,"Actual",1309
"Europe","United Kingdom",2014,63.5,"Utilized",1241
"Africa","United Republic of Tanzania",2000,33.5,"Actual",NA
"Africa","United Republic of Tanzania",2000,33.5,"Utilized",NA
"Africa","United Republic of Tanzania",2001,36,"Actual",NA
"Africa","United Republic of Tanzania",2001,36,"Utilized",NA
"Africa","United Republic of Tanzania",2002,36.8,"Actual",NA
"Africa","United Republic of Tanzania",2002,36.8,"Utilized",NA
"Africa","United Republic of Tanzania",2003,37,"Actual",NA
"Africa","United Republic of Tanzania",2003,37,"Utilized",NA
"Africa","United Republic of Tanzania",2004,37.7,"Actual",NA
"Africa","United Republic of Tanzania",2004,37.7,"Utilized",NA
"Africa","United Republic of Tanzania",2005,38.3,"Actual",NA
"Africa","United Republic of Tanzania",2005,38.3,"Utilized",NA
"Africa","United Republic of Tanzania",2006,39,"Actual",NA
"Africa","United Republic of Tanzania",2006,39,"Utilized",NA
"Africa","United Republic of Tanzania",2007,39.7,"Actual",NA
"Africa","United Republic of Tanzania",2007,39.7,"Utilized",NA
"Africa","United Republic of Tanzania",2008,41.5,"Actual",NA
"Africa","United Republic of Tanzania",2008,41.5,"Utilized",NA
"Africa","United Republic of Tanzania",2009,43.7,"Actual",NA
"Africa","United Republic of Tanzania",2009,43.7,"Utilized",NA
"Africa","United Republic of Tanzania",2010,45,"Actual",NA
"Africa","United Republic of Tanzania",2010,45,"Utilized",NA
"Africa","United Republic of Tanzania",2011,46.2,"Actual",NA
"Africa","United Republic of Tanzania",2011,46.2,"Utilized",NA
"Africa","United Republic of Tanzania",2012,47.7,"Actual",NA
"Africa","United Republic of Tanzania",2012,47.7,"Utilized",NA
"Africa","United Republic of Tanzania",2013,49.3,"Actual",NA
"Africa","United Republic of Tanzania",2013,49.3,"Utilized",NA
"Africa","United Republic of Tanzania",2014,50.8,"Actual",NA
"Africa","United Republic of Tanzania",2014,50.8,"Utilized",NA
"America","United States of America",2000,278.4,"Actual",5985
"America","United States of America",2000,278.4,"Utilized",NA
"America","United States of America",2001,285.9,"Actual",6080
"America","United States of America",2001,285.9,"Utilized",NA
"America","United States of America",2002,288.5,"Actual",6190
"America","United States of America",2002,288.5,"Utilized",NA
"America","United States of America",2003,294,"Actual",6457
"America","United States of America",2003,294,"Utilized",NA
"America","United States of America",2004,297,"Actual",7150
"America","United States of America",2004,297,"Utilized",NA
"America","United States of America",2005,298.2,"Actual",7593
"America","United States of America",2005,298.2,"Utilized",NA
"America","United States of America",2006,301,"Actual",8017
"America","United States of America",2006,301,"Utilized",NA
"America","United States of America",2007,303.9,"Actual",8085
"America","United States of America",2007,303.9,"Utilized",NA
"America","United States of America",2008,308.8,"Actual",7989
"America","United States of America",2008,308.8,"Utilized",NA
"America","United States of America",2009,314.7,"Actual",8022
"America","United States of America",2009,314.7,"Utilized",NA
"America","United States of America",2010,317.6,"Actual",7943
"America","United States of America",2010,317.6,"Utilized",NA
"America","United States of America",2011,313.1,"Actual",8126
"America","United States of America",2011,313.1,"Utilized",NA
"America","United States of America",2012,315.8,"Actual",8143
"America","United States of America",2012,315.8,"Utilized",NA
"America","United States of America",2013,320.1,"Actual",8269
"America","United States of America",2013,320.1,"Utilized",7795
"America","United States of America",2014,322.6,"Actual",8596
"America","United States of America",2014,322.6,"Utilized",8131
"America","Uruguay",2000,3.3,"Actual",NA
"America","Uruguay",2000,3.3,"Utilized",NA
"America","Uruguay",2001,3.4,"Actual",NA
"America","Uruguay",2001,3.4,"Utilized",NA
"America","Uruguay",2002,3.4,"Actual",NA
"America","Uruguay",2002,3.4,"Utilized",NA
"America","Uruguay",2003,3.4,"Actual",NA
"America","Uruguay",2003,3.4,"Utilized",NA
"America","Uruguay",2004,3.4,"Actual",61
"America","Uruguay",2004,3.4,"Utilized",NA
"America","Uruguay",2005,3.5,"Actual",64
"America","Uruguay",2005,3.5,"Utilized",NA
"America","Uruguay",2006,3.5,"Actual",81
"America","Uruguay",2006,3.5,"Utilized",NA
"America","Uruguay",2007,3.5,"Actual",60
"America","Uruguay",2007,3.5,"Utilized",NA
"America","Uruguay",2008,3.4,"Actual",63
"America","Uruguay",2008,3.4,"Utilized",NA
"America","Uruguay",2009,3.4,"Actual",65
"America","Uruguay",2009,3.4,"Utilized",NA
"America","Uruguay",2010,3.4,"Actual",49
"America","Uruguay",2010,3.4,"Utilized",NA
"America","Uruguay",2011,3.4,"Actual",68
"America","Uruguay",2011,3.4,"Utilized",NA
"America","Uruguay",2012,3.4,"Actual",54
"America","Uruguay",2012,3.4,"Utilized",NA
"America","Uruguay",2013,3.4,"Actual",58
"America","Uruguay",2013,3.4,"Utilized",56
"America","Uruguay",2014,3.4,"Actual",68
"America","Uruguay",2014,3.4,"Utilized",64
"Europe","Uzbekistan",2000,24.3,"Actual",NA
"Europe","Uzbekistan",2000,24.3,"Utilized",NA
"Europe","Uzbekistan",2001,25.3,"Actual",NA
"Europe","Uzbekistan",2001,25.3,"Utilized",NA
"Europe","Uzbekistan",2002,25.6,"Actual",NA
"Europe","Uzbekistan",2002,25.6,"Utilized",NA
"Europe","Uzbekistan",2003,26.1,"Actual",NA
"Europe","Uzbekistan",2003,26.1,"Utilized",NA
"Europe","Uzbekistan",2004,26.5,"Actual",NA
"Europe","Uzbekistan",2004,26.5,"Utilized",NA
"Europe","Uzbekistan",2005,26.6,"Actual",NA
"Europe","Uzbekistan",2005,26.6,"Utilized",NA
"Europe","Uzbekistan",2006,27,"Actual",NA
"Europe","Uzbekistan",2006,27,"Utilized",NA
"Europe","Uzbekistan",2007,27.4,"Actual",NA
"Europe","Uzbekistan",2007,27.4,"Utilized",NA
"Europe","Uzbekistan",2008,27.8,"Actual",0
"Europe","Uzbekistan",2008,27.8,"Utilized",NA
"Europe","Uzbekistan",2009,27.5,"Actual",0
"Europe","Uzbekistan",2009,27.5,"Utilized",NA
"Europe","Uzbekistan",2010,27.8,"Actual",NA
"Europe","Uzbekistan",2010,27.8,"Utilized",NA
"Europe","Uzbekistan",2011,27.8,"Actual",NA
"Europe","Uzbekistan",2011,27.8,"Utilized",NA
"Europe","Uzbekistan",2012,28.1,"Actual",NA
"Europe","Uzbekistan",2012,28.1,"Utilized",NA
"Europe","Uzbekistan",2013,28.9,"Actual",NA
"Europe","Uzbekistan",2013,28.9,"Utilized",NA
"Europe","Uzbekistan",2014,29.3,"Actual",NA
"Europe","Uzbekistan",2014,29.3,"Utilized",NA
"Western Pacific","Vanuatu",2000,0.2,"Actual",NA
"Western Pacific","Vanuatu",2000,0.2,"Utilized",NA
"Western Pacific","Vanuatu",2001,0.2,"Actual",NA
"Western Pacific","Vanuatu",2001,0.2,"Utilized",NA
"Western Pacific","Vanuatu",2002,0.2,"Actual",NA
"Western Pacific","Vanuatu",2002,0.2,"Utilized",NA
"Western Pacific","Vanuatu",2003,0.2,"Actual",NA
"Western Pacific","Vanuatu",2003,0.2,"Utilized",NA
"Western Pacific","Vanuatu",2004,0.2,"Actual",NA
"Western Pacific","Vanuatu",2004,0.2,"Utilized",NA
"Western Pacific","Vanuatu",2005,0.2,"Actual",NA
"Western Pacific","Vanuatu",2005,0.2,"Utilized",NA
"Western Pacific","Vanuatu",2006,0.2,"Actual",NA
"Western Pacific","Vanuatu",2006,0.2,"Utilized",NA
"Western Pacific","Vanuatu",2007,0.2,"Actual",NA
"Western Pacific","Vanuatu",2007,0.2,"Utilized",NA
"Western Pacific","Vanuatu",2008,0.2,"Actual",NA
"Western Pacific","Vanuatu",2008,0.2,"Utilized",NA
"Western Pacific","Vanuatu",2009,0.2,"Actual",NA
"Western Pacific","Vanuatu",2009,0.2,"Utilized",NA
"Western Pacific","Vanuatu",2010,0.2,"Actual",NA
"Western Pacific","Vanuatu",2010,0.2,"Utilized",NA
"Western Pacific","Vanuatu",2011,0.2,"Actual",NA
"Western Pacific","Vanuatu",2011,0.2,"Utilized",NA
"Western Pacific","Vanuatu",2012,0.3,"Actual",NA
"Western Pacific","Vanuatu",2012,0.3,"Utilized",NA
"Western Pacific","Vanuatu",2013,0.3,"Actual",NA
"Western Pacific","Vanuatu",2013,0.3,"Utilized",NA
"Western Pacific","Vanuatu",2014,0.3,"Actual",NA
"Western Pacific","Vanuatu",2014,0.3,"Utilized",NA
"America","Venezuela (Bolivarian Republic of)",2000,24.2,"Actual",NA
"America","Venezuela (Bolivarian Republic of)",2000,24.2,"Utilized",NA
"America","Venezuela (Bolivarian Republic of)",2001,24.6,"Actual",NA
"America","Venezuela (Bolivarian Republic of)",2001,24.6,"Utilized",NA
"America","Venezuela (Bolivarian Republic of)",2002,25.1,"Actual",NA
"America","Venezuela (Bolivarian Republic of)",2002,25.1,"Utilized",NA
"America","Venezuela (Bolivarian Republic of)",2003,25.7,"Actual",NA
"America","Venezuela (Bolivarian Republic of)",2003,25.7,"Utilized",NA
"America","Venezuela (Bolivarian Republic of)",2004,26.2,"Actual",51
"America","Venezuela (Bolivarian Republic of)",2004,26.2,"Utilized",NA
"America","Venezuela (Bolivarian Republic of)",2005,26.7,"Actual",NA
"America","Venezuela (Bolivarian Republic of)",2005,26.7,"Utilized",NA
"America","Venezuela (Bolivarian Republic of)",2006,27.2,"Actual",62
"America","Venezuela (Bolivarian Republic of)",2006,27.2,"Utilized",NA
"America","Venezuela (Bolivarian Republic of)",2007,27.7,"Actual",99
"America","Venezuela (Bolivarian Republic of)",2007,27.7,"Utilized",NA
"America","Venezuela (Bolivarian Republic of)",2008,28.1,"Actual",93
"America","Venezuela (Bolivarian Republic of)",2008,28.1,"Utilized",NA
"America","Venezuela (Bolivarian Republic of)",2009,28.6,"Actual",91
"America","Venezuela (Bolivarian Republic of)",2009,28.6,"Utilized",NA
"America","Venezuela (Bolivarian Republic of)",2010,29,"Actual",100
"America","Venezuela (Bolivarian Republic of)",2010,29,"Utilized",NA
"America","Venezuela (Bolivarian Republic of)",2011,29.4,"Actual",112
"America","Venezuela (Bolivarian Republic of)",2011,29.4,"Utilized",NA
"America","Venezuela (Bolivarian Republic of)",2012,29.9,"Actual",140
"America","Venezuela (Bolivarian Republic of)",2012,29.9,"Utilized",NA
"America","Venezuela (Bolivarian Republic of)",2013,30.4,"Actual",112
"America","Venezuela (Bolivarian Republic of)",2013,30.4,"Utilized",103
"America","Venezuela (Bolivarian Republic of)",2014,30.9,"Actual",54
"America","Venezuela (Bolivarian Republic of)",2014,30.9,"Utilized",52
"Western Pacific","Viet Nam",2000,79.8,"Actual",NA
"Western Pacific","Viet Nam",2000,79.8,"Utilized",NA
"Western Pacific","Viet Nam",2001,79.2,"Actual",NA
"Western Pacific","Viet Nam",2001,79.2,"Utilized",NA
"Western Pacific","Viet Nam",2002,80.2,"Actual",NA
"Western Pacific","Viet Nam",2002,80.2,"Utilized",NA
"Western Pacific","Viet Nam",2003,81.4,"Actual",NA
"Western Pacific","Viet Nam",2003,81.4,"Utilized",NA
"Western Pacific","Viet Nam",2004,82.5,"Actual",NA
"Western Pacific","Viet Nam",2004,82.5,"Utilized",NA
"Western Pacific","Viet Nam",2005,84.2,"Actual",0
"Western Pacific","Viet Nam",2005,84.2,"Utilized",NA
"Western Pacific","Viet Nam",2006,85.3,"Actual",0
"Western Pacific","Viet Nam",2006,85.3,"Utilized",NA
"Western Pacific","Viet Nam",2007,86.4,"Actual",0
"Western Pacific","Viet Nam",2007,86.4,"Utilized",NA
"Western Pacific","Viet Nam",2008,88.5,"Actual",0
"Western Pacific","Viet Nam",2008,88.5,"Utilized",NA
"Western Pacific","Viet Nam",2009,88.1,"Actual",0
"Western Pacific","Viet Nam",2009,88.1,"Utilized",NA
"Western Pacific","Viet Nam",2010,89,"Actual",NA
"Western Pacific","Viet Nam",2010,89,"Utilized",NA
"Western Pacific","Viet Nam",2011,88.8,"Actual",NA
"Western Pacific","Viet Nam",2011,88.8,"Utilized",NA
"Western Pacific","Viet Nam",2012,89.7,"Actual",NA
"Western Pacific","Viet Nam",2012,89.7,"Utilized",NA
"Western Pacific","Viet Nam",2013,91.7,"Actual",30
"Western Pacific","Viet Nam",2013,91.7,"Utilized",30
"Western Pacific","Viet Nam",2014,92.5,"Actual",17
"Western Pacific","Viet Nam",2014,92.5,"Utilized",17
"Eastern Mediterranean","Yemen",2000,18.1,"Actual",NA
"Eastern Mediterranean","Yemen",2000,18.1,"Utilized",NA
"Eastern Mediterranean","Yemen",2001,19.1,"Actual",NA
"Eastern Mediterranean","Yemen",2001,19.1,"Utilized",NA
"Eastern Mediterranean","Yemen",2002,19.9,"Actual",NA
"Eastern Mediterranean","Yemen",2002,19.9,"Utilized",NA
"Eastern Mediterranean","Yemen",2003,20,"Actual",NA
"Eastern Mediterranean","Yemen",2003,20,"Utilized",NA
"Eastern Mediterranean","Yemen",2004,20.7,"Actual",NA
"Eastern Mediterranean","Yemen",2004,20.7,"Utilized",NA
"Eastern Mediterranean","Yemen",2005,21,"Actual",NA
"Eastern Mediterranean","Yemen",2005,21,"Utilized",NA
"Eastern Mediterranean","Yemen",2006,21.6,"Actual",NA
"Eastern Mediterranean","Yemen",2006,21.6,"Utilized",NA
"Eastern Mediterranean","Yemen",2007,22.3,"Actual",NA
"Eastern Mediterranean","Yemen",2007,22.3,"Utilized",NA
"Eastern Mediterranean","Yemen",2008,23.1,"Actual",NA
"Eastern Mediterranean","Yemen",2008,23.1,"Utilized",NA
"Eastern Mediterranean","Yemen",2009,23.6,"Actual",NA
"Eastern Mediterranean","Yemen",2009,23.6,"Utilized",NA
"Eastern Mediterranean","Yemen",2010,24.3,"Actual",NA
"Eastern Mediterranean","Yemen",2010,24.3,"Utilized",NA
"Eastern Mediterranean","Yemen",2011,24.8,"Actual",NA
"Eastern Mediterranean","Yemen",2011,24.8,"Utilized",NA
"Eastern Mediterranean","Yemen",2012,25.6,"Actual",NA
"Eastern Mediterranean","Yemen",2012,25.6,"Utilized",NA
"Eastern Mediterranean","Yemen",2013,24.4,"Actual",NA
"Eastern Mediterranean","Yemen",2013,24.4,"Utilized",NA
"Eastern Mediterranean","Yemen",2014,25,"Actual",NA
"Eastern Mediterranean","Yemen",2014,25,"Utilized",NA
"Africa","Zambia",2000,9.2,"Actual",NA
"Africa","Zambia",2000,9.2,"Utilized",NA
"Africa","Zambia",2001,10.6,"Actual",NA
"Africa","Zambia",2001,10.6,"Utilized",NA
"Africa","Zambia",2002,10.9,"Actual",NA
"Africa","Zambia",2002,10.9,"Utilized",NA
"Africa","Zambia",2003,10.8,"Actual",NA
"Africa","Zambia",2003,10.8,"Utilized",NA
"Africa","Zambia",2004,10.9,"Actual",NA
"Africa","Zambia",2004,10.9,"Utilized",NA
"Africa","Zambia",2005,11.7,"Actual",NA
"Africa","Zambia",2005,11.7,"Utilized",NA
"Africa","Zambia",2006,11.9,"Actual",NA
"Africa","Zambia",2006,11.9,"Utilized",NA
"Africa","Zambia",2007,12.1,"Actual",NA
"Africa","Zambia",2007,12.1,"Utilized",NA
"Africa","Zambia",2008,12.2,"Actual",NA
"Africa","Zambia",2008,12.2,"Utilized",NA
"Africa","Zambia",2009,12.9,"Actual",NA
"Africa","Zambia",2009,12.9,"Utilized",NA
"Africa","Zambia",2010,13.3,"Actual",NA
"Africa","Zambia",2010,13.3,"Utilized",NA
"Africa","Zambia",2011,13.5,"Actual",NA
"Africa","Zambia",2011,13.5,"Utilized",NA
"Africa","Zambia",2012,13.9,"Actual",NA
"Africa","Zambia",2012,13.9,"Utilized",NA
"Africa","Zambia",2013,14.5,"Actual",NA
"Africa","Zambia",2013,14.5,"Utilized",NA
"Africa","Zambia",2014,15,"Actual",NA
"Africa","Zambia",2014,15,"Utilized",NA
"Africa","Zimbabwe",2000,11.7,"Actual",NA
"Africa","Zimbabwe",2000,11.7,"Utilized",NA
"Africa","Zimbabwe",2001,12.9,"Actual",NA
"Africa","Zimbabwe",2001,12.9,"Utilized",NA
"Africa","Zimbabwe",2002,13.1,"Actual",NA
"Africa","Zimbabwe",2002,13.1,"Utilized",NA
"Africa","Zimbabwe",2003,12.9,"Actual",NA
"Africa","Zimbabwe",2003,12.9,"Utilized",NA
"Africa","Zimbabwe",2004,12.9,"Actual",NA
"Africa","Zimbabwe",2004,12.9,"Utilized",NA
"Africa","Zimbabwe",2005,13,"Actual",NA
"Africa","Zimbabwe",2005,13,"Utilized",NA
"Africa","Zimbabwe",2006,13.1,"Actual",NA
"Africa","Zimbabwe",2006,13.1,"Utilized",NA
"Africa","Zimbabwe",2007,13.2,"Actual",NA
"Africa","Zimbabwe",2007,13.2,"Utilized",NA
"Africa","Zimbabwe",2008,13.5,"Actual",NA
"Africa","Zimbabwe",2008,13.5,"Utilized",NA
"Africa","Zimbabwe",2009,12.5,"Actual",NA
"Africa","Zimbabwe",2009,12.5,"Utilized",NA
"Africa","Zimbabwe",2010,12.6,"Actual",NA
"Africa","Zimbabwe",2010,12.6,"Utilized",NA
"Africa","Zimbabwe",2011,12.8,"Actual",NA
"Africa","Zimbabwe",2011,12.8,"Utilized",NA
"Africa","Zimbabwe",2012,13,"Actual",NA
"Africa","Zimbabwe",2012,13,"Utilized",NA
"Africa","Zimbabwe",2013,14.1,"Actual",NA
"Africa","Zimbabwe",2013,14.1,"Utilized",NA
"Africa","Zimbabwe",2014,14.6,"Actual",NA
"Africa","Zimbabwe",2014,14.6,"Utilized",NA
"America","Argentina",2015,43.4,"Actual",592
"America","Argentina",2015,43.4,"Utilized",516
"Europe","Armenia",2015,3,"Actual",0
"Europe","Armenia",2015,3,"Utilized",0
"Western Pacific","Australia",2015,24,"Actual",435
"Western Pacific","Australia",2015,24,"Utilized",418
"Europe","Azerbaijan",2015,9.8,"Actual",0
"Europe","Azerbaijan",2015,9.8,"Utilized",0
"Europe","Bosnia and Herzegovina",2015,3.8,"Actual",6
"Europe","Bosnia and Herzegovina",2015,3.8,"Utilized",6
"Europe","Belarus",2015,9.5,"Actual",191
"Europe","Belarus",2015,9.5,"Utilized",181
"America","Brazil",2015,207.8,"Actual",2836
"America","Brazil",2015,207.8,"Utilized",2646
"Europe","Bulgaria",2015,7.1,"Actual",45
"Europe","Bulgaria",2015,7.1,"Utilized",19
"America","Canada",2015,35.9,"Actual",681
"America","Canada",2015,35.9,"Utilized",681
"Europe","Belgium",2015,11.3,"Actual",357
"Europe","Belgium",2015,11.3,"Utilized",315
"Europe","Cyprus",2015,0.8,"Actual",3
"Europe","Cyprus",2015,0.8,"Utilized",2
"Europe","Croatia",2015,4.2,"Actual",169
"Europe","Croatia",2015,4.2,"Utilized",159
"Europe","Czech Republic",2015,10.5,"Actual",246
"Europe","Czech Republic",2015,10.5,"Utilized",230
"Europe","Denmark",2015,5.7,"Actual",87
"Europe","Denmark",2015,5.7,"Utilized",85
"Europe","Estonia",2015,1.3,"Actual",21
"Europe","Estonia",2015,1.3,"Utilized",21
"Europe","Finland",2015,5.5,"Actual",127
"Europe","Finland",2015,5.5,"Utilized",126
"Europe","France",2015,64.4,"Actual",1809
"Europe","France",2015,64.4,"Utilized",1742
"Europe","Greece",2015,11,"Actual",39
"Europe","Greece",2015,11,"Utilized",36
"Europe","Hungary",2015,9.9,"Actual",236
"Europe","Hungary",2015,9.9,"Utilized",174
"Europe","Ireland",2015,4.7,"Actual",81
"Europe","Ireland",2015,4.7,"Utilized",76
"Europe","Italy",2015,59.8,"Actual",1369
"Europe","Italy",2015,59.8,"Utilized",1165
"Europe","Latvia",2015,2,"Actual",37
"Europe","Latvia",2015,2,"Utilized",36
"Europe","Lithuania",2015,2.9,"Actual",57
"Europe","Lithuania",2015,2.9,"Utilized",56
"Europe","Malta",2015,0.4,"Actual",6
"Europe","Malta",2015,0.4,"Utilized",5
"Europe","Poland",2015,38.6,"Actual",526
"Europe","Poland",2015,38.6,"Utilized",510
"Europe","Portugal",2015,10.3,"Actual",319
"Europe","Portugal",2015,10.3,"Utilized",301
"Europe","Romania",2015,19.5,"Actual",113
"Europe","Romania",2015,19.5,"Utilized",113
"Europe","Slovakia",2015,5.4,"Actual",94
"Europe","Slovakia",2015,5.4,"Utilized",90
"Europe","Spain",2015,46.1,"Actual",1851
"Europe","Spain",2015,46.1,"Utilized",1605
"Eastern Mediterranean","Saudi Arabia",2015,31.5,"Actual",89
"Eastern Mediterranean","Saudi Arabia",2015,31.5,"Utilized",86
"Europe","Uzbekistan",2015,29.9,"Actual",0
"Europe","Uzbekistan",2015,29.9,"Utilized",0
"Europe","Sweden",2015,9.8,"Actual",169
"Europe","Sweden",2015,9.8,"Utilized",167
"Europe","United Kingdom",2015,64.7,"Actual",1311
"Europe","United Kingdom",2015,64.7,"Utilized",1237
"Eastern Mediterranean","Kuwait",2015,3.9,"Actual",12
"Eastern Mediterranean","Kuwait",2015,3.9,"Utilized",12
"Eastern Mediterranean","Jordan",2015,7.6,"Actual",1
"Eastern Mediterranean","Jordan",2015,7.6,"Utilized",1
"Western Pacific","Mongolia",2015,3,"Actual",NA
"Western Pacific","Mongolia",2015,3,"Utilized",NA
"Europe","Georgia",2015,4,"Actual",0
"Europe","Georgia",2015,4,"Utilized",0
"Europe","Iceland",2015,0.3,"Actual",12
"Europe","Iceland",2015,0.3,"Utilized",12
"Eastern Mediterranean","Iran (Islamic Republic of)",2015,79.1,"Actual",808
"Eastern Mediterranean","Iran (Islamic Republic of)",2015,79.1,"Utilized",0
"Europe","Israel",2015,8.1,"Actual",77
"Europe","Israel",2015,8.1,"Utilized",74
"Europe","Republic of North Macedonia",2015,2.1,"Actual",2
"Europe","Republic of North Macedonia",2015,2.1,"Utilized",2
"Western Pacific","Malaysia",2015,30.3,"Actual",30
"Western Pacific","Malaysia",2015,30.3,"Utilized",28
"Eastern Mediterranean","Morocco",2015,34.4,"Actual",11
"Eastern Mediterranean","Morocco",2015,34.4,"Utilized",11
"Europe","Republic of Moldova",2015,4.1,"Actual",4
"Europe","Republic of Moldova",2015,4.1,"Utilized",4
"Europe","Montenegro",2015,0.6,"Actual",0
"Europe","Montenegro",2015,0.6,"Utilized",0
"Western Pacific","New Zealand",2015,4.5,"Actual",53
"Western Pacific","New Zealand",2015,4.5,"Utilized",50
"Europe","Norway",2015,5.2,"Actual",111
"Europe","Norway",2015,5.2,"Utilized",110
"Europe","Russian Federation",2015,143.5,"Actual",434
"Europe","Russian Federation",2015,143.5,"Utilized",434
"Eastern Mediterranean","Sudan",2015,40.2,"Actual",0
"Eastern Mediterranean","Sudan",2015,40.2,"Utilized",0
"Europe","Switzerland",2015,8.3,"Actual",143
"Europe","Switzerland",2015,8.3,"Utilized",134
"Eastern Mediterranean","Syrian Arab Republic",2015,18.5,"Actual",0
"Eastern Mediterranean","Syrian Arab Republic",2015,18.5,"Utilized",0
"Europe","Türkiye",2015,78.7,"Actual",472
"Europe","Türkiye",2015,78.7,"Utilized",470
"Europe","Ukraine",2015,44.8,"Actual",3
"Europe","Ukraine",2015,44.8,"Utilized",3
"America","United States of America",2015,321.8,"Actual",9079
"America","United States of America",2015,321.8,"Utilized",8518
"Eastern Mediterranean","Qatar",2015,2.2,"Actual",8
"Eastern Mediterranean","Qatar",2015,2.2,"Utilized",8
"Africa","Ethiopia",2015,99.4,"Actual",0
"Africa","Ethiopia",2015,99.4,"Utilized",0
"America","Colombia",2015,48.2,"Actual",405
"America","Colombia",2015,48.2,"Utilized",0
"America","Costa Rica",2015,4.8,"Actual",34
"America","Costa Rica",2015,4.8,"Utilized",34
"America","Cuba",2015,11.4,"Actual",159
"America","Cuba",2015,11.4,"Utilized",117
"America","Dominican Republic",2015,10.5,"Actual",7
"America","Dominican Republic",2015,10.5,"Utilized",7
"America","Ecuador",2015,16.1,"Actual",63
"America","Ecuador",2015,16.1,"Utilized",63
"America","Guatemala",2015,16.3,"Actual",15
"America","Guatemala",2015,16.3,"Utilized",0
"America","Honduras",2015,8.1,"Actual",0
"America","Honduras",2015,8.1,"Utilized",0
"America","Mexico",2015,127,"Actual",446
"America","Mexico",2015,127,"Utilized",446
"America","Panama",2015,3.9,"Actual",25
"America","Panama",2015,3.9,"Utilized",17
"America","Paraguay",2015,6.6,"Actual",10
"America","Paraguay",2015,6.6,"Utilized",10
"America","Peru",2015,31.4,"Actual",82
"America","Peru",2015,31.4,"Utilized",78
"America","Uruguay",2015,3.4,"Actual",45
"America","Uruguay",2015,3.4,"Utilized",43
"Eastern Mediterranean","United Arab Emirates",2015,9.2,"Actual",0
"Eastern Mediterranean","United Arab Emirates",2015,9.2,"Utilized",0
"America","Venezuela (Bolivarian Republic of)",2015,31.1,"Actual",53
"America","Venezuela (Bolivarian Republic of)",2015,31.1,"Utilized",51
"Western Pacific","Japan",2015,126.6,"Actual",91
"Western Pacific","Japan",2015,126.6,"Utilized",90
"Western Pacific","Singapore",2015,5.6,"Actual",22
"Western Pacific","Singapore",2015,5.6,"Utilized",22
"South-East Asia","Thailand",2015,68,"Actual",206
"South-East Asia","Thailand",2015,68,"Utilized",192
"Africa","South Africa",2015,54.5,"Actual",85
"Africa","South Africa",2015,54.5,"Utilized",85
"Eastern Mediterranean","Lebanon",2015,5.9,"Actual",5
"Eastern Mediterranean","Lebanon",2015,5.9,"Utilized",3
"South-East Asia","Maldives",2015,0.4,"Actual",0
"South-East Asia","Maldives",2015,0.4,"Utilized",0
"Western Pacific","Republic of Korea",2015,50.3,"Actual",501
"Western Pacific","Republic of Korea",2015,50.3,"Utilized",501
"Europe","Netherlands",2015,16.9,"Actual",284
"Europe","Netherlands",2015,16.9,"Utilized",265
"America","Antigua and Barbuda",2015,0.1,"Actual",NA
"America","Antigua and Barbuda",2015,0.1,"Utilized",NA
"Europe","Luxembourg",2015,0.6,"Actual",3
"Europe","Luxembourg",2015,0.6,"Utilized",3
"Eastern Mediterranean","Pakistan",2015,188.9,"Actual",NA
"Eastern Mediterranean","Pakistan",2015,188.9,"Utilized",NA
"Europe","Slovenia",2015,2.1,"Actual",54
"Europe","Slovenia",2015,2.1,"Utilized",53
"Africa","Kenya",2015,46.1,"Actual",NA
"Africa","Kenya",2015,46.1,"Utilized",NA
"America","Chile",2015,17.9,"Actual",120
"America","Chile",2015,17.9,"Utilized",NA
"Eastern Mediterranean","Afghanistan",2015,32.5,"Actual",NA
"Eastern Mediterranean","Afghanistan",2015,32.5,"Utilized",NA
"Europe","Albania",2015,2.9,"Actual",0
"Europe","Albania",2015,2.9,"Utilized",NA
"Africa","Algeria",2015,39.7,"Actual",1
"Africa","Algeria",2015,39.7,"Utilized",1
"Europe","Andorra",2015,0.1,"Actual",NA
"Europe","Andorra",2015,0.1,"Utilized",NA
"Africa","Angola",2015,25,"Actual",NA
"Africa","Angola",2015,25,"Utilized",NA
"America","Bahamas",2015,0.4,"Actual",NA
"America","Bahamas",2015,0.4,"Utilized",NA
"South-East Asia","Bangladesh",2015,161,"Actual",NA
"South-East Asia","Bangladesh",2015,161,"Utilized",NA
"America","Barbados",2015,0.3,"Actual",NA
"America","Barbados",2015,0.3,"Utilized",NA
"America","Belize",2015,0.4,"Actual",NA
"America","Belize",2015,0.4,"Utilized",NA
"Africa","Benin",2015,10.9,"Actual",NA
"Africa","Benin",2015,10.9,"Utilized",NA
"South-East Asia","Bhutan",2015,0.8,"Actual",0
"South-East Asia","Bhutan",2015,0.8,"Utilized",0
"America","Bolivia (Plurinational State of)",2015,10.7,"Actual",9
"America","Bolivia (Plurinational State of)",2015,10.7,"Utilized",9
"Western Pacific","Brunei Darussalam",2015,0.4,"Actual",NA
"Western Pacific","Brunei Darussalam",2015,0.4,"Utilized",NA
"Africa","Burkina Faso",2015,18.1,"Actual",NA
"Africa","Burkina Faso",2015,18.1,"Utilized",NA
"Africa","Burundi",2015,11.2,"Actual",NA
"Africa","Burundi",2015,11.2,"Utilized",NA
"Western Pacific","Cambodia",2015,15.6,"Actual",NA
"Western Pacific","Cambodia",2015,15.6,"Utilized",NA
"Africa","Cameroon",2015,23.3,"Actual",NA
"Africa","Cameroon",2015,23.3,"Utilized",0
"Africa","Cape Verde",2015,0.5,"Actual",NA
"Africa","Cape Verde",2015,0.5,"Utilized",NA
"Africa","Central African Republic",2015,4.9,"Actual",NA
"Africa","Central African Republic",2015,4.9,"Utilized",NA
"Africa","Chad",2015,14,"Actual",NA
"Africa","Chad",2015,14,"Utilized",NA
"Western Pacific","China",2015,1376,"Actual",2766
"Western Pacific","China",2015,1376,"Utilized",2707
"Africa","Comoros",2015,0.8,"Actual",NA
"Africa","Comoros",2015,0.8,"Utilized",NA
"Africa","Democratic Republic of The Congo",2015,77.3,"Actual",NA
"Africa","Democratic Republic of The Congo",2015,77.3,"Utilized",NA
"Africa","Congo",2015,4.6,"Actual",NA
"Africa","Congo",2015,4.6,"Utilized",NA
"Western Pacific","Cook Islands",2015,0,"Actual",NA
"Western Pacific","Cook Islands",2015,0,"Utilized",NA
"South-East Asia","Democratic People's Republic of Korea",2015,25.2,"Actual",NA
"South-East Asia","Democratic People's Republic of Korea",2015,25.2,"Utilized",NA
"Eastern Mediterranean","Djibouti",2015,0.9,"Actual",NA
"Eastern Mediterranean","Djibouti",2015,0.9,"Utilized",NA
"America","Dominica",2015,0.1,"Actual",NA
"America","Dominica",2015,0.1,"Utilized",NA
"Eastern Mediterranean","Egypt",2015,91.5,"Actual",0
"Eastern Mediterranean","Egypt",2015,91.5,"Utilized",NA
"America","El Salvador",2015,6.1,"Actual",0
"America","El Salvador",2015,6.1,"Utilized",NA
"Africa","Equatorial Guinea",2015,0.8,"Actual",NA
"Africa","Equatorial Guinea",2015,0.8,"Utilized",NA
"Africa","Eritrea",2015,5.2,"Actual",NA
"Africa","Eritrea",2015,5.2,"Utilized",NA
"Western Pacific","Fiji",2015,0.9,"Actual",0
"Western Pacific","Fiji",2015,0.9,"Utilized",0
"Africa","Gabon",2015,1.7,"Actual",NA
"Africa","Gabon",2015,1.7,"Utilized",NA
"Africa","Gambia",2015,2,"Actual",NA
"Africa","Gambia",2015,2,"Utilized",NA
"Africa","Ghana",2015,27.4,"Actual",0
"Africa","Ghana",2015,27.4,"Utilized",0
"America","Grenada",2015,0.1,"Actual",NA
"America","Grenada",2015,0.1,"Utilized",NA
"Africa","Guinea",2015,12.6,"Actual",NA
"Africa","Guinea",2015,12.6,"Utilized",NA
"Africa","Guinea-Bissau",2015,1.8,"Actual",NA
"Africa","Guinea-Bissau",2015,1.8,"Utilized",NA
"America","Guyana",2015,0.8,"Actual",NA
"America","Guyana",2015,0.8,"Utilized",NA
"America","Haiti",2015,10.7,"Actual",NA
"America","Haiti",2015,10.7,"Utilized",NA
"South-East Asia","India",2015,1311.1,"Actual",666
"South-East Asia","India",2015,1311.1,"Utilized",604
"South-East Asia","Indonesia",2015,257.6,"Actual",NA
"South-East Asia","Indonesia",2015,257.6,"Utilized",NA
"Africa","Côte d’Ivoire",2015,22.7,"Actual",NA
"Africa","Côte d’Ivoire",2015,22.7,"Utilized",NA
"Eastern Mediterranean","Iraq",2015,36.4,"Actual",NA
"Eastern Mediterranean","Iraq",2015,36.4,"Utilized",NA
"America","Jamaica",2015,2.8,"Actual",NA
"America","Jamaica",2015,2.8,"Utilized",NA
"Europe","Kazakhstan",2015,17.6,"Actual",22
"Europe","Kazakhstan",2015,17.6,"Utilized",22
"Western Pacific","Kiribati",2015,0.1,"Actual",NA
"Western Pacific","Kiribati",2015,0.1,"Utilized",NA
"Western Pacific","Lao People's Democratic Republic",2015,6.8,"Actual",NA
"Western Pacific","Lao People's Democratic Republic",2015,6.8,"Utilized",NA
"Africa","Lesotho",2015,2.1,"Actual",NA
"Africa","Lesotho",2015,2.1,"Utilized",NA
"Africa","Liberia",2015,4.5,"Actual",NA
"Africa","Liberia",2015,4.5,"Utilized",NA
"Eastern Mediterranean","State of Libya",2015,6.3,"Actual",0
"Eastern Mediterranean","State of Libya",2015,6.3,"Utilized",0
"Africa","Madagascar",2015,24.2,"Actual",NA
"Africa","Madagascar",2015,24.2,"Utilized",NA
"Africa","Malawi",2015,17.2,"Actual",NA
"Africa","Malawi",2015,17.2,"Utilized",NA
"Africa","Mali",2015,17.6,"Actual",0
"Africa","Mali",2015,17.6,"Utilized",0
"Western Pacific","Marshall Islands",2015,0.6,"Actual",NA
"Western Pacific","Marshall Islands",2015,0.6,"Utilized",NA
"Africa","Mauritania",2015,4.1,"Actual",NA
"Africa","Mauritania",2015,4.1,"Utilized",NA
"Africa","Mauritius",2015,1.3,"Actual",0
"Africa","Mauritius",2015,1.3,"Utilized",NA
"Western Pacific","Micronesia (Federated States of)",2015,0.1,"Actual",NA
"Western Pacific","Micronesia (Federated States of)",2015,0.1,"Utilized",NA
"Europe","Monaco",2015,0,"Actual",NA
"Europe","Monaco",2015,0,"Utilized",NA
"Africa","Mozambique",2015,28,"Actual",NA
"Africa","Mozambique",2015,28,"Utilized",NA
"South-East Asia","Myanmar",2015,53.9,"Actual",NA
"South-East Asia","Myanmar",2015,53.9,"Utilized",NA
"Africa","Namibia",2015,2.5,"Actual",NA
"Africa","Namibia",2015,2.5,"Utilized",NA
"Western Pacific","Nauru",2015,0,"Actual",NA
"Western Pacific","Nauru",2015,0,"Utilized",NA
"South-East Asia","Nepal",2015,28.5,"Actual",0
"South-East Asia","Nepal",2015,28.5,"Utilized",0
"America","Nicaragua",2015,6.1,"Actual",0
"America","Nicaragua",2015,6.1,"Utilized",0
"Africa","Niger",2015,182.2,"Actual",NA
"Africa","Niger",2015,182.2,"Utilized",NA
"Western Pacific","Niue",2015,0,"Actual",NA
"Western Pacific","Niue",2015,0,"Utilized",NA
"Eastern Mediterranean","Oman",2015,4.5,"Actual",NA
"Eastern Mediterranean","Oman",2015,4.5,"Utilized",NA
"Western Pacific","Palau",2015,0,"Actual",NA
"Western Pacific","Palau",2015,0,"Utilized",NA
"Western Pacific","Papua New Guinea",2015,7.6,"Actual",NA
"Western Pacific","Papua New Guinea",2015,7.6,"Utilized",NA
"Western Pacific","Philippines",2015,100.7,"Actual",NA
"Western Pacific","Philippines",2015,100.7,"Utilized",NA
"Africa","Rwanda",2015,11.6,"Actual",NA
"Africa","Rwanda",2015,11.6,"Utilized",NA
"America","Saint Kitts and Nevis",2015,0.1,"Actual",NA
"America","Saint Kitts and Nevis",2015,0.1,"Utilized",NA
"America","Saint Lucia",2015,0.2,"Actual",NA
"America","Saint Lucia",2015,0.2,"Utilized",NA
"America","Saint Vincent and the Grenadines",2015,0.1,"Actual",NA
"America","Saint Vincent and the Grenadines",2015,0.1,"Utilized",NA
"Western Pacific","Samoa",2015,0.2,"Actual",NA
"Western Pacific","Samoa",2015,0.2,"Utilized",NA
"Europe","San Marino",2015,0,"Actual",NA
"Europe","San Marino",2015,0,"Utilized",NA
"Africa","Sao Tome and Principe",2015,0.2,"Actual",NA
"Africa","Sao Tome and Principe",2015,0.2,"Utilized",NA
"Africa","Senegal",2015,15.1,"Actual",0
"Africa","Senegal",2015,15.1,"Utilized",0
"Europe","Serbia",2015,8.9,"Actual",41
"Europe","Serbia",2015,8.9,"Utilized",41
"Africa","Seychelles",2015,0.1,"Actual",NA
"Africa","Seychelles",2015,0.1,"Utilized",NA
"Africa","Sierra Leone",2015,6.5,"Actual",NA
"Africa","Sierra Leone",2015,6.5,"Utilized",NA
"Western Pacific","Solomon Islands",2015,0.6,"Actual",NA
"Western Pacific","Solomon Islands",2015,0.6,"Utilized",NA
"Eastern Mediterranean","Somalia",2015,10.8,"Actual",NA
"Eastern Mediterranean","Somalia",2015,10.8,"Utilized",NA
"Eastern Mediterranean","South Sudan",2015,12.3,"Actual",NA
"Eastern Mediterranean","South Sudan",2015,12.3,"Utilized",NA
"South-East Asia","Sri Lanka",2015,20.7,"Actual",NA
"South-East Asia","Sri Lanka",2015,20.7,"Utilized",NA
"America","Suriname",2015,0.5,"Actual",NA
"America","Suriname",2015,0.5,"Utilized",NA
"Africa","Eswatini",2015,1.3,"Actual",NA
"Africa","Eswatini",2015,1.3,"Utilized",NA
"Europe","Tajikistan",2015,8.5,"Actual",0
"Europe","Tajikistan",2015,8.5,"Utilized",0
"South-East Asia","Timor-Leste",2015,1.2,"Actual",NA
"South-East Asia","Timor-Leste",2015,1.2,"Utilized",NA
"Africa","Togo",2015,7.3,"Actual",NA
"Africa","Togo",2015,7.3,"Utilized",NA
"Western Pacific","Tonga",2015,0.1,"Actual",NA
"Western Pacific","Tonga",2015,0.1,"Utilized",NA
"Eastern Mediterranean","Tunisia",2015,11.3,"Actual",9
"Eastern Mediterranean","Tunisia",2015,11.3,"Utilized",9
"Europe","Turkmenistan",2015,5.4,"Actual",NA
"Europe","Turkmenistan",2015,5.4,"Utilized",NA
"Western Pacific","Tuvalu",2015,0,"Actual",NA
"Western Pacific","Tuvalu",2015,0,"Utilized",NA
"Africa","Uganda",2015,39,"Actual",NA
"Africa","Uganda",2015,39,"Utilized",NA
"Africa","United Republic of Tanzania",2015,53.5,"Actual",NA
"Africa","United Republic of Tanzania",2015,53.5,"Utilized",NA
"Western Pacific","Vanuatu",2015,0.3,"Actual",NA
"Western Pacific","Vanuatu",2015,0.3,"Utilized",NA
"Western Pacific","Viet Nam",2015,93.4,"Actual",17
"Western Pacific","Viet Nam",2015,93.4,"Utilized",17
"Eastern Mediterranean","Yemen",2015,26.8,"Actual",NA
"Eastern Mediterranean","Yemen",2015,26.8,"Utilized",NA
"Africa","Zambia",2015,16.2,"Actual",NA
"Africa","Zambia",2015,16.2,"Utilized",NA
"Africa","Zimbabwe",2015,15.6,"Actual",NA
"Africa","Zimbabwe",2015,15.6,"Utilized",NA
"Europe","Kyrgyzstan",2015,5.9,"Actual",0
"Europe","Kyrgyzstan",2015,5.9,"Utilized",0
"Europe","Germany",2015,80.7,"Actual",877
"Europe","Germany",2015,80.7,"Utilized",863
"Africa","Nigeria",2015,182.2,"Actual",0
"Africa","Nigeria",2015,182.2,"Utilized",0
"Europe","Austria",2015,8.5,"Actual",205
"Europe","Austria",2015,8.5,"Utilized",196
"Africa","Botswana",2015,2.3,"Actual",NA
"Africa","Botswana",2015,2.3,"Utilized",NA
"Eastern Mediterranean","Bahrain",2015,1.4,"Actual",NA
"Eastern Mediterranean","Bahrain",2015,1.4,"Utilized",NA
"America","Trinidad and Tobago",2015,1.4,"Actual",NA
"America","Trinidad and Tobago",2015,1.4,"Utilized",NA
"Europe","Armenia",2016,3,"Actual",0
"Europe","Armenia",2016,3,"Utilized",0
"Western Pacific","Australia",2016,24.3,"Actual",503
"Western Pacific","Australia",2016,24.3,"Utilized",480
"Europe","Bosnia and Herzegovina",2016,3.8,"Actual",5
"Europe","Bosnia and Herzegovina",2016,3.8,"Utilized",5
"America","Canada",2016,36.3,"Actual",758
"America","Canada",2016,36.3,"Utilized",758
"Europe","Georgia",2016,4,"Actual",0
"Europe","Georgia",2016,4,"Utilized",0
"Europe","Iceland",2016,0.3,"Actual",9
"Europe","Iceland",2016,0.3,"Utilized",8
"Europe","Israel",2016,8.2,"Actual",85
"Europe","Israel",2016,8.2,"Utilized",80
"Europe","Republic of Moldova",2016,4.1,"Actual",13
"Europe","Republic of Moldova",2016,4.1,"Utilized",13
"Europe","Montenegro",2016,0.6,"Actual",0
"Europe","Montenegro",2016,0.6,"Utilized",0
"Western Pacific","New Zealand",2016,4.6,"Actual",61
"Western Pacific","New Zealand",2016,4.6,"Utilized",59
"Europe","Norway",2016,5.3,"Actual",111
"Europe","Norway",2016,5.3,"Utilized",107
"Europe","Russian Federation",2016,143.4,"Actual",487
"Europe","Russian Federation",2016,143.4,"Utilized",487
"Europe","Switzerland",2016,8.4,"Actual",111
"Europe","Switzerland",2016,8.4,"Utilized",106
"Europe","Türkiye",2016,79.6,"Actual",562
"Europe","Türkiye",2016,79.6,"Utilized",492
"America","United States of America",2016,324.1,"Actual",9970
"America","United States of America",2016,324.1,"Utilized",9381
"America","Argentina",2016,43.8,"Actual",515
"America","Argentina",2016,43.8,"Utilized",481
"America","Brazil",2016,209.6,"Actual",2983
"America","Brazil",2016,209.6,"Utilized",2823
"America","Chile",2016,18.1,"Actual",134
"America","Chile",2016,18.1,"Utilized",128
"America","Colombia",2016,48.7,"Actual",343
"America","Colombia",2016,48.7,"Utilized",336
"America","Costa Rica",2016,4.9,"Actual",23
"America","Costa Rica",2016,4.9,"Utilized",23
"America","Cuba",2016,11.4,"Actual",149
"America","Cuba",2016,11.4,"Utilized",103
"America","Dominican Republic",2016,10.6,"Actual",15
"America","Dominican Republic",2016,10.6,"Utilized",15
"America","Ecuador",2016,16.4,"Actual",83
"America","Ecuador",2016,16.4,"Utilized",82
"America","Guatemala",2016,16.7,"Actual",8
"America","Guatemala",2016,16.7,"Utilized",NA
"America","Mexico",2016,128.6,"Actual",470
"America","Mexico",2016,128.6,"Utilized",452
"America","Panama",2016,4,"Actual",29
"America","Panama",2016,4,"Utilized",28
"America","Paraguay",2016,6.7,"Actual",11
"America","Paraguay",2016,6.7,"Utilized",11
"America","Uruguay",2016,3.4,"Actual",57
"America","Uruguay",2016,3.4,"Utilized",56
"Western Pacific","Malaysia",2016,30.8,"Actual",6
"Western Pacific","Malaysia",2016,30.8,"Utilized",5
"Eastern Mediterranean","Syrian Arab Republic",2016,18.6,"Actual",0
"Eastern Mediterranean","Syrian Arab Republic",2016,18.6,"Utilized",0
"Eastern Mediterranean","Kuwait",2016,4,"Actual",18
"Eastern Mediterranean","Kuwait",2016,4,"Utilized",16
"Eastern Mediterranean","Sudan",2016,41.2,"Actual",0
"Eastern Mediterranean","Sudan",2016,41.2,"Utilized",0
"Europe","Austria",2016,8.6,"Actual",217
"Europe","Austria",2016,8.6,"Utilized",207
"Europe","Belgium",2016,11.4,"Actual",351
"Europe","Belgium",2016,11.4,"Utilized",321
"Europe","Bulgaria",2016,7.1,"Actual",39
"Europe","Bulgaria",2016,7.1,"Utilized",17
"Europe","Croatia",2016,4.2,"Actual",166
"Europe","Croatia",2016,4.2,"Utilized",150
"Europe","Cyprus",2016,1.2,"Actual",4
"Europe","Cyprus",2016,1.2,"Utilized",3
"Europe","Czech Republic",2016,10.5,"Actual",266
"Europe","Czech Republic",2016,10.5,"Utilized",244
"Europe","Denmark",2016,5.7,"Actual",100
"Europe","Denmark",2016,5.7,"Utilized",89
"Europe","Estonia",2016,1.3,"Actual",22
"Europe","Estonia",2016,1.3,"Utilized",22
"Europe","Finland",2016,5.5,"Actual",136
"Europe","Finland",2016,5.5,"Utilized",132
"Europe","France",2016,64.7,"Actual",1859
"Europe","France",2016,64.7,"Utilized",1804
"Europe","Germany",2016,80.7,"Actual",857
"Europe","Germany",2016,80.7,"Utilized",833
"Europe","Greece",2016,10.9,"Actual",51
"Europe","Greece",2016,10.9,"Utilized",45
"Europe","Hungary",2016,9.8,"Actual",182
"Europe","Hungary",2016,9.8,"Utilized",177
"Europe","Ireland",2016,4.7,"Actual",77
"Europe","Ireland",2016,4.7,"Utilized",72
"Europe","Italy",2016,59.8,"Actual",1478
"Europe","Italy",2016,59.8,"Utilized",1298
"Europe","Latvia",2016,2,"Actual",30
"Europe","Latvia",2016,2,"Utilized",26
"Europe","Lithuania",2016,2.9,"Actual",63
"Europe","Lithuania",2016,2.9,"Utilized",61
"Eastern Mediterranean","Saudi Arabia",2016,32.2,"Actual",92
"Eastern Mediterranean","Saudi Arabia",2016,32.2,"Utilized",83
"Europe","Malta",2016,0.4,"Actual",10
"Europe","Malta",2016,0.4,"Utilized",8
"Europe","Netherlands",2016,17,"Actual",250
"Europe","Netherlands",2016,17,"Utilized",235
"Europe","Poland",2016,38.6,"Actual",542
"Europe","Poland",2016,38.6,"Utilized",525
"Europe","Portugal",2016,10.3,"Actual",337
"Europe","Portugal",2016,10.3,"Utilized",313
"Europe","Romania",2016,19.4,"Actual",124
"Europe","Romania",2016,19.4,"Utilized",122
"Europe","Slovakia",2016,5.4,"Actual",72
"Europe","Slovakia",2016,5.4,"Utilized",67
"Europe","Slovenia",2016,2.1,"Actual",42
"Europe","Slovenia",2016,2.1,"Utilized",41
"Europe","Spain",2016,46.1,"Actual",2019
"Europe","Spain",2016,46.1,"Utilized",1743
"Europe","Sweden",2016,9.9,"Actual",195
"Europe","Sweden",2016,9.9,"Utilized",185
"Europe","United Kingdom",2016,65.1,"Actual",1401
"Europe","United Kingdom",2016,65.1,"Utilized",1329
"Europe","Republic of North Macedonia",2016,2.1,"Actual",0
"Europe","Republic of North Macedonia",2016,2.1,"Utilized",0
"America","Honduras",2016,8.2,"Actual",0
"America","Honduras",2016,8.2,"Utilized",0
"Europe","Luxembourg",2016,0.6,"Actual",3
"Europe","Luxembourg",2016,0.6,"Utilized",3
"Western Pacific","Australia",2014,23.6,"Actual",378
"Western Pacific","Australia",2014,23.6,"Utilized",361
"Europe","Belarus",2016,9.5,"Actual",222
"Europe","Belarus",2016,9.5,"Utilized",208
"Eastern Mediterranean","Afghanistan",2016,33.4,"Actual",NA
"Eastern Mediterranean","Afghanistan",2016,33.4,"Utilized",NA
"Europe","Albania",2016,2.9,"Actual",NA
"Europe","Albania",2016,2.9,"Utilized",NA
"Africa","Algeria",2016,40.4,"Actual",NA
"Africa","Algeria",2016,40.4,"Utilized",NA
"Africa","Angola",2016,25.8,"Actual",NA
"Africa","Angola",2016,25.8,"Utilized",NA
"America","Antigua and Barbuda",2016,0.1,"Actual",NA
"America","Antigua and Barbuda",2016,0.1,"Utilized",NA
"Europe","Azerbaijan",2016,9.9,"Actual",NA
"Europe","Azerbaijan",2016,9.9,"Utilized",NA
"America","Bahamas",2016,0.4,"Actual",NA
"America","Bahamas",2016,0.4,"Utilized",NA
"Eastern Mediterranean","Bahrain",2016,1.4,"Actual",NA
"Eastern Mediterranean","Bahrain",2016,1.4,"Utilized",NA
"South-East Asia","Bangladesh",2016,162.9,"Actual",NA
"South-East Asia","Bangladesh",2016,162.9,"Utilized",NA
"America","Barbados",2016,0.3,"Actual",NA
"America","Barbados",2016,0.3,"Utilized",NA
"America","Belize",2016,0.4,"Actual",NA
"America","Belize",2016,0.4,"Utilized",NA
"Africa","Benin",2016,11.2,"Actual",NA
"Africa","Benin",2016,11.2,"Utilized",NA
"South-East Asia","Bhutan",2016,0.8,"Actual",NA
"South-East Asia","Bhutan",2016,0.8,"Utilized",NA
"America","Bolivia (Plurinational State of)",2016,10.9,"Actual",NA
"America","Bolivia (Plurinational State of)",2016,10.9,"Utilized",NA
"Africa","Botswana",2016,2.3,"Actual",NA
"Africa","Botswana",2016,2.3,"Utilized",NA
"Western Pacific","Brunei Darussalam",2016,0.4,"Actual",NA
"Western Pacific","Brunei Darussalam",2016,0.4,"Utilized",NA
"Africa","Burkina Faso",2016,18.6,"Actual",NA
"Africa","Burkina Faso",2016,18.6,"Utilized",NA
"Africa","Burundi",2016,11.6,"Actual",NA
"Africa","Burundi",2016,11.6,"Utilized",NA
"Western Pacific","Cambodia",2016,15.8,"Actual",NA
"Western Pacific","Cambodia",2016,15.8,"Utilized",NA
"Africa","Cameroon",2016,23.9,"Actual",NA
"Africa","Cameroon",2016,23.9,"Utilized",NA
"Africa","Cape Verde",2016,0.5,"Actual",NA
"Africa","Cape Verde",2016,0.5,"Utilized",NA
"Africa","Central African Republic",2016,5,"Actual",NA
"Africa","Central African Republic",2016,5,"Utilized",NA
"Africa","Chad",2016,14.5,"Actual",NA
"Africa","Chad",2016,14.5,"Utilized",NA
"Western Pacific","China",2016,1382.3,"Actual",4080
"Western Pacific","China",2016,1382.3,"Utilized",4002
"Africa","Comoros",2016,0.8,"Actual",NA
"Africa","Comoros",2016,0.8,"Utilized",NA
"Africa","Democratic Republic of The Congo",2016,79.9,"Actual",NA
"Africa","Democratic Republic of The Congo",2016,79.9,"Utilized",NA
"Africa","Congo",2016,4.7,"Actual",NA
"Africa","Congo",2016,4.7,"Utilized",NA
"Africa","Côte d’Ivoire",2016,23.3,"Actual",NA
"Africa","Côte d’Ivoire",2016,23.3,"Utilized",NA
"Eastern Mediterranean","Djibouti",2016,0.9,"Actual",NA
"Eastern Mediterranean","Djibouti",2016,0.9,"Utilized",NA
"America","Dominica",2016,0.1,"Actual",NA
"America","Dominica",2016,0.1,"Utilized",NA
"Eastern Mediterranean","Egypt",2016,93.4,"Actual",NA
"Eastern Mediterranean","Egypt",2016,93.4,"Utilized",NA
"America","El Salvador",2016,6.1,"Actual",NA
"America","El Salvador",2016,6.1,"Utilized",NA
"Africa","Equatorial Guinea",2016,0.9,"Actual",NA
"Africa","Equatorial Guinea",2016,0.9,"Utilized",NA
"Africa","Eritrea",2016,5.4,"Actual",NA
"Africa","Eritrea",2016,5.4,"Utilized",NA
"Africa","Ethiopia",2016,101.9,"Actual",0
"Africa","Ethiopia",2016,101.9,"Utilized",0
"Western Pacific","Fiji",2016,0.9,"Actual",0
"Western Pacific","Fiji",2016,0.9,"Utilized",0
"Africa","Gabon",2016,1.8,"Actual",NA
"Africa","Gabon",2016,1.8,"Utilized",NA
"Africa","Gambia",2016,2.1,"Actual",NA
"Africa","Gambia",2016,2.1,"Utilized",NA
"Africa","Ghana",2016,28,"Actual",0
"Africa","Ghana",2016,28,"Utilized",0
"America","Grenada",2016,0.1,"Actual",NA
"America","Grenada",2016,0.1,"Utilized",NA
"Africa","Guinea",2016,12.9,"Actual",NA
"Africa","Guinea",2016,12.9,"Utilized",NA
"Africa","Guinea-Bissau",2016,1.9,"Actual",NA
"Africa","Guinea-Bissau",2016,1.9,"Utilized",NA
"America","Guyana",2016,0.8,"Actual",NA
"America","Guyana",2016,0.8,"Utilized",NA
"America","Haiti",2016,10.8,"Actual",NA
"America","Haiti",2016,10.8,"Utilized",NA
"South-East Asia","India",2016,1326.8,"Actual",930
"South-East Asia","India",2016,1326.8,"Utilized",759
"South-East Asia","Indonesia",2016,260.6,"Actual",NA
"South-East Asia","Indonesia",2016,260.6,"Utilized",NA
"Eastern Mediterranean","Iran (Islamic Republic of)",2016,80,"Actual",870
"Eastern Mediterranean","Iran (Islamic Republic of)",2016,80,"Utilized",870
"Eastern Mediterranean","Iraq",2016,37.5,"Actual",NA
"Eastern Mediterranean","Iraq",2016,37.5,"Utilized",NA
"America","Jamaica",2016,2.8,"Actual",NA
"America","Jamaica",2016,2.8,"Utilized",NA
"Western Pacific","Japan",2016,126.3,"Actual",96
"Western Pacific","Japan",2016,126.3,"Utilized",95
"Eastern Mediterranean","Jordan",2016,7.7,"Actual",0
"Eastern Mediterranean","Jordan",2016,7.7,"Utilized",0
"Europe","Kazakhstan",2016,17.9,"Actual",16
"Europe","Kazakhstan",2016,17.9,"Utilized",16
"Africa","Kenya",2016,47.3,"Actual",NA
"Africa","Kenya",2016,47.3,"Utilized",NA
"Western Pacific","Kiribati",2016,0.1,"Actual",NA
"Western Pacific","Kiribati",2016,0.1,"Utilized",NA
"South-East Asia","Democratic People's Republic of Korea",2016,25.3,"Actual",NA
"South-East Asia","Democratic People's Republic of Korea",2016,25.3,"Utilized",NA
"Western Pacific","Republic of Korea",2016,50.5,"Actual",NA
"Western Pacific","Republic of Korea",2016,50.5,"Utilized",NA
"Europe","Kyrgyzstan",2016,6,"Actual",NA
"Europe","Kyrgyzstan",2016,6,"Utilized",NA
"Western Pacific","Lao People's Democratic Republic",2016,6.9,"Actual",NA
"Western Pacific","Lao People's Democratic Republic",2016,6.9,"Utilized",NA
"Eastern Mediterranean","Lebanon",2016,6,"Actual",NA
"Eastern Mediterranean","Lebanon",2016,6,"Utilized",NA
"Africa","Lesotho",2016,2.2,"Actual",NA
"Africa","Lesotho",2016,2.2,"Utilized",NA
"Africa","Liberia",2016,4.6,"Actual",NA
"Africa","Liberia",2016,4.6,"Utilized",NA
"Eastern Mediterranean","State of Libya",2016,6.3,"Actual",NA
"Eastern Mediterranean","State of Libya",2016,6.3,"Utilized",NA
"Africa","Madagascar",2016,24.9,"Actual",NA
"Africa","Madagascar",2016,24.9,"Utilized",NA
"Africa","Malawi",2016,17.7,"Actual",NA
"Africa","Malawi",2016,17.7,"Utilized",NA
"South-East Asia","Maldives",2016,0.4,"Actual",NA
"South-East Asia","Maldives",2016,0.4,"Utilized",NA
"Africa","Mali",2016,18.1,"Actual",NA
"Africa","Mali",2016,18.1,"Utilized",NA
"Africa","Mauritania",2016,4.2,"Actual",NA
"Africa","Mauritania",2016,4.2,"Utilized",NA
"Africa","Mauritius",2016,1.3,"Actual",NA
"Africa","Mauritius",2016,1.3,"Utilized",NA
"Western Pacific","Micronesia (Federated States of)",2016,0.1,"Actual",NA
"Western Pacific","Micronesia (Federated States of)",2016,0.1,"Utilized",NA
"Western Pacific","Mongolia",2016,3,"Actual",NA
"Western Pacific","Mongolia",2016,3,"Utilized",NA
"Eastern Mediterranean","Morocco",2016,34.8,"Actual",NA
"Eastern Mediterranean","Morocco",2016,34.8,"Utilized",NA
"Africa","Mozambique",2016,28.8,"Actual",NA
"Africa","Mozambique",2016,28.8,"Utilized",NA
"South-East Asia","Myanmar",2016,54.4,"Actual",NA
"South-East Asia","Myanmar",2016,54.4,"Utilized",NA
"Africa","Namibia",2016,2.5,"Actual",NA
"Africa","Namibia",2016,2.5,"Utilized",NA
"South-East Asia","Nepal",2016,28.9,"Actual",NA
"South-East Asia","Nepal",2016,28.9,"Utilized",NA
"America","Nicaragua",2016,6.2,"Actual",NA
"America","Nicaragua",2016,6.2,"Utilized",NA
"Africa","Niger",2016,20.7,"Actual",NA
"Africa","Niger",2016,20.7,"Utilized",NA
"Africa","Nigeria",2016,187,"Actual",0
"Africa","Nigeria",2016,187,"Utilized",0
"Eastern Mediterranean","Oman",2016,4.7,"Actual",NA
"Eastern Mediterranean","Oman",2016,4.7,"Utilized",NA
"Eastern Mediterranean","Pakistan",2016,192.8,"Actual",0
"Eastern Mediterranean","Pakistan",2016,192.8,"Utilized",0
"Western Pacific","Papua New Guinea",2016,7.8,"Actual",NA
"Western Pacific","Papua New Guinea",2016,7.8,"Utilized",NA
"America","Peru",2016,31.8,"Actual",70
"America","Peru",2016,31.8,"Utilized",70
"Eastern Mediterranean","Qatar",2016,2.3,"Actual",6
"Eastern Mediterranean","Qatar",2016,2.3,"Utilized",6
"Africa","Rwanda",2016,11.9,"Actual",NA
"Africa","Rwanda",2016,11.9,"Utilized",NA
"America","Saint Kitts and Nevis",2016,0.1,"Actual",NA
"America","Saint Kitts and Nevis",2016,0.1,"Utilized",NA
"America","Saint Lucia",2016,0.2,"Actual",NA
"America","Saint Lucia",2016,0.2,"Utilized",NA
"America","Saint Vincent and the Grenadines",2016,0.1,"Actual",NA
"America","Saint Vincent and the Grenadines",2016,0.1,"Utilized",NA
"Western Pacific","Samoa",2016,0.2,"Actual",NA
"Western Pacific","Samoa",2016,0.2,"Utilized",NA
"Europe","San Marino",2016,0,"Actual",NA
"Europe","San Marino",2016,0,"Utilized",NA
"Africa","Sao Tome and Principe",2016,0.2,"Actual",NA
"Africa","Sao Tome and Principe",2016,0.2,"Utilized",NA
"Africa","Senegal",2016,15.6,"Actual",NA
"Africa","Senegal",2016,15.6,"Utilized",NA
"Europe","Serbia",2016,8.8,"Actual",NA
"Europe","Serbia",2016,8.8,"Utilized",NA
"Africa","Seychelles",2016,0.1,"Actual",NA
"Africa","Seychelles",2016,0.1,"Utilized",NA
"Africa","Sierra Leone",2016,6.6,"Actual",NA
"Africa","Sierra Leone",2016,6.6,"Utilized",NA
"Western Pacific","Singapore",2016,5.7,"Actual",27
"Western Pacific","Singapore",2016,5.7,"Utilized",27
"Western Pacific","Solomon Islands",2016,0.6,"Actual",NA
"Western Pacific","Solomon Islands",2016,0.6,"Utilized",NA
"Eastern Mediterranean","Somalia",2016,11.1,"Actual",NA
"Eastern Mediterranean","Somalia",2016,11.1,"Utilized",NA
"Africa","South Africa",2016,55,"Actual",72
"Africa","South Africa",2016,55,"Utilized",72
"Eastern Mediterranean","South Sudan",2016,12.7,"Actual",NA
"Eastern Mediterranean","South Sudan",2016,12.7,"Utilized",NA
"South-East Asia","Sri Lanka",2016,20.8,"Actual",NA
"South-East Asia","Sri Lanka",2016,20.8,"Utilized",NA
"America","Suriname",2016,0.5,"Actual",NA
"America","Suriname",2016,0.5,"Utilized",NA
"Africa","Eswatini",2016,1.3,"Actual",NA
"Africa","Eswatini",2016,1.3,"Utilized",NA
"Europe","Tajikistan",2016,8.7,"Actual",NA
"Europe","Tajikistan",2016,8.7,"Utilized",NA
"Africa","United Republic of Tanzania",2016,55.2,"Actual",NA
"Africa","United Republic of Tanzania",2016,55.2,"Utilized",NA
"South-East Asia","Thailand",2016,68.1,"Actual",220
"South-East Asia","Thailand",2016,68.1,"Utilized",217
"South-East Asia","Timor-Leste",2016,1.2,"Actual",NA
"South-East Asia","Timor-Leste",2016,1.2,"Utilized",NA
"Africa","Togo",2016,7.5,"Actual",NA
"Africa","Togo",2016,7.5,"Utilized",NA
"Western Pacific","Tonga",2016,0.1,"Actual",NA
"Western Pacific","Tonga",2016,0.1,"Utilized",NA
"America","Trinidad and Tobago",2016,1.4,"Actual",NA
"America","Trinidad and Tobago",2016,1.4,"Utilized",NA
"Eastern Mediterranean","Tunisia",2016,11.4,"Actual",NA
"Eastern Mediterranean","Tunisia",2016,11.4,"Utilized",NA
"Europe","Turkmenistan",2016,5.4,"Actual",NA
"Europe","Turkmenistan",2016,5.4,"Utilized",NA
"Western Pacific","Tuvalu",2016,0,"Actual",NA
"Western Pacific","Tuvalu",2016,0,"Utilized",NA
"Africa","Uganda",2016,40.3,"Actual",NA
"Africa","Uganda",2016,40.3,"Utilized",NA
"Europe","Ukraine",2016,44.6,"Actual",NA
"Europe","Ukraine",2016,44.6,"Utilized",NA
"Eastern Mediterranean","United Arab Emirates",2016,9.3,"Actual",NA
"Eastern Mediterranean","United Arab Emirates",2016,9.3,"Utilized",NA
"Europe","Uzbekistan",2016,30.3,"Actual",NA
"Europe","Uzbekistan",2016,30.3,"Utilized",NA
"Western Pacific","Vanuatu",2016,0.3,"Actual",NA
"Western Pacific","Vanuatu",2016,0.3,"Utilized",NA
"America","Venezuela (Bolivarian Republic of)",2016,31.5,"Actual",NA
"America","Venezuela (Bolivarian Republic of)",2016,31.5,"Utilized",NA
"Western Pacific","Viet Nam",2016,94.4,"Actual",NA
"Western Pacific","Viet Nam",2016,94.4,"Utilized",NA
"Eastern Mediterranean","Yemen",2016,27.5,"Actual",NA
"Eastern Mediterranean","Yemen",2016,27.5,"Utilized",NA
"Africa","Zambia",2016,16.7,"Actual",NA
"Africa","Zambia",2016,16.7,"Utilized",NA
"Africa","Zimbabwe",2016,16,"Actual",NA
"Africa","Zimbabwe",2016,16,"Utilized",NA
"Western Pacific","Philippines",2016,102.3,"Actual",21
"Western Pacific","Philippines",2016,102.3,"Utilized",21
"America","Bolivia (Plurinational State of)",2017,11.1,"Actual",10
"America","Bolivia (Plurinational State of)",2017,11.1,"Utilized",10
"America","Brazil",2017,209.3,"Actual",3420
"America","Brazil",2017,209.3,"Utilized",3011
"America","Chile",2017,18.1,"Actual",173
"America","Chile",2017,18.1,"Utilized",164
"Western Pacific","Malaysia",2017,31.6,"Actual",13
"Western Pacific","Malaysia",2017,31.6,"Utilized",13
"America","Colombia",2017,49.1,"Actual",437
"America","Colombia",2017,49.1,"Utilized",434
"America","Costa Rica",2017,4.9,"Actual",22
"America","Costa Rica",2017,4.9,"Utilized",22
"America","Cuba",2017,11.5,"Actual",142
"America","Cuba",2017,11.5,"Utilized",116
"America","Dominican Republic",2017,10.8,"Actual",14
"America","Dominican Republic",2017,10.8,"Utilized",14
"America","Ecuador",2017,16.6,"Actual",83
"America","Ecuador",2017,16.6,"Utilized",77
"America","Guatemala",2017,16.9,"Actual",2
"America","Guatemala",2017,16.9,"Utilized",2
"America","Mexico",2017,129.2,"Actual",509
"America","Mexico",2017,129.2,"Utilized",505
"America","Nicaragua",2017,6.2,"Actual",1
"America","Nicaragua",2017,6.2,"Utilized",1
"America","Panama",2017,4.1,"Actual",17
"America","Panama",2017,4.1,"Utilized",16
"America","Paraguay",2017,6.8,"Actual",11
"America","Paraguay",2017,6.8,"Utilized",11
"Eastern Mediterranean","Sudan",2017,40.5,"Actual",0
"Eastern Mediterranean","Sudan",2017,40.5,"Utilized",0
"Eastern Mediterranean","Syrian Arab Republic",2017,18.3,"Actual",0
"Eastern Mediterranean","Syrian Arab Republic",2017,18.3,"Utilized",0
"Eastern Mediterranean","Kuwait",2017,4.1,"Actual",20
"Eastern Mediterranean","Kuwait",2017,4.1,"Utilized",20
"America","Peru",2017,32.2,"Actual",52
"America","Peru",2017,32.2,"Utilized",50
"America","Uruguay",2017,3.5,"Actual",66
"America","Uruguay",2017,3.5,"Utilized",66
"Europe","Armenia",2017,2.9,"Actual",0
"Europe","Armenia",2017,2.9,"Utilized",0
"Western Pacific","Australia",2017,24.5,"Actual",510
"Western Pacific","Australia",2017,24.5,"Utilized",482
"Europe","Belarus",2017,9.5,"Actual",224
"Europe","Belarus",2017,9.5,"Utilized",210
"Europe","Bosnia and Herzegovina",2017,3.5,"Actual",3
"Europe","Bosnia and Herzegovina",2017,3.5,"Utilized",2
"America","Canada",2017,36.6,"Actual",802
"America","Canada",2017,36.6,"Utilized",802
"Europe","Georgia",2017,3.9,"Actual",0
"Europe","Georgia",2017,3.9,"Utilized",0
"Europe","Iceland",2017,0.3,"Actual",6
"Europe","Iceland",2017,0.3,"Utilized",6
"Europe","Israel",2017,8.3,"Actual",92
"Europe","Israel",2017,8.3,"Utilized",88
"Europe","Republic of North Macedonia",2017,2.1,"Actual",0
"Europe","Republic of North Macedonia",2017,2.1,"Utilized",0
"Europe","Republic of Moldova",2017,4.1,"Actual",16
"Europe","Republic of Moldova",2017,4.1,"Utilized",14
"Europe","Norway",2017,5.3,"Actual",116
"Europe","Norway",2017,5.3,"Utilized",112
"Western Pacific","New Zealand",2017,4.7,"Actual",73
"Western Pacific","New Zealand",2017,4.7,"Utilized",68
"Europe","Russian Federation",2017,144,"Actual",572
"Europe","Russian Federation",2017,144,"Utilized",564
"Europe","Switzerland",2017,8.5,"Actual",145
"Europe","Switzerland",2017,8.5,"Utilized",141
"Europe","Türkiye",2017,80.7,"Actual",554
"Europe","Türkiye",2017,80.7,"Utilized",438
"America","United States of America",2017,324.5,"Actual",10286
"America","United States of America",2017,324.5,"Utilized",9706
"America","Argentina",2017,44.3,"Actual",593
"America","Argentina",2017,44.3,"Utilized",546
"America","Honduras",2017,9.3,"Actual",0
"America","Honduras",2017,9.3,"Utilized",0
"Eastern Mediterranean","Saudi Arabia",2017,32.9,"Actual",104
"Eastern Mediterranean","Saudi Arabia",2017,32.9,"Utilized",103
"Europe","Austria",2017,8.7,"Actual",213
"Europe","Austria",2017,8.7,"Utilized",206
"Europe","Belgium",2017,11.4,"Actual",348
"Europe","Belgium",2017,11.4,"Utilized",348
"Europe","Bulgaria",2017,7.1,"Actual",43
"Europe","Bulgaria",2017,7.1,"Utilized",19
"Europe","Croatia",2017,4.2,"Actual",140
"Europe","Croatia",2017,4.2,"Utilized",132
"Europe","Denmark",2017,5.7,"Actual",103
"Europe","Denmark",2017,5.7,"Utilized",97
"Europe","Estonia",2017,1.3,"Actual",18
"Europe","Estonia",2017,1.3,"Utilized",18
"Europe","Finland",2017,5.5,"Actual",118
"Europe","Finland",2017,5.5,"Utilized",116
"Europe","Czech Republic",2017,10.6,"Actual",269
"Europe","Czech Republic",2017,10.6,"Utilized",249
"Europe","France",2017,65,"Actual",1933
"Europe","France",2017,65,"Utilized",1882
"Europe","Germany",2017,82.1,"Actual",797
"Europe","Germany",2017,82.1,"Utilized",769
"Europe","Greece",2017,11.2,"Actual",67
"Europe","Greece",2017,11.2,"Utilized",57
"Europe","Hungary",2017,9.7,"Actual",159
"Europe","Hungary",2017,9.7,"Utilized",151
"Europe","Ireland",2017,4.8,"Actual",99
"Europe","Ireland",2017,4.8,"Utilized",92
"Europe","Italy",2017,59.4,"Actual",1714
"Europe","Italy",2017,59.4,"Utilized",1437
"Europe","Latvia",2017,1.9,"Actual",24
"Europe","Latvia",2017,1.9,"Utilized",20
"Europe","Lithuania",2017,2.9,"Actual",40
"Europe","Lithuania",2017,2.9,"Utilized",40
"Europe","Luxembourg",2017,0.6,"Actual",9
"Europe","Luxembourg",2017,0.6,"Utilized",9
"Europe","Malta",2017,0.4,"Actual",12
"Europe","Malta",2017,0.4,"Utilized",12
"Europe","Netherlands",2017,17,"Actual",258
"Europe","Netherlands",2017,17,"Utilized",244
"Europe","Poland",2017,38.2,"Actual",560
"Europe","Poland",2017,38.2,"Utilized",542
"Europe","Portugal",2017,10.3,"Actual",351
"Europe","Portugal",2017,10.3,"Utilized",322
"Europe","Romania",2017,19.7,"Actual",65
"Europe","Romania",2017,19.7,"Utilized",64
"Europe","Slovakia",2017,5.4,"Actual",86
"Europe","Slovakia",2017,5.4,"Utilized",80
"Europe","Slovenia",2017,2.1,"Actual",43
"Europe","Slovenia",2017,2.1,"Utilized",39
"Europe","Sweden",2017,9.9,"Actual",192
"Europe","Sweden",2017,9.9,"Utilized",188
"Europe","Spain",2017,46.4,"Actual",2183
"Europe","Spain",2017,46.4,"Utilized",1906
"Europe","United Kingdom",2017,66.2,"Actual",1492
"Europe","United Kingdom",2017,66.2,"Utilized",1413
"Europe","Cyprus",2017,1.2,"Actual",10
"Europe","Cyprus",2017,1.2,"Utilized",9
"Western Pacific","China",2017,1417.5,"Actual",5146
"Western Pacific","China",2017,1417.5,"Utilized",5028
"Western Pacific","Japan",2017,127.5,"Actual",111
"Western Pacific","Japan",2017,127.5,"Utilized",109
"Eastern Mediterranean","Qatar",2017,2.6,"Actual",8
"Eastern Mediterranean","Qatar",2017,2.6,"Utilized",8
"Europe","Kazakhstan",2017,18.2,"Actual",24
"Europe","Kazakhstan",2017,18.2,"Utilized",24
"Africa","Ethiopia",2017,105,"Actual",0
"Africa","Ethiopia",2017,105,"Utilized",0
"Eastern Mediterranean","Jordan",2017,9.7,"Actual",0
"Eastern Mediterranean","Jordan",2017,9.7,"Utilized",0
"Africa","South Africa",2017,56.7,"Actual",91
"Africa","South Africa",2017,56.7,"Utilized",91
"Africa","Kenya",2017,49.7,"Actual",NA
"Africa","Kenya",2017,49.7,"Utilized",NA
"South-East Asia","Thailand",2017,69,"Actual",294
"South-East Asia","Thailand",2017,69,"Utilized",286
"Eastern Mediterranean","Syrian Arab Republic",2018,18.3,"Actual",0
"Eastern Mediterranean","Syrian Arab Republic",2018,18.3,"Utilized",0
"Eastern Mediterranean","Afghanistan",2017,35.5,"Actual",NA
"Eastern Mediterranean","Afghanistan",2017,35.5,"Utilized",NA
"Europe","Albania",2017,2.9,"Actual",NA
"Europe","Albania",2017,2.9,"Utilized",NA
"Africa","Algeria",2017,41.3,"Actual",NA
"Africa","Algeria",2017,41.3,"Utilized",NA
"Africa","Angola",2017,29.8,"Actual",NA
"Africa","Angola",2017,29.8,"Utilized",NA
"America","Antigua and Barbuda",2017,0.1,"Actual",NA
"America","Antigua and Barbuda",2017,0.1,"Utilized",NA
"Europe","Azerbaijan",2017,9.8,"Actual",NA
"Europe","Azerbaijan",2017,9.8,"Utilized",NA
"America","Bahamas",2017,0.4,"Actual",NA
"America","Bahamas",2017,0.4,"Utilized",NA
"Eastern Mediterranean","Bahrain",2017,1.5,"Actual",NA
"Eastern Mediterranean","Bahrain",2017,1.5,"Utilized",NA
"South-East Asia","Bangladesh",2017,164.7,"Actual",NA
"South-East Asia","Bangladesh",2017,164.7,"Utilized",NA
"America","Barbados",2017,0.3,"Actual",NA
"America","Barbados",2017,0.3,"Utilized",NA
"America","Belize",2017,0.4,"Actual",NA
"America","Belize",2017,0.4,"Utilized",NA
"Africa","Benin",2017,11.2,"Actual",NA
"Africa","Benin",2017,11.2,"Utilized",NA
"South-East Asia","Bhutan",2017,0.8,"Actual",NA
"South-East Asia","Bhutan",2017,0.8,"Utilized",NA
"Africa","Botswana",2017,2.3,"Actual",NA
"Africa","Botswana",2017,2.3,"Utilized",NA
"Western Pacific","Brunei Darussalam",2017,0.4,"Actual",NA
"Western Pacific","Brunei Darussalam",2017,0.4,"Utilized",NA
"Africa","Burkina Faso",2017,19.2,"Actual",NA
"Africa","Burkina Faso",2017,19.2,"Utilized",NA
"Africa","Burundi",2017,10.9,"Actual",NA
"Africa","Burundi",2017,10.9,"Utilized",NA
"Western Pacific","Cambodia",2017,16,"Actual",NA
"Western Pacific","Cambodia",2017,16,"Utilized",NA
"Africa","Cameroon",2017,24.1,"Actual",NA
"Africa","Cameroon",2017,24.1,"Utilized",NA
"Africa","Cape Verde",2017,0.5,"Actual",NA
"Africa","Cape Verde",2017,0.5,"Utilized",NA
"Africa","Central African Republic",2017,4.7,"Actual",NA
"Africa","Central African Republic",2017,4.7,"Utilized",NA
"Africa","Chad",2017,14.9,"Actual",NA
"Africa","Chad",2017,14.9,"Utilized",NA
"Africa","Comoros",2017,0.8,"Actual",NA
"Africa","Comoros",2017,0.8,"Utilized",NA
"Africa","Democratic Republic of The Congo",2017,81.3,"Actual",NA
"Africa","Democratic Republic of The Congo",2017,81.3,"Utilized",NA
"Africa","Congo",2017,5.3,"Actual",NA
"Africa","Congo",2017,5.3,"Utilized",NA
"Africa","Côte d’Ivoire",2017,24.3,"Actual",NA
"Africa","Côte d’Ivoire",2017,24.3,"Utilized",NA
"Eastern Mediterranean","Djibouti",2017,1,"Actual",NA
"Eastern Mediterranean","Djibouti",2017,1,"Utilized",NA
"America","Dominica",2017,0.1,"Actual",NA
"America","Dominica",2017,0.1,"Utilized",NA
"Eastern Mediterranean","Egypt",2017,97.6,"Actual",NA
"Eastern Mediterranean","Egypt",2017,97.6,"Utilized",NA
"Africa","Equatorial Guinea",2017,1.3,"Actual",NA
"Africa","Equatorial Guinea",2017,1.3,"Utilized",NA
"Africa","Eritrea",2017,5.1,"Actual",NA
"Africa","Eritrea",2017,5.1,"Utilized",NA
"Western Pacific","Fiji",2017,0.9,"Actual",NA
"Western Pacific","Fiji",2017,0.9,"Utilized",NA
"Africa","Gabon",2017,2,"Actual",NA
"Africa","Gabon",2017,2,"Utilized",NA
"Africa","Gambia",2017,2.1,"Actual",NA
"Africa","Gambia",2017,2.1,"Utilized",NA
"Africa","Ghana",2017,28.8,"Actual",NA
"Africa","Ghana",2017,28.8,"Utilized",NA
"America","Grenada",2017,0.1,"Actual",NA
"America","Grenada",2017,0.1,"Utilized",NA
"Africa","Guinea",2017,12.7,"Actual",NA
"Africa","Guinea",2017,12.7,"Utilized",NA
"Africa","Guinea-Bissau",2017,1.9,"Actual",NA
"Africa","Guinea-Bissau",2017,1.9,"Utilized",NA
"America","Guyana",2017,0.8,"Actual",NA
"America","Guyana",2017,0.8,"Utilized",NA
"America","Haiti",2017,11,"Actual",NA
"America","Haiti",2017,11,"Utilized",NA
"South-East Asia","Indonesia",2017,264,"Actual",NA
"South-East Asia","Indonesia",2017,264,"Utilized",NA
"South-East Asia","India",2017,1339.2,"Actual",773
"South-East Asia","India",2017,1339.2,"Utilized",725
"Eastern Mediterranean","Iran (Islamic Republic of)",2017,81.2,"Actual",926
"Eastern Mediterranean","Iran (Islamic Republic of)",2017,81.2,"Utilized",NA
"America","Jamaica",2017,2.9,"Actual",NA
"America","Jamaica",2017,2.9,"Utilized",NA
"Western Pacific","Kiribati",2017,0.1,"Actual",NA
"Western Pacific","Kiribati",2017,0.1,"Utilized",NA
"South-East Asia","Democratic People's Republic of Korea",2017,25.5,"Actual",NA
"South-East Asia","Democratic People's Republic of Korea",2017,25.5,"Utilized",NA
"Eastern Mediterranean","Sudan",2018,41.5,"Actual",0
"Eastern Mediterranean","Sudan",2018,41.5,"Utilized",0
"Western Pacific","Malaysia",2018,32,"Actual",7
"Western Pacific","Malaysia",2018,32,"Utilized",7
"Western Pacific","Republic of Korea",2017,51,"Actual",515
"Western Pacific","Republic of Korea",2017,51,"Utilized",515
"Europe","Kyrgyzstan",2017,6,"Actual",NA
"Europe","Kyrgyzstan",2017,6,"Utilized",NA
"Western Pacific","Lao People's Democratic Republic",2017,6.9,"Actual",NA
"Western Pacific","Lao People's Democratic Republic",2017,6.9,"Utilized",NA
"Eastern Mediterranean","Lebanon",2017,6.1,"Actual",NA
"Eastern Mediterranean","Lebanon",2017,6.1,"Utilized",NA
"Africa","Lesotho",2017,2.2,"Actual",NA
"Africa","Lesotho",2017,2.2,"Utilized",NA
"Africa","Liberia",2017,4.7,"Actual",NA
"Africa","Liberia",2017,4.7,"Utilized",NA
"Eastern Mediterranean","State of Libya",2017,6.4,"Actual",NA
"Eastern Mediterranean","State of Libya",2017,6.4,"Utilized",NA
"Africa","Madagascar",2017,25.6,"Actual",NA
"Africa","Madagascar",2017,25.6,"Utilized",NA
"Africa","Malawi",2017,18.6,"Actual",NA
"Africa","Malawi",2017,18.6,"Utilized",NA
"South-East Asia","Maldives",2017,0.4,"Actual",NA
"South-East Asia","Maldives",2017,0.4,"Utilized",NA
"Africa","Mali",2017,18.5,"Actual",NA
"Africa","Mali",2017,18.5,"Utilized",NA
"Africa","Mauritania",2017,4.4,"Actual",NA
"Africa","Mauritania",2017,4.4,"Utilized",NA
"Africa","Mauritius",2017,1.3,"Actual",NA
"Africa","Mauritius",2017,1.3,"Utilized",NA
"Western Pacific","Micronesia (Federated States of)",2017,0.1,"Actual",NA
"Western Pacific","Micronesia (Federated States of)",2017,0.1,"Utilized",NA
"Western Pacific","Mongolia",2017,3.1,"Actual",0
"Western Pacific","Mongolia",2017,3.1,"Utilized",0
"Europe","Montenegro",2017,0.6,"Actual",NA
"Europe","Montenegro",2017,0.6,"Utilized",NA
"Eastern Mediterranean","Morocco",2017,35.7,"Actual",NA
"Eastern Mediterranean","Morocco",2017,35.7,"Utilized",NA
"Africa","Mozambique",2017,29.7,"Actual",NA
"Africa","Mozambique",2017,29.7,"Utilized",NA
"South-East Asia","Myanmar",2017,53.4,"Actual",NA
"South-East Asia","Myanmar",2017,53.4,"Utilized",NA
"Africa","Namibia",2017,2.5,"Actual",NA
"Africa","Namibia",2017,2.5,"Utilized",NA
"South-East Asia","Nepal",2017,29.3,"Actual",NA
"South-East Asia","Nepal",2017,29.3,"Utilized",NA
"Africa","Niger",2017,21.5,"Actual",NA
"Africa","Niger",2017,21.5,"Utilized",NA
"Africa","Nigeria",2017,190.9,"Actual",0
"Africa","Nigeria",2017,190.9,"Utilized",0
"Eastern Mediterranean","Oman",2017,4.6,"Actual",NA
"Eastern Mediterranean","Oman",2017,4.6,"Utilized",NA
"Eastern Mediterranean","Pakistan",2017,197,"Actual",0
"Eastern Mediterranean","Pakistan",2017,197,"Utilized",0
"Western Pacific","Papua New Guinea",2017,8.3,"Actual",NA
"Western Pacific","Papua New Guinea",2017,8.3,"Utilized",NA
"Western Pacific","Philippines",2017,104.9,"Actual",12
"Western Pacific","Philippines",2017,104.9,"Utilized",11
"Africa","Rwanda",2017,12.2,"Actual",NA
"Africa","Rwanda",2017,12.2,"Utilized",NA
"America","Saint Kitts and Nevis",2017,0.1,"Actual",NA
"America","Saint Kitts and Nevis",2017,0.1,"Utilized",NA
"America","Saint Lucia",2017,0.2,"Actual",NA
"America","Saint Lucia",2017,0.2,"Utilized",NA
"America","Saint Vincent and the Grenadines",2017,0.1,"Actual",NA
"America","Saint Vincent and the Grenadines",2017,0.1,"Utilized",NA
"Western Pacific","Samoa",2017,0.2,"Actual",NA
"Western Pacific","Samoa",2017,0.2,"Utilized",NA
"Africa","Sao Tome and Principe",2017,0.2,"Actual",NA
"Africa","Sao Tome and Principe",2017,0.2,"Utilized",NA
"Africa","Senegal",2017,15.9,"Actual",NA
"Africa","Senegal",2017,15.9,"Utilized",NA
"Europe","Serbia",2017,8.8,"Actual",NA
"Europe","Serbia",2017,8.8,"Utilized",NA
"Africa","Seychelles",2017,0.1,"Actual",NA
"Africa","Seychelles",2017,0.1,"Utilized",NA
"Africa","Sierra Leone",2017,7.6,"Actual",NA
"Africa","Sierra Leone",2017,7.6,"Utilized",NA
"Western Pacific","Singapore",2017,5.7,"Actual",39
"Western Pacific","Singapore",2017,5.7,"Utilized",39
"Western Pacific","Solomon Islands",2017,0.6,"Actual",NA
"Western Pacific","Solomon Islands",2017,0.6,"Utilized",NA
"Eastern Mediterranean","Somalia",2017,14.7,"Actual",NA
"Eastern Mediterranean","Somalia",2017,14.7,"Utilized",NA
"Eastern Mediterranean","South Sudan",2017,12.6,"Actual",NA
"Eastern Mediterranean","South Sudan",2017,12.6,"Utilized",NA
"South-East Asia","Sri Lanka",2017,20.9,"Actual",NA
"South-East Asia","Sri Lanka",2017,20.9,"Utilized",NA
"America","Suriname",2017,0.6,"Actual",NA
"America","Suriname",2017,0.6,"Utilized",NA
"Africa","Eswatini",2017,1.4,"Actual",NA
"Africa","Eswatini",2017,1.4,"Utilized",NA
"Europe","Tajikistan",2017,8.9,"Actual",NA
"Europe","Tajikistan",2017,8.9,"Utilized",NA
"Africa","United Republic of Tanzania",2017,57.3,"Actual",NA
"Africa","United Republic of Tanzania",2017,57.3,"Utilized",NA
"South-East Asia","Timor-Leste",2017,1.3,"Actual",NA
"South-East Asia","Timor-Leste",2017,1.3,"Utilized",NA
"Africa","Togo",2017,7.8,"Actual",NA
"Africa","Togo",2017,7.8,"Utilized",NA
"Western Pacific","Tonga",2017,0.1,"Actual",NA
"Western Pacific","Tonga",2017,0.1,"Utilized",NA
"America","Trinidad and Tobago",2017,1.4,"Actual",NA
"America","Trinidad and Tobago",2017,1.4,"Utilized",NA
"Eastern Mediterranean","Tunisia",2017,11.5,"Actual",NA
"Eastern Mediterranean","Tunisia",2017,11.5,"Utilized",NA
"Europe","Turkmenistan",2017,5.8,"Actual",NA
"Europe","Turkmenistan",2017,5.8,"Utilized",NA
"Africa","Uganda",2017,42.9,"Actual",NA
"Africa","Uganda",2017,42.9,"Utilized",NA
"Europe","Ukraine",2017,44.2,"Actual",NA
"Europe","Ukraine",2017,44.2,"Utilized",NA
"Eastern Mediterranean","United Arab Emirates",2017,9.4,"Actual",NA
"Eastern Mediterranean","United Arab Emirates",2017,9.4,"Utilized",NA
"Europe","Uzbekistan",2017,31.9,"Actual",NA
"Europe","Uzbekistan",2017,31.9,"Utilized",NA
"Western Pacific","Vanuatu",2017,0.3,"Actual",NA
"Western Pacific","Vanuatu",2017,0.3,"Utilized",NA
"America","Venezuela (Bolivarian Republic of)",2017,32,"Actual",NA
"America","Venezuela (Bolivarian Republic of)",2017,32,"Utilized",NA
"Western Pacific","Viet Nam",2017,95.5,"Actual",NA
"Western Pacific","Viet Nam",2017,95.5,"Utilized",NA
"Eastern Mediterranean","Yemen",2017,28.3,"Actual",NA
"Eastern Mediterranean","Yemen",2017,28.3,"Utilized",NA
"Africa","Zambia",2017,17.1,"Actual",NA
"Africa","Zambia",2017,17.1,"Utilized",NA
"Africa","Zimbabwe",2017,16.5,"Actual",NA
"Africa","Zimbabwe",2017,16.5,"Utilized",NA
"Europe","Andorra",2016,0.1,"Actual",NA
"Europe","Andorra",2016,0.1,"Utilized",NA
"Europe","Andorra",2017,0.1,"Actual",NA
"Europe","Andorra",2017,0.1,"Utilized",NA
"Western Pacific","Marshall Islands",2016,0.6,"Actual",NA
"Western Pacific","Marshall Islands",2016,0.6,"Utilized",NA
"Western Pacific","Marshall Islands",2017,0.6,"Actual",NA
"Western Pacific","Marshall Islands",2017,0.6,"Utilized",NA
"Europe","Monaco",2016,0,"Actual",NA
"Europe","Monaco",2016,0,"Utilized",NA
"Europe","Monaco",2017,0,"Actual",NA
"Europe","Monaco",2017,0,"Utilized",NA
"Western Pacific","Nauru",2016,0,"Actual",NA
"Western Pacific","Nauru",2016,0,"Utilized",NA
"Western Pacific","Nauru",2017,0,"Actual",NA
"Western Pacific","Nauru",2017,0,"Utilized",NA
"Western Pacific","Niue",2016,0,"Actual",NA
"Western Pacific","Niue",2016,0,"Utilized",NA
"Western Pacific","Niue",2017,0,"Actual",NA
"Western Pacific","Niue",2017,0,"Utilized",NA
"Western Pacific","Palau",2016,0,"Actual",NA
"Western Pacific","Palau",2016,0,"Utilized",NA
"Western Pacific","Palau",2017,0,"Actual",NA
"Western Pacific","Palau",2017,0,"Utilized",NA
"Europe","San Marino",2017,0,"Actual",NA
"Europe","San Marino",2017,0,"Utilized",NA
"Western Pacific","Tuvalu",2017,0,"Actual",NA
"Western Pacific","Tuvalu",2017,0,"Utilized",NA
"America","El Salvador",2017,6.4,"Actual",NA
"America","El Salvador",2017,6.4,"Utilized",NA
"Eastern Mediterranean","Iraq",2017,38.3,"Actual",NA
"Eastern Mediterranean","Iraq",2017,38.3,"Utilized",NA
"Western Pacific","Cook Islands",2016,0,"Actual",NA
"Western Pacific","Cook Islands",2016,0,"Utilized",NA
"Western Pacific","Cook Islands",2017,0,"Actual",NA
"Western Pacific","Cook Islands",2017,0,"Utilized",NA
"Eastern Mediterranean","Kuwait",2018,4.2,"Actual",12
"Eastern Mediterranean","Kuwait",2018,4.2,"Utilized",10
"America","Argentina",2018,44.7,"Actual",702
"America","Argentina",2018,44.7,"Utilized",644
"America","Brazil",2018,210.9,"Actual",3529
"America","Brazil",2018,210.9,"Utilized",3022
"America","Colombia",2018,49.5,"Actual",398
"America","Colombia",2018,49.5,"Utilized",394
"America","Costa Rica",2018,5,"Actual",35
"America","Costa Rica",2018,5,"Utilized",35
"America","Dominican Republic",2018,10.9,"Actual",9
"America","Dominican Republic",2018,10.9,"Utilized",7
"America","Guatemala",2018,17.2,"Actual",5
"America","Guatemala",2018,17.2,"Utilized",5
"America","Mexico",2018,130.8,"Actual",534
"America","Mexico",2018,130.8,"Utilized",518
"America","Panama",2018,4.2,"Actual",27
"America","Panama",2018,4.2,"Utilized",27
"America","Paraguay",2018,6.9,"Actual",13
"America","Paraguay",2018,6.9,"Utilized",13
"America","Uruguay",2018,3.5,"Actual",77
"America","Uruguay",2018,3.5,"Utilized",76
"America","Venezuela (Bolivarian Republic of)",2018,32.4,"Actual",0
"America","Venezuela (Bolivarian Republic of)",2018,32.4,"Utilized",0
"America","Chile",2018,18.2,"Actual",119
"America","Chile",2018,18.2,"Utilized",119
"Europe","Armenia",2018,2.9,"Actual",0
"Europe","Armenia",2018,2.9,"Utilized",0
"America","Canada",2018,37,"Actual",NA
"America","Canada",2018,37,"Utilized",763
"Europe","Georgia",2018,3.9,"Actual",0
"Europe","Georgia",2018,3.9,"Utilized",0
"Europe","Iceland",2018,0.3,"Actual",10
"Europe","Iceland",2018,0.3,"Utilized",10
"Europe","Israel",2018,8.5,"Actual",113
"Europe","Israel",2018,8.5,"Utilized",110
"Europe","Republic of North Macedonia",2018,2.1,"Actual",1
"Europe","Republic of North Macedonia",2018,2.1,"Utilized",1
"Europe","Republic of Moldova",2018,4,"Actual",10
"Europe","Republic of Moldova",2018,4,"Utilized",8
"Europe","Norway",2018,5.4,"Actual",104
"Europe","Norway",2018,5.4,"Utilized",100
"Europe","Switzerland",2018,8.5,"Actual",158
"Europe","Switzerland",2018,8.5,"Utilized",154
"Europe","Türkiye",2018,81.9,"Actual",598
"Europe","Türkiye",2018,81.9,"Utilized",560
"America","United States of America",2018,326.8,"Actual",10722
"America","United States of America",2018,326.8,"Utilized",10106
"Western Pacific","Australia",2018,24.8,"Actual",554
"Western Pacific","Australia",2018,24.8,"Utilized",531
"Europe","Bulgaria",2018,7,"Actual",16
"Europe","Bulgaria",2018,7,"Utilized",16
"Europe","Croatia",2018,4.2,"Actual",169
"Europe","Croatia",2018,4.2,"Utilized",151
"Europe","Cyprus",2018,1.2,"Actual",2
"Europe","Cyprus",2018,1.2,"Utilized",2
"Europe","Czech Republic",2018,10.6,"Actual",282
"Europe","Czech Republic",2018,10.6,"Utilized",259
"Europe","Denmark",2018,5.8,"Actual",100
"Europe","Denmark",2018,5.8,"Utilized",85
"Europe","Estonia",2018,1.3,"Actual",33
"Europe","Estonia",2018,1.3,"Utilized",33
"Europe","Finland",2018,5.5,"Actual",117
"Europe","Finland",2018,5.5,"Utilized",108
"Europe","Germany",2018,82.3,"Actual",955
"Europe","Germany",2018,82.3,"Utilized",933
"Europe","Hungary",2018,9.7,"Actual",168
"Europe","Hungary",2018,9.7,"Utilized",167
"Europe","Ireland",2018,4.8,"Actual",81
"Europe","Ireland",2018,4.8,"Utilized",73
"Europe","Italy",2018,59.3,"Actual",1466
"Europe","Italy",2018,59.3,"Utilized",1371
"Europe","Latvia",2018,1.9,"Actual",24
"Europe","Latvia",2018,1.9,"Utilized",22
"Europe","Lithuania",2018,2.9,"Actual",46
"Europe","Lithuania",2018,2.9,"Utilized",45
"Europe","Malta",2018,0.4,"Actual",10
"Europe","Malta",2018,0.4,"Utilized",10
"Europe","Poland",2018,38.1,"Actual",498
"Europe","Poland",2018,38.1,"Utilized",475
"Europe","Portugal",2018,10.3,"Actual",344
"Europe","Portugal",2018,10.3,"Utilized",309
"Europe","Romania",2018,19.6,"Actual",65
"Europe","Romania",2018,19.6,"Utilized",65
"Europe","Slovakia",2018,5.4,"Actual",78
"Europe","Slovakia",2018,5.4,"Utilized",74
"Europe","Sweden",2018,10,"Actual",191
"Europe","Sweden",2018,10,"Utilized",182
"Europe","United Kingdom",2018,66.6,"Actual",1619
"Europe","United Kingdom",2018,66.6,"Utilized",1542
"Europe","Spain",2018,46.4,"Actual",2241
"Europe","Spain",2018,46.4,"Utilized",1925
"Europe","France",2018,65.2,"Actual",1881
"Europe","France",2018,65.2,"Utilized",1823
"Eastern Mediterranean","Qatar",2018,2.7,"Actual",7
"Eastern Mediterranean","Qatar",2018,2.7,"Utilized",6
"Africa","Algeria",2018,42,"Actual",0
"Africa","Algeria",2018,42,"Utilized",0
"Europe","Austria",2018,8.8,"Actual",216
"Europe","Austria",2018,8.8,"Utilized",202
"Europe","Belgium",2018,11.5,"Actual",344
"Europe","Belgium",2018,11.5,"Utilized",335
"Europe","Luxembourg",2018,0.6,"Actual",7
"Europe","Luxembourg",2018,0.6,"Utilized",7
"Europe","Netherlands",2018,17.1,"Actual",281
"Europe","Netherlands",2018,17.1,"Utilized",273
"Europe","Slovenia",2018,2.1,"Actual",46
"Europe","Slovenia",2018,2.1,"Utilized",40
"America","Cuba",2018,11.5,"Actual",130
"America","Cuba",2018,11.5,"Utilized",80
"America","El Salvador",2018,6.4,"Actual",0
"America","El Salvador",2018,6.4,"Utilized",0
"Eastern Mediterranean","Saudi Arabia",2018,33.6,"Actual",96
"Eastern Mediterranean","Saudi Arabia",2018,33.6,"Utilized",94
"Europe","Russian Federation",2018,144,"Actual",646
"Europe","Russian Federation",2018,144,"Utilized",639
"Europe","Belarus",2018,9.5,"Actual",238
"Europe","Belarus",2018,9.5,"Utilized",238
"South-East Asia","India",2018,1354.1,"Actual",875
"South-East Asia","India",2018,1354.1,"Utilized",712
"America","Bolivia (Plurinational State of)",2018,11.2,"Actual",4
"America","Bolivia (Plurinational State of)",2018,11.2,"Utilized",4
"Western Pacific","New Zealand",2018,4.7,"Actual",62
"Western Pacific","New Zealand",2018,4.7,"Utilized",58
"America","Ecuador",2018,16.9,"Actual",133
"America","Ecuador",2018,16.9,"Utilized",128
"America","Nicaragua",2018,6.3,"Actual",1
"America","Nicaragua",2018,6.3,"Utilized",1
"Europe","Greece",2018,11.1,"Actual",45
"Europe","Greece",2018,11.1,"Utilized",43
"America","Peru",2018,32.6,"Actual",65
"America","Peru",2018,32.6,"Utilized",62
"Western Pacific","China",2018,1423,"Actual",6302
"Western Pacific","China",2018,1423,"Utilized",NA
"Western Pacific","Japan",2018,127.2,"Actual",95
"Western Pacific","Japan",2018,127.2,"Utilized",95
"Eastern Mediterranean","United Arab Emirates",2018,9.5,"Actual",10
"Eastern Mediterranean","United Arab Emirates",2018,9.5,"Utilized",10
"Africa","Ethiopia",2018,107.5,"Actual",0
"Africa","Ethiopia",2018,107.5,"Utilized",0
"South-East Asia","Thailand",2018,69.2,"Actual",261
"South-East Asia","Thailand",2018,69.2,"Utilized",253
"Eastern Mediterranean","Jordan",2018,9.9,"Actual",1
"Eastern Mediterranean","Jordan",2018,9.9,"Utilized",1
"Europe","Serbia",2018,8.8,"Actual",23
"Europe","Serbia",2018,8.8,"Utilized",23
"Western Pacific","Mongolia",2018,3.1,"Actual",1
"Western Pacific","Mongolia",2018,3.1,"Utilized",1
"Africa","Senegal",2018,16.3,"Actual",0
"Africa","Senegal",2018,16.3,"Utilized",0
"Africa","South Africa",2018,57.4,"Actual",92
"Africa","South Africa",2018,57.4,"Utilized",92
"Western Pacific","Singapore",2018,5.8,"Actual",26
"Western Pacific","Singapore",2018,5.8,"Utilized",26
"Africa","Nigeria",2018,195.9,"Actual",0
"Africa","Nigeria",2018,195.9,"Utilized",0
"Western Pacific","Republic of Korea",2018,51.2,"Actual",449
"Western Pacific","Republic of Korea",2018,51.2,"Utilized",449
"Eastern Mediterranean","Morocco",2018,36.2,"Actual",12
"Eastern Mediterranean","Morocco",2018,36.2,"Utilized",12
"Eastern Mediterranean","Lebanon",2018,6.1,"Actual",4
"Eastern Mediterranean","Lebanon",2018,6.1,"Utilized",2
"Africa","Kenya",2018,51,"Actual",0
"Africa","Kenya",2018,51,"Utilized",0
"Eastern Mediterranean","Pakistan",2018,200.8,"Actual",0
"Eastern Mediterranean","Pakistan",2018,200.8,"Utilized",0
"Eastern Mediterranean","Afghanistan",2018,36.4,"Actual",NA
"Eastern Mediterranean","Afghanistan",2018,36.4,"Utilized",NA
"Europe","Albania",2018,2.9,"Actual",NA
"Europe","Albania",2018,2.9,"Utilized",NA
"Africa","Angola",2018,30.8,"Actual",NA
"Africa","Angola",2018,30.8,"Utilized",NA
"America","Antigua and Barbuda",2018,0.1,"Actual",NA
"America","Antigua and Barbuda",2018,0.1,"Utilized",NA
"Europe","Azerbaijan",2018,9.9,"Actual",NA
"Europe","Azerbaijan",2018,9.9,"Utilized",NA
"America","Bahamas",2018,0.4,"Actual",NA
"America","Bahamas",2018,0.4,"Utilized",NA
"Eastern Mediterranean","Bahrain",2018,1.6,"Actual",NA
"Eastern Mediterranean","Bahrain",2018,1.6,"Utilized",NA
"South-East Asia","Bangladesh",2018,166.4,"Actual",NA
"South-East Asia","Bangladesh",2018,166.4,"Utilized",NA
"America","Barbados",2018,0.3,"Actual",NA
"America","Barbados",2018,0.3,"Utilized",NA
"America","Belize",2018,0.4,"Actual",NA
"America","Belize",2018,0.4,"Utilized",NA
"Africa","Benin",2018,11.5,"Actual",NA
"Africa","Benin",2018,11.5,"Utilized",NA
"South-East Asia","Bhutan",2018,0.8,"Actual",NA
"South-East Asia","Bhutan",2018,0.8,"Utilized",NA
"Africa","Botswana",2018,2.3,"Actual",NA
"Africa","Botswana",2018,2.3,"Utilized",NA
"Western Pacific","Brunei Darussalam",2018,0.4,"Actual",NA
"Western Pacific","Brunei Darussalam",2018,0.4,"Utilized",NA
"Africa","Burkina Faso",2018,19.8,"Actual",NA
"Africa","Burkina Faso",2018,19.8,"Utilized",NA
"Africa","Burundi",2018,11.2,"Actual",NA
"Africa","Burundi",2018,11.2,"Utilized",NA
"Western Pacific","Cambodia",2018,16.2,"Actual",NA
"Western Pacific","Cambodia",2018,16.2,"Utilized",NA
"Africa","Cameroon",2018,24.7,"Actual",NA
"Africa","Cameroon",2018,24.7,"Utilized",NA
"Africa","Cape Verde",2018,0.6,"Actual",NA
"Africa","Cape Verde",2018,0.6,"Utilized",NA
"Africa","Central African Republic",2018,4.7,"Actual",NA
"Africa","Central African Republic",2018,4.7,"Utilized",NA
"Africa","Chad",2018,15.4,"Actual",NA
"Africa","Chad",2018,15.4,"Utilized",NA
"Africa","Comoros",2018,0.8,"Actual",NA
"Africa","Comoros",2018,0.8,"Utilized",NA
"Africa","Democratic Republic of The Congo",2018,84,"Actual",NA
"Africa","Democratic Republic of The Congo",2018,84,"Utilized",NA
"Africa","Congo",2018,5.4,"Actual",NA
"Africa","Congo",2018,5.4,"Utilized",NA
"Africa","Côte d’Ivoire",2018,24.9,"Actual",NA
"Africa","Côte d’Ivoire",2018,24.9,"Utilized",NA
"Eastern Mediterranean","Djibouti",2018,1,"Actual",NA
"Eastern Mediterranean","Djibouti",2018,1,"Utilized",NA
"America","Dominica",2018,0.1,"Actual",NA
"America","Dominica",2018,0.1,"Utilized",NA
"Eastern Mediterranean","Egypt",2018,99.4,"Actual",NA
"Eastern Mediterranean","Egypt",2018,99.4,"Utilized",NA
"Africa","Equatorial Guinea",2018,1.3,"Actual",NA
"Africa","Equatorial Guinea",2018,1.3,"Utilized",NA
"Africa","Eritrea",2018,5.2,"Actual",NA
"Africa","Eritrea",2018,5.2,"Utilized",NA
"Western Pacific","Fiji",2018,0.9,"Actual",NA
"Western Pacific","Fiji",2018,0.9,"Utilized",NA
"Africa","Gabon",2018,2.1,"Actual",NA
"Africa","Gabon",2018,2.1,"Utilized",NA
"Africa","Gambia",2018,2.2,"Actual",NA
"Africa","Gambia",2018,2.2,"Utilized",NA
"Africa","Ghana",2018,29.5,"Actual",NA
"Africa","Ghana",2018,29.5,"Utilized",NA
"America","Grenada",2018,0.1,"Actual",NA
"America","Grenada",2018,0.1,"Utilized",NA
"Africa","Guinea",2018,13.1,"Actual",NA
"Africa","Guinea",2018,13.1,"Utilized",NA
"Africa","Guinea-Bissau",2018,1.9,"Actual",NA
"Africa","Guinea-Bissau",2018,1.9,"Utilized",NA
"America","Guyana",2018,0.8,"Actual",NA
"America","Guyana",2018,0.8,"Utilized",NA
"America","Haiti",2018,11.1,"Actual",NA
"America","Haiti",2018,11.1,"Utilized",NA
"America","Honduras",2018,9.4,"Actual",NA
"America","Honduras",2018,9.4,"Utilized",NA
"South-East Asia","Indonesia",2018,266.8,"Actual",NA
"South-East Asia","Indonesia",2018,266.8,"Utilized",NA
"Eastern Mediterranean","Iran (Islamic Republic of)",2018,82,"Actual",923
"Eastern Mediterranean","Iran (Islamic Republic of)",2018,82,"Utilized",NA
"Eastern Mediterranean","Iraq",2018,39.3,"Actual",NA
"Eastern Mediterranean","Iraq",2018,39.3,"Utilized",NA
"America","Jamaica",2018,2.9,"Actual",NA
"America","Jamaica",2018,2.9,"Utilized",NA
"Europe","Kazakhstan",2018,18.4,"Actual",9
"Europe","Kazakhstan",2018,18.4,"Utilized",9
"Western Pacific","Kiribati",2018,0.1,"Actual",NA
"Western Pacific","Kiribati",2018,0.1,"Utilized",NA
"South-East Asia","Democratic People's Republic of Korea",2018,25.6,"Actual",NA
"South-East Asia","Democratic People's Republic of Korea",2018,25.6,"Utilized",NA
"Europe","Kyrgyzstan",2018,6.1,"Actual",NA
"Europe","Kyrgyzstan",2018,6.1,"Utilized",NA
"Western Pacific","Lao People's Democratic Republic",2018,7,"Actual",NA
"Western Pacific","Lao People's Democratic Republic",2018,7,"Utilized",NA
"Africa","Lesotho",2018,2.3,"Actual",NA
"Africa","Lesotho",2018,2.3,"Utilized",NA
"Africa","Liberia",2018,4.9,"Actual",NA
"Africa","Liberia",2018,4.9,"Utilized",NA
"Eastern Mediterranean","State of Libya",2018,6.5,"Actual",NA
"Eastern Mediterranean","State of Libya",2018,6.5,"Utilized",NA
"Africa","Madagascar",2018,26.3,"Actual",NA
"Africa","Madagascar",2018,26.3,"Utilized",NA
"Africa","Malawi",2018,19.2,"Actual",NA
"Africa","Malawi",2018,19.2,"Utilized",NA
"South-East Asia","Maldives",2018,0.4,"Actual",NA
"South-East Asia","Maldives",2018,0.4,"Utilized",NA
"Africa","Mali",2018,19.1,"Actual",NA
"Africa","Mali",2018,19.1,"Utilized",NA
"Africa","Mauritania",2018,4.5,"Actual",NA
"Africa","Mauritania",2018,4.5,"Utilized",NA
"Africa","Mauritius",2018,1.3,"Actual",NA
"Africa","Mauritius",2018,1.3,"Utilized",NA
"Western Pacific","Micronesia (Federated States of)",2018,0.1,"Actual",NA
"Western Pacific","Micronesia (Federated States of)",2018,0.1,"Utilized",NA
"Europe","Montenegro",2018,0.6,"Actual",NA
"Europe","Montenegro",2018,0.6,"Utilized",NA
"Africa","Mozambique",2018,30.5,"Actual",NA
"Africa","Mozambique",2018,30.5,"Utilized",NA
"South-East Asia","Myanmar",2018,53.9,"Actual",NA
"South-East Asia","Myanmar",2018,53.9,"Utilized",NA
"Africa","Namibia",2018,2.6,"Actual",NA
"Africa","Namibia",2018,2.6,"Utilized",NA
"South-East Asia","Nepal",2018,29.6,"Actual",NA
"South-East Asia","Nepal",2018,29.6,"Utilized",NA
"Africa","Niger",2018,22.3,"Actual",NA
"Africa","Niger",2018,22.3,"Utilized",NA
"Eastern Mediterranean","Oman",2018,4.8,"Actual",NA
"Eastern Mediterranean","Oman",2018,4.8,"Utilized",NA
"Western Pacific","Papua New Guinea",2018,8.4,"Actual",NA
"Western Pacific","Papua New Guinea",2018,8.4,"Utilized",NA
"Western Pacific","Philippines",2018,106.5,"Actual",NA
"Western Pacific","Philippines",2018,106.5,"Utilized",NA
"Africa","Rwanda",2018,12.5,"Actual",NA
"Africa","Rwanda",2018,12.5,"Utilized",NA
"America","Saint Kitts and Nevis",2018,0.1,"Actual",NA
"America","Saint Kitts and Nevis",2018,0.1,"Utilized",NA
"America","Saint Lucia",2018,0.2,"Actual",NA
"America","Saint Lucia",2018,0.2,"Utilized",NA
"America","Saint Vincent and the Grenadines",2018,0.1,"Actual",NA
"America","Saint Vincent and the Grenadines",2018,0.1,"Utilized",NA
"Western Pacific","Samoa",2018,0.2,"Actual",NA
"Western Pacific","Samoa",2018,0.2,"Utilized",NA
"Europe","San Marino",2018,0,"Actual",NA
"Europe","San Marino",2018,0,"Utilized",NA
"Africa","Sao Tome and Principe",2018,0.2,"Actual",NA
"Africa","Sao Tome and Principe",2018,0.2,"Utilized",NA
"Africa","Seychelles",2018,0.1,"Actual",NA
"Africa","Seychelles",2018,0.1,"Utilized",NA
"Africa","Sierra Leone",2018,7.7,"Actual",NA
"Africa","Sierra Leone",2018,7.7,"Utilized",NA
"Western Pacific","Solomon Islands",2018,0.6,"Actual",NA
"Western Pacific","Solomon Islands",2018,0.6,"Utilized",NA
"Eastern Mediterranean","Somalia",2018,15.2,"Actual",NA
"Eastern Mediterranean","Somalia",2018,15.2,"Utilized",NA
"Eastern Mediterranean","South Sudan",2018,12.9,"Actual",NA
"Eastern Mediterranean","South Sudan",2018,12.9,"Utilized",NA
"South-East Asia","Sri Lanka",2018,21,"Actual",NA
"South-East Asia","Sri Lanka",2018,21,"Utilized",NA
"America","Suriname",2018,0.6,"Actual",NA
"America","Suriname",2018,0.6,"Utilized",NA
"Europe","Tajikistan",2018,9.1,"Actual",NA
"Europe","Tajikistan",2018,9.1,"Utilized",NA
"Africa","United Republic of Tanzania",2018,59.1,"Actual",NA
"Africa","United Republic of Tanzania",2018,59.1,"Utilized",NA
"South-East Asia","Timor-Leste",2018,1.3,"Actual",NA
"South-East Asia","Timor-Leste",2018,1.3,"Utilized",NA
"Africa","Togo",2018,8,"Actual",NA
"Africa","Togo",2018,8,"Utilized",NA
"Western Pacific","Tonga",2018,0.1,"Actual",NA
"Western Pacific","Tonga",2018,0.1,"Utilized",NA
"America","Trinidad and Tobago",2018,1.4,"Actual",4
"America","Trinidad and Tobago",2018,1.4,"Utilized",4
"Eastern Mediterranean","Tunisia",2018,11.7,"Actual",NA
"Eastern Mediterranean","Tunisia",2018,11.7,"Utilized",NA
"Europe","Turkmenistan",2018,5.9,"Actual",NA
"Europe","Turkmenistan",2018,5.9,"Utilized",NA
"Western Pacific","Tuvalu",2018,0,"Actual",NA
"Western Pacific","Tuvalu",2018,0,"Utilized",NA
"Africa","Uganda",2018,44.3,"Actual",NA
"Africa","Uganda",2018,44.3,"Utilized",NA
"Europe","Ukraine",2018,44,"Actual",NA
"Europe","Ukraine",2018,44,"Utilized",NA
"Europe","Uzbekistan",2018,32.4,"Actual",NA
"Europe","Uzbekistan",2018,32.4,"Utilized",NA
"Western Pacific","Vanuatu",2018,0.3,"Actual",NA
"Western Pacific","Vanuatu",2018,0.3,"Utilized",NA
"Western Pacific","Viet Nam",2018,96.5,"Actual",NA
"Western Pacific","Viet Nam",2018,96.5,"Utilized",NA
"Eastern Mediterranean","Yemen",2018,28.9,"Actual",NA
"Eastern Mediterranean","Yemen",2018,28.9,"Utilized",NA
"Africa","Zambia",2018,17.6,"Actual",NA
"Africa","Zambia",2018,17.6,"Utilized",NA
"Africa","Zimbabwe",2018,16.9,"Actual",NA
"Africa","Zimbabwe",2018,16.9,"Utilized",NA
"Western Pacific","Marshall Islands",2018,0.6,"Actual",NA
"Western Pacific","Marshall Islands",2018,0.6,"Utilized",NA
"Western Pacific","Niue",2018,0,"Actual",NA
"Western Pacific","Niue",2018,0,"Utilized",NA
"Western Pacific","Nauru",2018,0,"Actual",NA
"Western Pacific","Nauru",2018,0,"Utilized",NA
"Western Pacific","Palau",2018,0,"Actual",NA
"Western Pacific","Palau",2018,0,"Utilized",NA
"Europe","Monaco",2018,0,"Actual",NA
"Europe","Monaco",2018,0,"Utilized",NA
"Europe","Andorra",2018,0.1,"Actual",NA
"Europe","Andorra",2018,0.1,"Utilized",NA
"Western Pacific","Cook Islands",2018,0,"Actual",NA
"Western Pacific","Cook Islands",2018,0,"Utilized",NA
"Africa","Eswatini",2018,1.4,"Actual",NA
"Africa","Eswatini",2018,1.4,"Utilized",NA
"Europe","Bosnia and Herzegovina",2018,9.5,"Actual",NA
"Europe","Bosnia and Herzegovina",2018,9.5,"Utilized",NA
"Eastern Mediterranean","Afghanistan",2019,37.2,"Actual",NA
"Eastern Mediterranean","Afghanistan",2019,37.2,"Utilized",NA
"America","Argentina",2019,45.1,"Actual",884
"America","Argentina",2019,45.1,"Utilized",774
"America","Brazil",2019,212.4,"Actual",3767
"America","Brazil",2019,212.4,"Utilized",3161
"America","Chile",2019,18.3,"Actual",188
"America","Chile",2019,18.3,"Utilized",182
"America","Colombia",2019,49.8,"Actual",417
"America","Colombia",2019,49.8,"Utilized",411
"America","Costa Rica",2019,5,"Actual",33
"America","Costa Rica",2019,5,"Utilized",30
"America","Cuba",2019,11.5,"Actual",138
"America","Cuba",2019,11.5,"Utilized",85
"America","Dominican Republic",2019,11,"Actual",23
"America","Dominican Republic",2019,11,"Utilized",22
"America","Ecuador",2019,17.1,"Actual",133
"America","Ecuador",2019,17.1,"Utilized",125
"America","Mexico",2019,132.3,"Actual",500
"America","Mexico",2019,132.3,"Utilized",490
"America","Panama",2019,4.2,"Actual",18
"America","Panama",2019,4.2,"Utilized",15
"America","Paraguay",2019,7,"Actual",20
"America","Paraguay",2019,7,"Utilized",20
"America","Peru",2019,32.9,"Actual",75
"America","Peru",2019,32.9,"Utilized",75
"America","Uruguay",2019,3.5,"Actual",75
"America","Uruguay",2019,3.5,"Utilized",75
"Europe","Armenia",2019,2.9,"Actual",0
"Europe","Armenia",2019,2.9,"Utilized",0
"Europe","Belarus",2019,9.4,"Actual",248
"Europe","Belarus",2019,9.4,"Utilized",247
"Europe","Israel",2019,8.6,"Actual",101
"Europe","Israel",2019,8.6,"Utilized",100
"Europe","Iceland",2019,0.3,"Actual",7
"Europe","Iceland",2019,0.3,"Utilized",7
"Europe","Norway",2019,5.4,"Actual",115
"Europe","Norway",2019,5.4,"Utilized",113
"Europe","Republic of Moldova",2019,4,"Actual",11
"Europe","Republic of Moldova",2019,4,"Utilized",6
"Europe","Republic of North Macedonia",2019,2.1,"Actual",3
"Europe","Republic of North Macedonia",2019,2.1,"Utilized",3
"Europe","Russian Federation",2019,143.9,"Actual",740
"Europe","Russian Federation",2019,143.9,"Utilized",732
"Europe","Serbia",2019,8.7,"Actual",15
"Europe","Serbia",2019,8.7,"Utilized",15
"Europe","Türkiye",2019,83,"Actual",499
"Europe","Türkiye",2019,83,"Utilized",487
"America","United States of America",2019,329.1,"Actual",11870
"America","United States of America",2019,329.1,"Utilized",11097
"Europe","Austria",2019,8.8,"Actual",206
"Europe","Austria",2019,8.8,"Utilized",180
"Europe","Belgium",2019,11.6,"Actual",321
"Europe","Belgium",2019,11.6,"Utilized",312
"Europe","Bulgaria",2019,7,"Actual",16
"Europe","Bulgaria",2019,7,"Utilized",16
"Europe","Croatia",2019,4.1,"Actual",131
"Europe","Croatia",2019,4.1,"Utilized",128
"Europe","Cyprus",2019,1.2,"Actual",6
"Europe","Cyprus",2019,1.2,"Utilized",6
"Europe","Czech Republic",2019,10.6,"Actual",288
"Europe","Czech Republic",2019,10.6,"Utilized",265
"Europe","Denmark",2019,5.8,"Actual",102
"Europe","Denmark",2019,5.8,"Utilized",100
"Europe","Estonia",2019,1.3,"Actual",25
"Europe","Estonia",2019,1.3,"Utilized",25
"Europe","Finland",2019,5.6,"Actual",145
"Europe","Finland",2019,5.6,"Utilized",141
"Europe","Germany",2019,82.4,"Actual",932
"Europe","Germany",2019,82.4,"Utilized",899
"Europe","Greece",2019,11.1,"Actual",61
"Europe","Greece",2019,11.1,"Utilized",56
"Europe","France",2019,65.5,"Actual",1924
"Europe","France",2019,65.5,"Utilized",1882
"Eastern Mediterranean","Qatar",2019,2.7,"Actual",8
"Eastern Mediterranean","Qatar",2019,2.7,"Utilized",8
"Eastern Mediterranean","Sudan",2019,42.5,"Actual",0
"Eastern Mediterranean","Sudan",2019,42.5,"Utilized",0
"Western Pacific","Mongolia",2019,3.2,"Actual",9
"Western Pacific","Mongolia",2019,3.2,"Utilized",8
"Eastern Mediterranean","Syrian Arab Republic",2019,18.5,"Actual",0
"Eastern Mediterranean","Syrian Arab Republic",2019,18.5,"Utilized",0
"Africa","Algeria",2019,42.7,"Actual",1
"Africa","Algeria",2019,42.7,"Utilized",1
"Eastern Mediterranean","Kuwait",2019,4.2,"Actual",27
"Eastern Mediterranean","Kuwait",2019,4.2,"Utilized",26
"Eastern Mediterranean","Saudi Arabia",2019,34.1,"Actual",114
"Eastern Mediterranean","Saudi Arabia",2019,34.1,"Utilized",113
"Europe","Hungary",2019,9.7,"Actual",180
"Europe","Hungary",2019,9.7,"Utilized",177
"Europe","Ireland",2019,4.8,"Actual",85
"Europe","Ireland",2019,4.8,"Utilized",81
"Europe","Italy",2019,59.2,"Actual",1495
"Europe","Italy",2019,59.2,"Utilized",1379
"Europe","Latvia",2019,1.9,"Actual",19
"Europe","Latvia",2019,1.9,"Utilized",19
"Europe","Lithuania",2019,2.9,"Actual",52
"Europe","Lithuania",2019,2.9,"Utilized",49
"Europe","Luxembourg",2019,0.6,"Actual",5
"Europe","Luxembourg",2019,0.6,"Utilized",5
"Europe","Malta",2019,0.4,"Actual",10
"Europe","Malta",2019,0.4,"Utilized",10
"Western Pacific","Japan",2019,126.9,"Actual",125
"Western Pacific","Japan",2019,126.9,"Utilized",124
"Western Pacific","Malaysia",2019,32.5,"Actual",16
"Western Pacific","Malaysia",2019,32.5,"Utilized",15
"Eastern Mediterranean","United Arab Emirates",2019,9.7,"Actual",10
"Eastern Mediterranean","United Arab Emirates",2019,9.7,"Utilized",10
"Europe","Netherlands",2019,17.1,"Actual",258
"Europe","Netherlands",2019,17.1,"Utilized",250
"Europe","Poland",2019,38,"Actual",504
"Europe","Poland",2019,38,"Utilized",491
"Europe","Portugal",2019,10.3,"Actual",347
"Europe","Portugal",2019,10.3,"Utilized",311
"Europe","Spain",2019,46.4,"Actual",2302
"Europe","Spain",2019,46.4,"Utilized",1988
"Europe","Slovakia",2019,5.5,"Actual",98
"Europe","Slovakia",2019,5.5,"Utilized",92
"Europe","Sweden",2019,10.1,"Actual",198
"Europe","Sweden",2019,10.1,"Utilized",191
"Europe","United Kingdom",2019,67,"Actual",1653
"Europe","United Kingdom",2019,67,"Utilized",1529
"Europe","Slovenia",2019,2.1,"Actual",44
"Europe","Slovenia",2019,2.1,"Utilized",38
"Europe","Romania",2019,19.5,"Actual",85
"Europe","Romania",2019,19.5,"Utilized",84
"Western Pacific","New Zealand",2019,4.8,"Actual",74
"Western Pacific","New Zealand",2019,4.8,"Utilized",73
"Europe","Switzerland",2019,8.6,"Actual",157
"Europe","Switzerland",2019,8.6,"Utilized",153
"America","Guatemala",2019,17.6,"Actual",3
"America","Guatemala",2019,17.6,"Utilized",3
"America","Nicaragua",2019,6.4,"Actual",2
"America","Nicaragua",2019,6.4,"Utilized",2
"America","Venezuela (Bolivarian Republic of)",2019,32.8,"Actual",0
"America","Venezuela (Bolivarian Republic of)",2019,32.8,"Utilized",0
"Western Pacific","Australia",2019,25.1,"Actual",548
"Western Pacific","Australia",2019,25.1,"Utilized",511
"South-East Asia","India",2019,1368.7,"Actual",715
"South-East Asia","India",2019,1368.7,"Utilized",712
"Western Pacific","China",2019,1428.2,"Actual",5818
"Western Pacific","China",2019,1428.2,"Utilized",5775
"America","Canada",2019,37.3,"Actual",828
"America","Canada",2019,37.3,"Utilized",828
"Europe","Georgia",2019,3.9,"Actual",0
"Europe","Georgia",2019,3.9,"Utilized",0
"Africa","Nigeria",2019,201,"Actual",0
"Africa","Nigeria",2019,201,"Utilized",0
"America","Trinidad and Tobago",2019,1.4,"Actual",1
"America","Trinidad and Tobago",2019,1.4,"Utilized",1
"Africa","Ethiopia",2019,110.1,"Actual",0
"Africa","Ethiopia",2019,110.1,"Utilized",0
"Eastern Mediterranean","Jordan",2019,10.1,"Actual",0
"Eastern Mediterranean","Jordan",2019,10.1,"Utilized",0
"Eastern Mediterranean","Morocco",2019,36.6,"Actual",4
"Eastern Mediterranean","Morocco",2019,36.6,"Utilized",4
"Western Pacific","Singapore",2019,5.9,"Actual",26
"Western Pacific","Singapore",2019,5.9,"Utilized",26
"South-East Asia","Thailand",2019,69.3,"Actual",301
"South-East Asia","Thailand",2019,69.3,"Utilized",291
"Eastern Mediterranean","Pakistan",2019,204.6,"Actual",0
"Eastern Mediterranean","Pakistan",2019,204.6,"Utilized",0
"Western Pacific","Philippines",2019,108.1,"Actual",NA
"Western Pacific","Philippines",2019,108.1,"Utilized",NA
"Western Pacific","Republic of Korea",2019,51.3,"Actual",450
"Western Pacific","Republic of Korea",2019,51.3,"Utilized",450
"Europe","Andorra",2019,0.1,"Actual",NA
"Europe","Andorra",2019,0.1,"Utilized",NA
"Eastern Mediterranean","Bahrain",2019,1.6,"Actual",NA
"Eastern Mediterranean","Bahrain",2019,1.6,"Utilized",NA
"Western Pacific","Brunei Darussalam",2019,0.4,"Actual",NA
"Western Pacific","Brunei Darussalam",2019,0.4,"Utilized",NA
"Europe","Montenegro",2019,0.6,"Actual",NA
"Europe","Montenegro",2019,0.6,"Utilized",NA
"Western Pacific","Palau",2019,0,"Actual",NA
"Western Pacific","Palau",2019,0,"Utilized",NA
"Europe","Kazakhstan",2019,18.6,"Actual",9
"Europe","Kazakhstan",2019,18.6,"Utilized",9
"America","Bahamas",2019,0.4,"Actual",NA
"America","Bahamas",2019,0.4,"Utilized",NA
"America","Barbados",2019,0.3,"Actual",NA
"America","Barbados",2019,0.3,"Utilized",NA
"Eastern Mediterranean","Oman",2019,5,"Actual",NA
"Eastern Mediterranean","Oman",2019,5,"Utilized",NA
"Africa","Mauritius",2019,1.3,"Actual",NA
"Africa","Mauritius",2019,1.3,"Utilized",NA
"Africa","Seychelles",2019,0.1,"Actual",NA
"Africa","Seychelles",2019,0.1,"Utilized",NA
"Europe","Albania",2019,2.9,"Actual",NA
"Europe","Albania",2019,2.9,"Utilized",NA
"Eastern Mediterranean","Iran (Islamic Republic of)",2019,82.8,"Actual",1078
"Eastern Mediterranean","Iran (Islamic Republic of)",2019,82.8,"Utilized",NA
"South-East Asia","Sri Lanka",2019,21,"Actual",NA
"South-East Asia","Sri Lanka",2019,21,"Utilized",NA
"Europe","Bosnia and Herzegovina",2019,3.5,"Actual",NA
"Europe","Bosnia and Herzegovina",2019,3.5,"Utilized",NA
"America","Grenada",2019,0.1,"Actual",NA
"America","Grenada",2019,0.1,"Utilized",NA
"America","Saint Kitts and Nevis",2019,0.1,"Actual",NA
"America","Saint Kitts and Nevis",2019,0.1,"Utilized",NA
"Europe","Ukraine",2019,43.8,"Actual",NA
"Europe","Ukraine",2019,43.8,"Utilized",NA
"America","Antigua and Barbuda",2019,0.1,"Actual",NA
"America","Antigua and Barbuda",2019,0.1,"Utilized",NA
"America","Saint Lucia",2019,0.2,"Actual",NA
"America","Saint Lucia",2019,0.2,"Utilized",NA
"Europe","Azerbaijan",2019,10,"Actual",NA
"Europe","Azerbaijan",2019,10,"Utilized",NA
"Eastern Mediterranean","Lebanon",2019,6.1,"Actual",NA
"Eastern Mediterranean","Lebanon",2019,6.1,"Utilized",NA
"Western Pacific","Fiji",2019,0.9,"Actual",NA
"Western Pacific","Fiji",2019,0.9,"Utilized",NA
"America","Dominica",2019,0.1,"Actual",NA
"America","Dominica",2019,0.1,"Utilized",NA
"South-East Asia","Maldives",2019,0.5,"Actual",NA
"South-East Asia","Maldives",2019,0.5,"Utilized",NA
"Eastern Mediterranean","Tunisia",2019,11.8,"Actual",NA
"Eastern Mediterranean","Tunisia",2019,11.8,"Utilized",NA
"America","Saint Vincent and the Grenadines",2019,0.1,"Actual",NA
"America","Saint Vincent and the Grenadines",2019,0.1,"Utilized",NA
"America","Suriname",2019,0.6,"Actual",NA
"America","Suriname",2019,0.6,"Utilized",NA
"Africa","Botswana",2019,2.4,"Actual",NA
"Africa","Botswana",2019,2.4,"Utilized",NA
"America","Jamaica",2019,2.9,"Actual",NA
"America","Jamaica",2019,2.9,"Utilized",NA
"Western Pacific","Tonga",2019,0.1,"Actual",NA
"Western Pacific","Tonga",2019,0.1,"Utilized",NA
"Eastern Mediterranean","State of Libya",2019,6.6,"Actual",NA
"Eastern Mediterranean","State of Libya",2019,6.6,"Utilized",NA
"Europe","Uzbekistan",2019,32.8,"Actual",NA
"Europe","Uzbekistan",2019,32.8,"Utilized",NA
"America","Bolivia (Plurinational State of)",2019,11.4,"Actual",NA
"America","Bolivia (Plurinational State of)",2019,11.4,"Utilized",NA
"South-East Asia","Indonesia",2019,269.5,"Actual",NA
"South-East Asia","Indonesia",2019,269.5,"Utilized",NA
"America","Belize",2019,0.4,"Actual",NA
"America","Belize",2019,0.4,"Utilized",NA
"Western Pacific","Samoa",2019,0.2,"Actual",NA
"Western Pacific","Samoa",2019,0.2,"Utilized",NA
"Europe","Turkmenistan",2019,5.9,"Actual",NA
"Europe","Turkmenistan",2019,5.9,"Utilized",NA
"Africa","South Africa",2019,58.1,"Actual",NA
"Africa","South Africa",2019,58.1,"Utilized",NA
"Eastern Mediterranean","Egypt",2019,101.2,"Actual",NA
"Eastern Mediterranean","Egypt",2019,101.2,"Utilized",NA
"Western Pacific","Marshall Islands",2019,0.6,"Actual",NA
"Western Pacific","Marshall Islands",2019,0.6,"Utilized",NA
"Western Pacific","Viet Nam",2019,97.4,"Actual",NA
"Western Pacific","Viet Nam",2019,97.4,"Utilized",NA
"Africa","Gabon",2019,2.1,"Actual",NA
"Africa","Gabon",2019,2.1,"Utilized",NA
"Europe","Kyrgyzstan",2019,6.2,"Actual",NA
"Europe","Kyrgyzstan",2019,6.2,"Utilized",NA
"America","Guyana",2019,0.8,"Actual",NA
"America","Guyana",2019,0.8,"Utilized",NA
"Eastern Mediterranean","Iraq",2019,40.4,"Actual",NA
"Eastern Mediterranean","Iraq",2019,40.4,"Utilized",NA
"America","El Salvador",2019,6.4,"Actual",NA
"America","El Salvador",2019,6.4,"Utilized",NA
"Europe","Tajikistan",2019,9.3,"Actual",NA
"Europe","Tajikistan",2019,9.3,"Utilized",NA
"Africa","Cape Verde",2019,0.6,"Actual",NA
"Africa","Cape Verde",2019,0.6,"Utilized",NA
"South-East Asia","Bhutan",2019,0.8,"Actual",NA
"South-East Asia","Bhutan",2019,0.8,"Utilized",NA
"Africa","Namibia",2019,2.6,"Actual",NA
"Africa","Namibia",2019,2.6,"Utilized",NA
"America","Honduras",2019,9.6,"Actual",NA
"America","Honduras",2019,9.6,"Utilized",NA
"South-East Asia","Bangladesh",2019,168.1,"Actual",0
"South-East Asia","Bangladesh",2019,168.1,"Utilized",0
"Western Pacific","Kiribati",2019,0.1,"Actual",NA
"Western Pacific","Kiribati",2019,0.1,"Utilized",NA
"Africa","Sao Tome and Principe",2019,0.2,"Actual",NA
"Africa","Sao Tome and Principe",2019,0.2,"Utilized",NA
"Western Pacific","Micronesia (Federated States of)",2019,0.1,"Actual",NA
"Western Pacific","Micronesia (Federated States of)",2019,0.1,"Utilized",NA
"Western Pacific","Lao People's Democratic Republic",2019,7.1,"Actual",NA
"Western Pacific","Lao People's Democratic Republic",2019,7.1,"Utilized",NA
"Africa","Eswatini",2019,1.4,"Actual",NA
"Africa","Eswatini",2019,1.4,"Utilized",NA
"Africa","Ghana",2019,30.1,"Actual",NA
"Africa","Ghana",2019,30.1,"Utilized",NA
"Western Pacific","Vanuatu",2019,0.3,"Actual",NA
"Western Pacific","Vanuatu",2019,0.3,"Utilized",NA
"South-East Asia","Timor-Leste",2019,1.4,"Actual",NA
"South-East Asia","Timor-Leste",2019,1.4,"Utilized",NA
"South-East Asia","Nepal",2019,29.9,"Actual",NA
"South-East Asia","Nepal",2019,29.9,"Utilized",NA
"Africa","Kenya",2019,52.2,"Actual",NA
"Africa","Kenya",2019,52.2,"Utilized",NA
"Western Pacific","Cambodia",2019,16.5,"Actual",NA
"Western Pacific","Cambodia",2019,16.5,"Utilized",NA
"Africa","Equatorial Guinea",2019,1.4,"Actual",NA
"Africa","Equatorial Guinea",2019,1.4,"Utilized",NA
"Africa","Zambia",2019,18.1,"Actual",NA
"Africa","Zambia",2019,18.1,"Utilized",NA
"South-East Asia","Myanmar",2019,54.3,"Actual",NA
"South-East Asia","Myanmar",2019,54.3,"Utilized",NA
"Africa","Angola",2019,31.8,"Actual",NA
"Africa","Angola",2019,31.8,"Utilized",NA
"Africa","Congo",2019,5.5,"Actual",NA
"Africa","Congo",2019,5.5,"Utilized",NA
"Africa","Zimbabwe",2019,17.3,"Actual",NA
"Africa","Zimbabwe",2019,17.3,"Utilized",NA
"Western Pacific","Solomon Islands",2019,0.6,"Actual",NA
"Western Pacific","Solomon Islands",2019,0.6,"Utilized",NA
"Africa","Cameroon",2019,25.3,"Actual",NA
"Africa","Cameroon",2019,25.3,"Utilized",NA
"Western Pacific","Papua New Guinea",2019,8.6,"Actual",NA
"Western Pacific","Papua New Guinea",2019,8.6,"Utilized",NA
"Africa","Comoros",2019,0.9,"Actual",NA
"Africa","Comoros",2019,0.9,"Utilized",NA
"Africa","Mauritania",2019,4.7,"Actual",NA
"Africa","Mauritania",2019,4.7,"Utilized",NA
"Africa","Benin",2019,11.8,"Actual",NA
"Africa","Benin",2019,11.8,"Utilized",NA
"Africa","Uganda",2019,45.7,"Actual",NA
"Africa","Uganda",2019,45.7,"Utilized",NA
"Africa","Rwanda",2019,12.8,"Actual",NA
"Africa","Rwanda",2019,12.8,"Utilized",NA
"Africa","Côte d’Ivoire",2019,25.5,"Actual",NA
"Africa","Côte d’Ivoire",2019,25.5,"Utilized",NA
"Africa","United Republic of Tanzania",2019,60.9,"Actual",NA
"Africa","United Republic of Tanzania",2019,60.9,"Utilized",NA
"Africa","Madagascar",2019,27,"Actual",NA
"Africa","Madagascar",2019,27,"Utilized",NA
"Africa","Lesotho",2019,2.3,"Actual",NA
"Africa","Lesotho",2019,2.3,"Utilized",NA
"Eastern Mediterranean","Djibouti",2019,1,"Actual",NA
"Eastern Mediterranean","Djibouti",2019,1,"Utilized",NA
"Africa","Togo",2019,8.2,"Actual",NA
"Africa","Togo",2019,8.2,"Utilized",NA
"Africa","Senegal",2019,16.7,"Actual",NA
"Africa","Senegal",2019,16.7,"Utilized",NA
"America","Haiti",2019,11.2,"Actual",NA
"America","Haiti",2019,11.2,"Utilized",NA
"Africa","Gambia",2019,2.2,"Actual",NA
"Africa","Gambia",2019,2.2,"Utilized",NA
"Africa","Malawi",2019,19.7,"Actual",NA
"Africa","Malawi",2019,19.7,"Utilized",NA
"Africa","Democratic Republic of The Congo",2019,86.7,"Actual",NA
"Africa","Democratic Republic of The Congo",2019,86.7,"Utilized",NA
"Africa","Guinea-Bissau",2019,2,"Actual",NA
"Africa","Guinea-Bissau",2019,2,"Utilized",NA
"Africa","Liberia",2019,5,"Actual",NA
"Africa","Liberia",2019,5,"Utilized",NA
"Africa","Guinea",2019,13.4,"Actual",NA
"Africa","Guinea",2019,13.4,"Utilized",NA
"Eastern Mediterranean","Yemen",2019,29.6,"Actual",NA
"Eastern Mediterranean","Yemen",2019,29.6,"Utilized",NA
"Africa","Eritrea",2019,5.3,"Actual",NA
"Africa","Eritrea",2019,5.3,"Utilized",NA
"Africa","Mozambique",2019,31.4,"Actual",NA
"Africa","Mozambique",2019,31.4,"Utilized",NA
"Africa","Burkina Faso",2019,20.3,"Actual",NA
"Africa","Burkina Faso",2019,20.3,"Utilized",NA
"Africa","Sierra Leone",2019,7.9,"Actual",NA
"Africa","Sierra Leone",2019,7.9,"Utilized",NA
"Africa","Mali",2019,19.7,"Actual",NA
"Africa","Mali",2019,19.7,"Utilized",NA
"Africa","Burundi",2019,11.6,"Actual",NA
"Africa","Burundi",2019,11.6,"Utilized",NA
"Eastern Mediterranean","South Sudan",2019,13.3,"Actual",NA
"Eastern Mediterranean","South Sudan",2019,13.3,"Utilized",NA
"Africa","Chad",2019,15.8,"Actual",NA
"Africa","Chad",2019,15.8,"Utilized",NA
"Africa","Central African Republic",2019,4.8,"Actual",NA
"Africa","Central African Republic",2019,4.8,"Utilized",NA
"Africa","Niger",2019,23.2,"Actual",NA
"Africa","Niger",2019,23.2,"Utilized",NA
"South-East Asia","Democratic People's Republic of Korea",2019,25.7,"Actual",NA
"South-East Asia","Democratic People's Republic of Korea",2019,25.7,"Utilized",NA
"Europe","San Marino",2019,0,"Actual",NA
"Europe","San Marino",2019,0,"Utilized",NA
"Eastern Mediterranean","Somalia",2019,15.6,"Actual",NA
"Eastern Mediterranean","Somalia",2019,15.6,"Utilized",NA
"Western Pacific","Tuvalu",2019,0,"Actual",NA
"Western Pacific","Tuvalu",2019,0,"Utilized",NA
"Europe","Monaco",2019,0,"Actual",NA
"Europe","Monaco",2019,0,"Utilized",NA
"Western Pacific","Cook Islands",2019,0,"Actual",NA
"Western Pacific","Cook Islands",2019,0,"Utilized",NA
"Western Pacific","Niue",2019,0,"Actual",NA
"Western Pacific","Niue",2019,0,"Utilized",NA
"Western Pacific","Nauru",2019,0,"Actual",NA
"Western Pacific","Nauru",2019,0,"Utilized",NA
"Europe","Austria",2020,9,"Actual",213
"Europe","Austria",2020,9,"Utilized",188
"Europe","Belgium",2020,11.6,"Actual",249
"Europe","Belgium",2020,11.6,"Utilized",245
"Europe","Bulgaria",2020,6.9,"Actual",4
"Europe","Bulgaria",2020,6.9,"Utilized",4
"Europe","Croatia",2020,4.1,"Actual",104
"Europe","Croatia",2020,4.1,"Utilized",97
"Europe","Denmark",2020,5.8,"Actual",124
"Europe","Denmark",2020,5.8,"Utilized",121
"Europe","Estonia",2020,1.3,"Actual",33
"Europe","Estonia",2020,1.3,"Utilized",33
"Europe","Finland",2020,5.5,"Actual",126
"Europe","Finland",2020,5.5,"Utilized",121
"Europe","Germany",2020,83.8,"Actual",913
"Europe","Germany",2020,83.8,"Utilized",887
"Europe","Hungary",2020,9.7,"Actual",111
"Europe","Hungary",2020,9.7,"Utilized",108
"Europe","Latvia",2020,1.9,"Actual",21
"Europe","Latvia",2020,1.9,"Utilized",20
"Europe","Lithuania",2020,2.7,"Actual",49
"Europe","Lithuania",2020,2.7,"Utilized",49
"Europe","Luxembourg",2020,0.6,"Actual",3
"Europe","Luxembourg",2020,0.6,"Utilized",3
"Europe","Malta",2020,0.4,"Actual",2
"Europe","Malta",2020,0.4,"Utilized",2
"Europe","Netherlands",2020,17.1,"Actual",255
"Europe","Netherlands",2020,17.1,"Utilized",251
"Europe","Slovenia",2020,2.1,"Actual",47
"Europe","Slovenia",2020,2.1,"Utilized",39
"Europe","Sweden",2020,10.1,"Actual",181
"Europe","Sweden",2020,10.1,"Utilized",174
"Europe","United Kingdom",2020,67.9,"Actual",1248
"Europe","United Kingdom",2020,67.9,"Utilized",1180
"Europe","Spain",2020,46.8,"Actual",1777
"Europe","Spain",2020,46.8,"Utilized",1581
"Europe","Armenia",2020,3,"Actual",0
"Europe","Armenia",2020,3,"Utilized",0
"Europe","Georgia",2020,4,"Actual",0
"Europe","Georgia",2020,4,"Utilized",0
"Europe","Iceland",2020,0.3,"Actual",4
"Europe","Iceland",2020,0.3,"Utilized",4
"Europe","Israel",2020,8.7,"Actual",92
"Europe","Israel",2020,8.7,"Utilized",89
"Europe","Republic of North Macedonia",2020,2.1,"Actual",2
"Europe","Republic of North Macedonia",2020,2.1,"Utilized",2
"Europe","Norway",2020,5.4,"Actual",102
"Europe","Norway",2020,5.4,"Utilized",101
"America","United States of America",2020,331,"Actual",12588
"America","United States of America",2020,331,"Utilized",11578
"America","Costa Rica",2020,5.1,"Actual",27
"America","Costa Rica",2020,5.1,"Utilized",26
"America","Dominican Republic",2020,10.8,"Actual",4
"America","Dominican Republic",2020,10.8,"Utilized",4
"America","Paraguay",2020,7.1,"Actual",6
"America","Paraguay",2020,7.1,"Utilized",6
"Europe","Belarus",2020,9.4,"Actual",201
"Europe","Belarus",2020,9.4,"Utilized",192
"Europe","Ukraine",2020,43.7,"Actual",11
"Europe","Ukraine",2020,43.7,"Utilized",11
"Europe","Italy",2020,60.5,"Actual",1303
"Europe","Italy",2020,60.5,"Utilized",1235
"Europe","Poland",2020,37.8,"Actual",393
"Europe","Poland",2020,37.8,"Utilized",387
"Europe","Portugal",2020,10.2,"Actual",253
"Europe","Portugal",2020,10.2,"Utilized",236
"Europe","Republic of Moldova",2020,4,"Actual",2
"Europe","Republic of Moldova",2020,4,"Utilized",1
"America","Argentina",2020,45.2,"Actual",445
"America","Argentina",2020,45.2,"Utilized",414
"America","Panama",2020,4.3,"Actual",3
"America","Panama",2020,4.3,"Utilized",3
"America","Uruguay",2020,3.5,"Actual",63
"America","Uruguay",2020,3.5,"Utilized",63
"Europe","Czech Republic",2020,10.7,"Actual",249
"Europe","Czech Republic",2020,10.7,"Utilized",226
"America","Mexico",2020,128.9,"Actual",152
"America","Mexico",2020,128.9,"Utilized",150
"Europe","France",2020,65.3,"Actual",1512
"Europe","France",2020,65.3,"Utilized",1474
"Europe","Cyprus",2020,1.2,"Actual",5
"Europe","Cyprus",2020,1.2,"Utilized",5
"America","El Salvador",2020,6.5,"Actual",0
"America","El Salvador",2020,6.5,"Utilized",0
"Europe","Greece",2020,10.4,"Actual",48
"Europe","Greece",2020,10.4,"Utilized",46
"America","Brazil",2020,212.6,"Actual",3027
"America","Brazil",2020,212.6,"Utilized",2708
"America","Peru",2020,33,"Actual",17
"America","Peru",2020,33,"Utilized",15
"Western Pacific","Australia",2020,25.5,"Actual",463
"Western Pacific","Australia",2020,25.5,"Utilized",440
"Europe","Bosnia and Herzegovina",2020,3.3,"Actual",1
"Europe","Bosnia and Herzegovina",2020,3.3,"Utilized",1
"Western Pacific","New Zealand",2020,4.8,"Actual",64
"Western Pacific","New Zealand",2020,4.8,"Utilized",60
"Europe","Serbia",2020,8.7,"Actual",3
"Europe","Serbia",2020,8.7,"Utilized",3
"Europe","Switzerland",2020,8.7,"Actual",146
"Europe","Switzerland",2020,8.7,"Utilized",136
"Europe","Türkiye",2020,84.3,"Actual",172
"Europe","Türkiye",2020,84.3,"Utilized",148
"Europe","Romania",2020,19.2,"Actual",66
"Europe","Romania",2020,19.2,"Utilized",66
"Europe","Slovakia",2020,5.5,"Actual",70
"Europe","Slovakia",2020,5.5,"Utilized",67
"America","Venezuela (Bolivarian Republic of)",2020,28.4,"Actual",0
"America","Venezuela (Bolivarian Republic of)",2020,28.4,"Utilized",0
"America","Ecuador",2020,17.6,"Actual",29
"America","Ecuador",2020,17.6,"Utilized",28
"Europe","Russian Federation",2020,145.9,"Actual",572
"Europe","Russian Federation",2020,145.9,"Utilized",564
"Europe","Ireland",2020,4.9,"Actual",63
"Europe","Ireland",2020,4.9,"Utilized",60
"Europe","Albania",2020,2.9,"Actual",0
"Europe","Albania",2020,2.9,"Utilized",0
"South-East Asia","Bangladesh",2020,164.7,"Actual",0
"South-East Asia","Bangladesh",2020,164.7,"Utilized",0
"Africa","Kenya",2020,53.8,"Actual",0
"Africa","Kenya",2020,53.8,"Utilized",0
"Eastern Mediterranean","Kuwait",2020,4.3,"Actual",14
"Eastern Mediterranean","Kuwait",2020,4.3,"Utilized",14
"Western Pacific","Mongolia",2020,3.3,"Actual",5
"Western Pacific","Mongolia",2020,3.3,"Utilized",5
"Africa","Algeria",2020,43.9,"Actual",0
"Africa","Algeria",2020,43.9,"Utilized",0
"Eastern Mediterranean","Oman",2020,5.1,"Actual",0
"Eastern Mediterranean","Oman",2020,5.1,"Utilized",0
"Eastern Mediterranean","Pakistan",2020,220.9,"Actual",0
"Eastern Mediterranean","Pakistan",2020,220.9,"Utilized",0
"Eastern Mediterranean","Qatar",2020,2.9,"Actual",2
"Eastern Mediterranean","Qatar",2020,2.9,"Utilized",2
"Eastern Mediterranean","Sudan",2020,43.8,"Actual",0
"Eastern Mediterranean","Sudan",2020,43.8,"Utilized",0
"Western Pacific","China",2020,1447.4,"Actual",5222
"Western Pacific","China",2020,1447.4,"Utilized",5185
"Eastern Mediterranean","Syrian Arab Republic",2020,17.5,"Actual",0
"Eastern Mediterranean","Syrian Arab Republic",2020,17.5,"Utilized",0
"America","Trinidad and Tobago",2020,1.4,"Actual",2
"America","Trinidad and Tobago",2020,1.4,"Utilized",2
"Eastern Mediterranean","United Arab Emirates",2020,9.9,"Actual",9
"Eastern Mediterranean","United Arab Emirates",2020,9.9,"Utilized",9
"Africa","Ethiopia",2020,115,"Actual",0
"Africa","Ethiopia",2020,115,"Utilized",0
"South-East Asia","Thailand",2020,69.8,"Actual",315
"South-East Asia","Thailand",2020,69.8,"Utilized",304
"Western Pacific","Malaysia",2020,32.4,"Actual",28
"Western Pacific","Malaysia",2020,32.4,"Utilized",27
"Western Pacific","Japan",2020,126.5,"Actual",77
"Western Pacific","Japan",2020,126.5,"Utilized",77
"America","Bolivia (Plurinational State of)",2020,11.7,"Actual",0
"America","Bolivia (Plurinational State of)",2020,11.7,"Utilized",0
"America","Cuba",2020,11.3,"Actual",51
"America","Cuba",2020,11.3,"Utilized",51
"America","Guatemala",2020,17.9,"Actual",0
"America","Guatemala",2020,17.9,"Utilized",0
"Eastern Mediterranean","Saudi Arabia",2020,34.8,"Actual",65
"Eastern Mediterranean","Saudi Arabia",2020,34.8,"Utilized",63
"Eastern Mediterranean","Iran (Islamic Republic of)",2020,84,"Actual",645
"Eastern Mediterranean","Iran (Islamic Republic of)",2020,84,"Utilized",NA
"America","Colombia",2020,50.9,"Actual",222
"America","Colombia",2020,50.9,"Utilized",219
"America","Canada",2020,37.7,"Actual",734
"America","Canada",2020,37.7,"Utilized",734
"South-East Asia","India",2020,1380,"Actual",351
"South-East Asia","India",2020,1380,"Utilized",348
"America","Chile",2020,19.1,"Actual",141
"America","Chile",2020,19.1,"Utilized",132
"Africa","Nigeria",2020,206.1,"Actual",0
"Africa","Nigeria",2020,206.1,"Utilized",0
"Africa","United Republic of Tanzania",2020,59.7,"Actual",0
"Africa","United Republic of Tanzania",2020,59.7,"Utilized",0
"Western Pacific","Singapore",2020,5.9,"Actual",12
"Western Pacific","Singapore",2020,5.9,"Utilized",12
"Western Pacific","Republic of Korea",2020,51.3,"Actual",478
"Western Pacific","Republic of Korea",2020,51.3,"Utilized",478
"South-East Asia","Sri Lanka",2020,21.4,"Actual",98
"South-East Asia","Sri Lanka",2020,21.4,"Utilized",98
"Eastern Mediterranean","Jordan",2020,10.2,"Actual",1
"Eastern Mediterranean","Jordan",2020,10.2,"Utilized",1
"Eastern Mediterranean","Morocco",2020,36.9,"Actual",5
"Eastern Mediterranean","Morocco",2020,36.9,"Utilized",5
"Western Pacific","Philippines",2020,109.6,"Actual",6
"Western Pacific","Philippines",2020,109.6,"Utilized",6
"Eastern Mediterranean","Afghanistan",2020,38.9,"Actual",NA
"Eastern Mediterranean","Afghanistan",2020,38.9,"Utilized",NA
"Africa","Angola",2020,32.9,"Actual",NA
"Africa","Angola",2020,32.9,"Utilized",NA
"America","Antigua and Barbuda",2020,0.1,"Actual",NA
"America","Antigua and Barbuda",2020,0.1,"Utilized",NA
"Europe","Azerbaijan",2020,10.1,"Actual",NA
"Europe","Azerbaijan",2020,10.1,"Utilized",NA
"America","Bahamas",2020,0.4,"Actual",NA
"America","Bahamas",2020,0.4,"Utilized",NA
"Eastern Mediterranean","Bahrain",2020,1.7,"Actual",NA
"Eastern Mediterranean","Bahrain",2020,1.7,"Utilized",NA
"America","Barbados",2020,0.3,"Actual",NA
"America","Barbados",2020,0.3,"Utilized",NA
"America","Belize",2020,0.4,"Actual",NA
"America","Belize",2020,0.4,"Utilized",NA
"Africa","Benin",2020,12.1,"Actual",NA
"Africa","Benin",2020,12.1,"Utilized",NA
"South-East Asia","Bhutan",2020,0.8,"Actual",NA
"South-East Asia","Bhutan",2020,0.8,"Utilized",NA
"Africa","Botswana",2020,2.4,"Actual",NA
"Africa","Botswana",2020,2.4,"Utilized",NA
"Western Pacific","Brunei Darussalam",2020,0.4,"Actual",NA
"Western Pacific","Brunei Darussalam",2020,0.4,"Utilized",NA
"Africa","Burkina Faso",2020,20.9,"Actual",NA
"Africa","Burkina Faso",2020,20.9,"Utilized",NA
"Africa","Burundi",2020,11.9,"Actual",NA
"Africa","Burundi",2020,11.9,"Utilized",NA
"Western Pacific","Cambodia",2020,16.7,"Actual",NA
"Western Pacific","Cambodia",2020,16.7,"Utilized",NA
"Africa","Cameroon",2020,26.5,"Actual",NA
"Africa","Cameroon",2020,26.5,"Utilized",NA
"Africa","Cape Verde",2020,0.6,"Actual",NA
"Africa","Cape Verde",2020,0.6,"Utilized",NA
"Africa","Central African Republic",2020,4.8,"Actual",NA
"Africa","Central African Republic",2020,4.8,"Utilized",NA
"Africa","Chad",2020,16.4,"Actual",NA
"Africa","Chad",2020,16.4,"Utilized",NA
"Africa","Comoros",2020,0.9,"Actual",NA
"Africa","Comoros",2020,0.9,"Utilized",NA
"Africa","Democratic Republic of The Congo",2020,89.6,"Actual",NA
"Africa","Democratic Republic of The Congo",2020,89.6,"Utilized",NA
"Africa","Congo",2020,5.5,"Actual",NA
"Africa","Congo",2020,5.5,"Utilized",NA
"Africa","Côte d’Ivoire",2020,26.4,"Actual",NA
"Africa","Côte d’Ivoire",2020,26.4,"Utilized",NA
"Eastern Mediterranean","Djibouti",2020,1,"Actual",NA
"Eastern Mediterranean","Djibouti",2020,1,"Utilized",NA
"America","Dominica",2020,0.1,"Actual",NA
"America","Dominica",2020,0.1,"Utilized",NA
"Eastern Mediterranean","Egypt",2020,102.3,"Actual",NA
"Eastern Mediterranean","Egypt",2020,102.3,"Utilized",NA
"Africa","Equatorial Guinea",2020,1.4,"Actual",NA
"Africa","Equatorial Guinea",2020,1.4,"Utilized",NA
"Africa","Eritrea",2020,3.5,"Actual",NA
"Africa","Eritrea",2020,3.5,"Utilized",NA
"Western Pacific","Fiji",2020,0.9,"Actual",NA
"Western Pacific","Fiji",2020,0.9,"Utilized",NA
"Africa","Gabon",2020,2.2,"Actual",NA
"Africa","Gabon",2020,2.2,"Utilized",NA
"Africa","Gambia",2020,2.4,"Actual",NA
"Africa","Gambia",2020,2.4,"Utilized",NA
"Africa","Ghana",2020,31.1,"Actual",NA
"Africa","Ghana",2020,31.1,"Utilized",NA
"Africa","Guinea",2020,13.1,"Actual",NA
"Africa","Guinea",2020,13.1,"Utilized",NA
"Africa","Guinea-Bissau",2020,2,"Actual",NA
"Africa","Guinea-Bissau",2020,2,"Utilized",NA
"America","Guyana",2020,0.8,"Actual",NA
"America","Guyana",2020,0.8,"Utilized",NA
"America","Haiti",2020,11.4,"Actual",NA
"America","Haiti",2020,11.4,"Utilized",NA
"Africa","Eswatini",2020,1.2,"Actual",NA
"Africa","Eswatini",2020,1.2,"Utilized",NA
"America","Grenada",2020,0.1,"Actual",NA
"America","Grenada",2020,0.1,"Utilized",NA
"America","Honduras",2020,9.9,"Actual",NA
"America","Honduras",2020,9.9,"Utilized",NA
"South-East Asia","Indonesia",2020,273.5,"Actual",NA
"South-East Asia","Indonesia",2020,273.5,"Utilized",NA
"Eastern Mediterranean","Iraq",2020,40.2,"Actual",NA
"Eastern Mediterranean","Iraq",2020,40.2,"Utilized",NA
"America","Jamaica",2020,3,"Actual",NA
"America","Jamaica",2020,3,"Utilized",NA
"Europe","Kazakhstan",2020,18.8,"Actual",2
"Europe","Kazakhstan",2020,18.8,"Utilized",2
"Western Pacific","Kiribati",2020,0.1,"Actual",NA
"Western Pacific","Kiribati",2020,0.1,"Utilized",NA
"South-East Asia","Democratic People's Republic of Korea",2020,25.8,"Actual",NA
"South-East Asia","Democratic People's Republic of Korea",2020,25.8,"Utilized",NA
"Europe","Kyrgyzstan",2020,6.5,"Actual",NA
"Europe","Kyrgyzstan",2020,6.5,"Utilized",NA
"Western Pacific","Lao People's Democratic Republic",2020,7.3,"Actual",NA
"Western Pacific","Lao People's Democratic Republic",2020,7.3,"Utilized",NA
"Eastern Mediterranean","Lebanon",2020,6.8,"Actual",NA
"Eastern Mediterranean","Lebanon",2020,6.8,"Utilized",NA
"Africa","Lesotho",2020,2.1,"Actual",NA
"Africa","Lesotho",2020,2.1,"Utilized",NA
"Africa","Liberia",2020,5.1,"Actual",NA
"Africa","Liberia",2020,5.1,"Utilized",NA
"Eastern Mediterranean","State of Libya",2020,6.9,"Actual",NA
"Eastern Mediterranean","State of Libya",2020,6.9,"Utilized",NA
"Africa","Madagascar",2020,27.7,"Actual",NA
"Africa","Madagascar",2020,27.7,"Utilized",NA
"Africa","Malawi",2020,19.1,"Actual",NA
"Africa","Malawi",2020,19.1,"Utilized",NA
"South-East Asia","Maldives",2020,0.5,"Actual",NA
"South-East Asia","Maldives",2020,0.5,"Utilized",NA
"Africa","Mali",2020,20.3,"Actual",NA
"Africa","Mali",2020,20.3,"Utilized",NA
"Africa","Mauritania",2020,4.6,"Actual",NA
"Africa","Mauritania",2020,4.6,"Utilized",NA
"Western Pacific","Micronesia (Federated States of)",2020,0.1,"Actual",NA
"Western Pacific","Micronesia (Federated States of)",2020,0.1,"Utilized",NA
"Africa","Mozambique",2020,31.3,"Actual",NA
"Africa","Mozambique",2020,31.3,"Utilized",NA
"South-East Asia","Myanmar",2020,54.4,"Actual",NA
"South-East Asia","Myanmar",2020,54.4,"Utilized",NA
"Africa","Namibia",2020,2.5,"Actual",NA
"Africa","Namibia",2020,2.5,"Utilized",NA
"South-East Asia","Nepal",2020,29.1,"Actual",NA
"South-East Asia","Nepal",2020,29.1,"Utilized",NA
"Africa","Niger",2020,24.2,"Actual",NA
"Africa","Niger",2020,24.2,"Utilized",NA
"Africa","Mauritius",2020,1.3,"Actual",NA
"Africa","Mauritius",2020,1.3,"Utilized",NA
"Europe","Andorra",2020,0.1,"Actual",NA
"Europe","Andorra",2020,0.1,"Utilized",NA
"Europe","Montenegro",2020,0.6,"Actual",NA
"Europe","Montenegro",2020,0.6,"Utilized",NA
"Western Pacific","Palau",2020,0,"Actual",NA
"Western Pacific","Palau",2020,0,"Utilized",NA
"Africa","Seychelles",2020,0.1,"Actual",NA
"Africa","Seychelles",2020,0.1,"Utilized",NA
"America","Saint Kitts and Nevis",2020,0.1,"Actual",NA
"America","Saint Kitts and Nevis",2020,0.1,"Utilized",NA
"America","Saint Lucia",2020,0.2,"Actual",NA
"America","Saint Lucia",2020,0.2,"Utilized",NA
"Eastern Mediterranean","Tunisia",2020,11.8,"Actual",NA
"Eastern Mediterranean","Tunisia",2020,11.8,"Utilized",NA
"America","Saint Vincent and the Grenadines",2020,0.1,"Actual",NA
"America","Saint Vincent and the Grenadines",2020,0.1,"Utilized",NA
"America","Suriname",2020,0.6,"Actual",NA
"America","Suriname",2020,0.6,"Utilized",NA
"Western Pacific","Tonga",2020,0.1,"Actual",NA
"Western Pacific","Tonga",2020,0.1,"Utilized",NA
"Europe","Uzbekistan",2020,33.5,"Actual",NA
"Europe","Uzbekistan",2020,33.5,"Utilized",NA
"Western Pacific","Samoa",2020,0.2,"Actual",NA
"Western Pacific","Samoa",2020,0.2,"Utilized",NA
"Europe","Turkmenistan",2020,6,"Actual",NA
"Europe","Turkmenistan",2020,6,"Utilized",NA
"Africa","South Africa",2020,59.3,"Actual",NA
"Africa","South Africa",2020,59.3,"Utilized",NA
"Western Pacific","Marshall Islands",2020,0,"Actual",NA
"Western Pacific","Marshall Islands",2020,0,"Utilized",NA
"Western Pacific","Viet Nam",2020,97.3,"Actual",NA
"Western Pacific","Viet Nam",2020,97.3,"Utilized",NA
"Europe","Tajikistan",2020,9.5,"Actual",NA
"Europe","Tajikistan",2020,9.5,"Utilized",NA
"America","Nicaragua",2020,6.6,"Actual",NA
"America","Nicaragua",2020,6.6,"Utilized",NA
"Africa","Sao Tome and Principe",2020,0.2,"Actual",NA
"Africa","Sao Tome and Principe",2020,0.2,"Utilized",NA
"Western Pacific","Vanuatu",2020,0.3,"Actual",NA
"Western Pacific","Vanuatu",2020,0.3,"Utilized",NA
"South-East Asia","Timor-Leste",2020,1.3,"Actual",NA
"South-East Asia","Timor-Leste",2020,1.3,"Utilized",NA
"Africa","Zambia",2020,18.4,"Actual",NA
"Africa","Zambia",2020,18.4,"Utilized",NA
"Africa","Zimbabwe",2020,14.9,"Actual",NA
"Africa","Zimbabwe",2020,14.9,"Utilized",NA
"Western Pacific","Solomon Islands",2020,0.7,"Actual",NA
"Western Pacific","Solomon Islands",2020,0.7,"Utilized",NA
"Western Pacific","Papua New Guinea",2020,8.9,"Actual",NA
"Western Pacific","Papua New Guinea",2020,8.9,"Utilized",NA
"Africa","Uganda",2020,45.7,"Actual",NA
"Africa","Uganda",2020,45.7,"Utilized",NA
"Africa","Rwanda",2020,13,"Actual",NA
"Africa","Rwanda",2020,13,"Utilized",NA
"Africa","Togo",2020,8.3,"Actual",NA
"Africa","Togo",2020,8.3,"Utilized",NA
"Africa","Senegal",2020,16.7,"Actual",NA
"Africa","Senegal",2020,16.7,"Utilized",NA
"Eastern Mediterranean","Yemen",2020,29.8,"Actual",NA
"Eastern Mediterranean","Yemen",2020,29.8,"Utilized",NA
"Africa","Sierra Leone",2020,8,"Actual",NA
"Africa","Sierra Leone",2020,8,"Utilized",NA
"Eastern Mediterranean","South Sudan",2020,11.2,"Actual",NA
"Eastern Mediterranean","South Sudan",2020,11.2,"Utilized",NA
"Western Pacific","Cook Islands",2020,0,"Actual",NA
"Western Pacific","Cook Islands",2020,0,"Utilized",NA
"Europe","Monaco",2020,0,"Actual",0
"Europe","Monaco",2020,0,"Utilized",0
"Western Pacific","Nauru",2020,0,"Actual",NA
"Western Pacific","Nauru",2020,0,"Utilized",NA
"Western Pacific","Niue",2020,0,"Actual",NA
"Western Pacific","Niue",2020,0,"Utilized",NA
"Europe","San Marino",2020,0,"Actual",NA
"Europe","San Marino",2020,0,"Utilized",NA
"Eastern Mediterranean","Somalia",2020,0,"Actual",NA
"Eastern Mediterranean","Somalia",2020,0,"Utilized",NA
"Western Pacific","Tuvalu",2020,0,"Actual",NA
"Western Pacific","Tuvalu",2020,0,"Utilized",NA
"Western Pacific","Malaysia",2021,32.8,"Actual",7
"Western Pacific","Malaysia",2021,32.8,"Utilized",7
"Eastern Mediterranean","Kuwait",2021,4.3,"Actual",25
"Eastern Mediterranean","Kuwait",2021,4.3,"Utilized",25
"Western Pacific","Mongolia",2021,3.3,"Actual",7
"Western Pacific","Mongolia",2021,3.3,"Utilized",7
"South-East Asia","Bangladesh",2021,166.3,"Actual",0
"South-East Asia","Bangladesh",2021,166.3,"Utilized",0
"Africa","Kenya",2021,55,"Actual",0
"Africa","Kenya",2021,55,"Utilized",0
"America","Chile",2021,19.2,"Actual",147
"America","Chile",2021,19.2,"Utilized",136
"America","Costa Rica",2021,5.1,"Actual",17
"America","Costa Rica",2021,5.1,"Utilized",16
"America","Dominican Republic",2021,11,"Actual",9
"America","Dominican Republic",2021,11,"Utilized",8
"America","El Salvador",2021,6.5,"Actual",0
"America","El Salvador",2021,6.5,"Utilized",0
"America","Honduras",2021,10.1,"Actual",0
"America","Honduras",2021,10.1,"Utilized",0
"America","Mexico",2021,130.3,"Actual",260
"America","Mexico",2021,130.3,"Utilized",257
"America","Paraguay",2021,7.2,"Actual",15
"America","Paraguay",2021,7.2,"Utilized",15
"America","Uruguay",2021,3.5,"Actual",43
"America","Uruguay",2021,3.5,"Utilized",42
"Europe","Armenia",2021,3,"Actual",0
"Europe","Armenia",2021,3,"Utilized",0
"Europe","Belarus",2021,9.4,"Actual",218
"Europe","Belarus",2021,9.4,"Utilized",211
"Eastern Mediterranean","Oman",2021,5.2,"Actual",0
"Eastern Mediterranean","Oman",2021,5.2,"Utilized",0
"Eastern Mediterranean","Qatar",2021,2.9,"Actual",11
"Eastern Mediterranean","Qatar",2021,2.9,"Utilized",11
"America","Trinidad and Tobago",2021,1.4,"Actual",0
"America","Trinidad and Tobago",2021,1.4,"Utilized",0
"Europe","Georgia",2021,4,"Actual",0
"Europe","Georgia",2021,4,"Utilized",0
"Europe","Iceland",2021,0.3,"Actual",11
"Europe","Iceland",2021,0.3,"Utilized",11
"Europe","Israel",2021,8.8,"Actual",92
"Europe","Israel",2021,8.8,"Utilized",91
"Europe","Republic of Moldova",2021,4,"Actual",0
"Europe","Republic of Moldova",2021,4,"Utilized",0
"Western Pacific","China",2021,1452.5,"Actual",5272
"Western Pacific","China",2021,1452.5,"Utilized",5243
"Eastern Mediterranean","Saudi Arabia",2021,35.3,"Actual",102
"Eastern Mediterranean","Saudi Arabia",2021,35.3,"Utilized",102
"Eastern Mediterranean","Syrian Arab Republic",2021,18.3,"Actual",0
"Eastern Mediterranean","Syrian Arab Republic",2021,18.3,"Utilized",0
"South-East Asia","Thailand",2021,70,"Actual",190
"South-East Asia","Thailand",2021,70,"Utilized",184
"Eastern Mediterranean","United Arab Emirates",2021,10,"Actual",39
"Eastern Mediterranean","United Arab Emirates",2021,10,"Utilized",39
"Europe","Norway",2021,5.5,"Actual",96
"Europe","Norway",2021,5.5,"Utilized",95
"Europe","Serbia",2021,8.7,"Actual",3
"Europe","Serbia",2021,8.7,"Utilized",3
"Europe","Switzerland",2021,8.7,"Actual",166
"Europe","Switzerland",2021,8.7,"Utilized",161
"America","United States of America",2021,332.9,"Actual",13863
"America","United States of America",2021,332.9,"Utilized",12402
"America","Argentina",2021,45.6,"Actual",630
"America","Argentina",2021,45.6,"Utilized",571
"America","Brazil",2021,214,"Actual",2937
"America","Brazil",2021,214,"Utilized",2616
"Europe","Germany",2021,83.9,"Actual",933
"Europe","Germany",2021,83.9,"Utilized",900
"Europe","Austria",2021,9,"Actual",182
"Europe","Austria",2021,9,"Utilized",168
"Europe","Belgium",2021,11.6,"Actual",312
"Europe","Belgium",2021,11.6,"Utilized",280
"Europe","Bulgaria",2021,6.9,"Actual",17
"Europe","Bulgaria",2021,6.9,"Utilized",14
"Europe","Cyprus",2021,1.2,"Actual",5
"Europe","Cyprus",2021,1.2,"Utilized",5
"Europe","Estonia",2021,1.3,"Actual",21
"Europe","Estonia",2021,1.3,"Utilized",21
"Europe","Finland",2021,5.5,"Actual",122
"Europe","Finland",2021,5.5,"Utilized",119
"Europe","France",2021,65.4,"Actual",1614
"Europe","France",2021,65.4,"Utilized",1589
"Europe","Greece",2021,10.4,"Actual",52
"Europe","Greece",2021,10.4,"Utilized",45
"Europe","Hungary",2021,9.6,"Actual",102
"Europe","Hungary",2021,9.6,"Utilized",101
"Europe","Ireland",2021,5,"Actual",65
"Europe","Ireland",2021,5,"Utilized",62
"Europe","Latvia",2021,1.9,"Actual",17
"Europe","Latvia",2021,1.9,"Utilized",16
"Europe","Lithuania",2021,2.7,"Actual",51
"Europe","Lithuania",2021,2.7,"Utilized",51
"Europe","Luxembourg",2021,0.6,"Actual",2
"Europe","Luxembourg",2021,0.6,"Utilized",2
"Europe","Malta",2021,0.4,"Actual",3
"Europe","Malta",2021,0.4,"Utilized",3
"Europe","Poland",2021,37.8,"Actual",396
"Europe","Poland",2021,37.8,"Utilized",386
"Europe","Portugal",2021,10.2,"Actual",302
"Europe","Portugal",2021,10.2,"Utilized",288
"Europe","Netherlands",2021,17.2,"Actual",273
"Europe","Netherlands",2021,17.2,"Utilized",271
"Europe","Romania",2021,19.1,"Actual",47
"Europe","Romania",2021,19.1,"Utilized",47
"Europe","Sweden",2021,10.2,"Actual",197
"Europe","Sweden",2021,10.2,"Utilized",192
"Europe","United Kingdom",2021,68.2,"Actual",1350
"Europe","United Kingdom",2021,68.2,"Utilized",1267
"Europe","Croatia",2021,4.1,"Actual",121
"Europe","Croatia",2021,4.1,"Utilized",112
"Europe","Czech Republic",2021,10.7,"Actual",268
"Europe","Czech Republic",2021,10.7,"Utilized",242
"Europe","Denmark",2021,5.8,"Actual",105
"Europe","Denmark",2021,5.8,"Utilized",101
"Europe","Slovakia",2021,5.5,"Actual",60
"Europe","Slovakia",2021,5.5,"Utilized",55
"Europe","Slovenia",2021,2.1,"Actual",41
"Europe","Slovenia",2021,2.1,"Utilized",39
"Europe","Spain",2021,46.7,"Actual",1905
"Europe","Spain",2021,46.7,"Utilized",1690
"Western Pacific","Japan",2021,126.1,"Actual",78
"Western Pacific","Japan",2021,126.1,"Utilized",76
"Europe","Italy",2021,60.4,"Actual",1458
"Europe","Italy",2021,60.4,"Utilized",1387
"Western Pacific","Australia",2021,25.8,"Actual",421
"Western Pacific","Australia",2021,25.8,"Utilized",402
"Europe","Bosnia and Herzegovina",2021,3.3,"Actual",1
"Europe","Bosnia and Herzegovina",2021,3.3,"Utilized",1
"America","Canada",2021,38.1,"Actual",734
"America","Canada",2021,38.1,"Utilized",734
"Western Pacific","New Zealand",2021,4.9,"Actual",66
"Western Pacific","New Zealand",2021,4.9,"Utilized",63
"Europe","Türkiye",2021,85,"Actual",305
"Europe","Türkiye",2021,85,"Utilized",165
"America","Bolivia (Plurinational State of)",2021,11.8,"Actual",0
"America","Bolivia (Plurinational State of)",2021,11.8,"Utilized",0
"Eastern Mediterranean","Pakistan",2021,225.2,"Actual",0
"Eastern Mediterranean","Pakistan",2021,225.2,"Utilized",0
"Eastern Mediterranean","Iran (Islamic Republic of)",2021,85,"Actual",979
"Eastern Mediterranean","Iran (Islamic Republic of)",2021,85,"Utilized",925
"America","Colombia",2021,51.3,"Actual",268
"America","Colombia",2021,51.3,"Utilized",262
"Eastern Mediterranean","Sudan",2021,44.9,"Actual",0
"Eastern Mediterranean","Sudan",2021,44.9,"Utilized",0
"America","Cuba",2021,11.3,"Actual",0
"America","Cuba",2021,11.3,"Utilized",0
"Europe","Kazakhstan",2021,19,"Actual",4
"Europe","Kazakhstan",2021,19,"Utilized",4
"America","Ecuador",2021,17.9,"Actual",47
"America","Ecuador",2021,17.9,"Utilized",47
"America","Panama",2021,4.4,"Actual",0
"America","Panama",2021,4.4,"Utilized",0
"America","Guatemala",2021,18.2,"Actual",1
"America","Guatemala",2021,18.2,"Utilized",1
"Africa","Ethiopia",2021,117.9,"Actual",0
"Africa","Ethiopia",2021,117.9,"Utilized",0
"South-East Asia","India",2021,1393.4,"Actual",552
"South-East Asia","India",2021,1393.4,"Utilized",541
"America","Peru",2021,33.4,"Actual",23
"America","Peru",2021,33.4,"Utilized",21
"Europe","Albania",2021,2.9,"Actual",NA
"Europe","Albania",2021,2.9,"Utilized",NA
"Western Pacific","Singapore",2021,5.9,"Actual",15
"Western Pacific","Singapore",2021,5.9,"Utilized",15
"America","Jamaica",2021,3,"Actual",0
"America","Jamaica",2021,3,"Utilized",0
"Eastern Mediterranean","State of Libya",2021,7,"Actual",0
"Eastern Mediterranean","State of Libya",2021,7,"Utilized",0
"Western Pacific","Philippines",2021,111,"Actual",3
"Western Pacific","Philippines",2021,111,"Utilized",3
"Eastern Mediterranean","Jordan",2021,10.3,"Actual",2
"Eastern Mediterranean","Jordan",2021,10.3,"Utilized",2
"South-East Asia","Sri Lanka",2021,21.5,"Actual",34
"South-East Asia","Sri Lanka",2021,21.5,"Utilized",34
"Eastern Mediterranean","Morocco",2021,37.3,"Actual",0
"Eastern Mediterranean","Morocco",2021,37.3,"Utilized",0
"Eastern Mediterranean","Afghanistan",2021,39.8,"Actual",NA
"Eastern Mediterranean","Afghanistan",2021,39.8,"Utilized",NA
"Africa","Angola",2021,33.9,"Actual",NA
"Africa","Angola",2021,33.9,"Utilized",NA
"America","Antigua and Barbuda",2021,0.1,"Actual",NA
"America","Antigua and Barbuda",2021,0.1,"Utilized",NA
"Africa","Algeria",2021,44.6,"Actual",NA
"Africa","Algeria",2021,44.6,"Utilized",NA
"Europe","Azerbaijan",2021,10.2,"Actual",NA
"Europe","Azerbaijan",2021,10.2,"Utilized",NA
"America","Bahamas",2021,0.4,"Actual",NA
"America","Bahamas",2021,0.4,"Utilized",NA
"Eastern Mediterranean","Bahrain",2021,1.7,"Actual",NA
"Eastern Mediterranean","Bahrain",2021,1.7,"Utilized",NA
"America","Barbados",2021,0.3,"Actual",NA
"America","Barbados",2021,0.3,"Utilized",NA
"America","Belize",2021,0.4,"Actual",NA
"America","Belize",2021,0.4,"Utilized",NA
"Africa","Benin",2021,12.5,"Actual",NA
"Africa","Benin",2021,12.5,"Utilized",NA
"South-East Asia","Bhutan",2021,0.8,"Actual",NA
"South-East Asia","Bhutan",2021,0.8,"Utilized",NA
"Africa","Botswana",2021,2.4,"Actual",NA
"Africa","Botswana",2021,2.4,"Utilized",NA
"Western Pacific","Brunei Darussalam",2021,0.4,"Actual",NA
"Western Pacific","Brunei Darussalam",2021,0.4,"Utilized",NA
"Africa","Burkina Faso",2021,21.5,"Actual",NA
"Africa","Burkina Faso",2021,21.5,"Utilized",NA
"Africa","Burundi",2021,12.3,"Actual",NA
"Africa","Burundi",2021,12.3,"Utilized",NA
"Africa","Cape Verde",2021,0.6,"Actual",NA
"Africa","Cape Verde",2021,0.6,"Utilized",NA
"Western Pacific","Cambodia",2021,16.9,"Actual",NA
"Western Pacific","Cambodia",2021,16.9,"Utilized",NA
"Africa","Cameroon",2021,27.2,"Actual",NA
"Africa","Cameroon",2021,27.2,"Utilized",NA
"Africa","Chad",2021,16.9,"Actual",NA
"Africa","Chad",2021,16.9,"Utilized",NA
"Africa","Comoros",2021,0.9,"Actual",NA
"Africa","Comoros",2021,0.9,"Utilized",NA
"Africa","Congo",2021,5.7,"Actual",NA
"Africa","Congo",2021,5.7,"Utilized",NA
"Africa","Democratic Republic of The Congo",2021,92.4,"Actual",NA
"Africa","Democratic Republic of The Congo",2021,92.4,"Utilized",NA
"South-East Asia","Democratic People's Republic of Korea",2021,25.9,"Actual",NA
"South-East Asia","Democratic People's Republic of Korea",2021,25.9,"Utilized",NA
"Africa","Côte d’Ivoire",2021,27.1,"Actual",NA
"Africa","Côte d’Ivoire",2021,27.1,"Utilized",NA
"Eastern Mediterranean","Djibouti",2021,1,"Actual",NA
"Eastern Mediterranean","Djibouti",2021,1,"Utilized",NA
"America","Dominica",2021,0.1,"Actual",NA
"America","Dominica",2021,0.1,"Utilized",NA
"Eastern Mediterranean","Egypt",2021,104.3,"Actual",NA
"Eastern Mediterranean","Egypt",2021,104.3,"Utilized",NA
"Africa","Eritrea",2021,3.6,"Actual",NA
"Africa","Eritrea",2021,3.6,"Utilized",NA
"Africa","Eswatini",2021,1.2,"Actual",NA
"Africa","Eswatini",2021,1.2,"Utilized",NA
"Europe","Russian Federation",2021,145.9,"Actual",NA
"Europe","Russian Federation",2021,145.9,"Utilized",NA
"Western Pacific","Fiji",2021,0.9,"Actual",NA
"Western Pacific","Fiji",2021,0.9,"Utilized",NA
"Africa","Gabon",2021,2.3,"Actual",NA
"Africa","Gabon",2021,2.3,"Utilized",NA
"Africa","Gambia",2021,2.5,"Actual",NA
"Africa","Gambia",2021,2.5,"Utilized",NA
"Africa","Ghana",2021,31.7,"Actual",NA
"Africa","Ghana",2021,31.7,"Utilized",NA
"America","Grenada",2021,0.1,"Actual",NA
"America","Grenada",2021,0.1,"Utilized",NA
"America","Guyana",2021,0.8,"Actual",NA
"America","Guyana",2021,0.8,"Utilized",NA
"Africa","Guinea",2021,13.5,"Actual",NA
"Africa","Guinea",2021,13.5,"Utilized",NA
"Africa","Equatorial Guinea",2021,1.4,"Actual",NA
"Africa","Equatorial Guinea",2021,1.4,"Utilized",NA
"Africa","Guinea-Bissau",2021,2,"Actual",NA
"Africa","Guinea-Bissau",2021,2,"Utilized",NA
"America","Haiti",2021,11.5,"Actual",NA
"America","Haiti",2021,11.5,"Utilized",NA
"South-East Asia","Indonesia",2021,276.4,"Actual",NA
"South-East Asia","Indonesia",2021,276.4,"Utilized",NA
"Eastern Mediterranean","Iraq",2021,41.2,"Actual",NA
"Eastern Mediterranean","Iraq",2021,41.2,"Utilized",NA
"Europe","Kyrgyzstan",2021,6.6,"Actual",NA
"Europe","Kyrgyzstan",2021,6.6,"Utilized",NA
"Western Pacific","Kiribati",2021,0.1,"Actual",NA
"Western Pacific","Kiribati",2021,0.1,"Utilized",NA
"Africa","Lesotho",2021,2.2,"Actual",NA
"Africa","Lesotho",2021,2.2,"Utilized",NA
"Eastern Mediterranean","Lebanon",2021,6.8,"Actual",NA
"Eastern Mediterranean","Lebanon",2021,6.8,"Utilized",NA
"Africa","Liberia",2021,5.2,"Actual",NA
"Africa","Liberia",2021,5.2,"Utilized",NA
"Africa","Madagascar",2021,28.4,"Actual",NA
"Africa","Madagascar",2021,28.4,"Utilized",NA
"Africa","Malawi",2021,19.6,"Actual",NA
"Africa","Malawi",2021,19.6,"Utilized",NA
"South-East Asia","Maldives",2021,0.5,"Actual",NA
"South-East Asia","Maldives",2021,0.5,"Utilized",NA
"Africa","Mali",2021,20.9,"Actual",NA
"Africa","Mali",2021,20.9,"Utilized",NA
"Africa","Mauritius",2021,1.3,"Actual",NA
"Africa","Mauritius",2021,1.3,"Utilized",NA
"Africa","Mauritania",2021,4.8,"Actual",NA
"Africa","Mauritania",2021,4.8,"Utilized",NA
"Western Pacific","Micronesia (Federated States of)",2021,0.1,"Actual",NA
"Western Pacific","Micronesia (Federated States of)",2021,0.1,"Utilized",NA
"Europe","Montenegro",2021,0.6,"Actual",NA
"Europe","Montenegro",2021,0.6,"Utilized",NA
"Africa","Mozambique",2021,32.2,"Actual",NA
"Africa","Mozambique",2021,32.2,"Utilized",NA
"South-East Asia","Myanmar",2021,54.8,"Actual",NA
"South-East Asia","Myanmar",2021,54.8,"Utilized",NA
"Africa","Namibia",2021,2.6,"Actual",NA
"Africa","Namibia",2021,2.6,"Utilized",NA
"South-East Asia","Nepal",2021,29.7,"Actual",NA
"South-East Asia","Nepal",2021,29.7,"Utilized",NA
"America","Nicaragua",2021,6.7,"Actual",NA
"America","Nicaragua",2021,6.7,"Utilized",NA
"Africa","Niger",2021,25.1,"Actual",NA
"Africa","Niger",2021,25.1,"Utilized",NA
"Africa","Nigeria",2021,211.4,"Actual",0
"Africa","Nigeria",2021,211.4,"Utilized",0
"Western Pacific","Papua New Guinea",2021,9.1,"Actual",NA
"Western Pacific","Papua New Guinea",2021,9.1,"Utilized",NA
"Africa","Central African Republic",2021,4.9,"Actual",NA
"Africa","Central African Republic",2021,4.9,"Utilized",NA
"Western Pacific","Lao People's Democratic Republic",2021,7.4,"Actual",NA
"Western Pacific","Lao People's Democratic Republic",2021,7.4,"Utilized",NA
"Africa","Rwanda",2021,13.3,"Actual",NA
"Africa","Rwanda",2021,13.3,"Utilized",NA
"America","Saint Kitts and Nevis",2021,0.1,"Actual",NA
"America","Saint Kitts and Nevis",2021,0.1,"Utilized",NA
"America","Saint Vincent and the Grenadines",2021,0.1,"Actual",NA
"America","Saint Vincent and the Grenadines",2021,0.1,"Utilized",NA
"Western Pacific","Samoa",2021,0.2,"Actual",NA
"Western Pacific","Samoa",2021,0.2,"Utilized",NA
"America","Saint Lucia",2021,0.2,"Actual",NA
"America","Saint Lucia",2021,0.2,"Utilized",NA
"Africa","Sao Tome and Principe",2021,0.2,"Actual",NA
"Africa","Sao Tome and Principe",2021,0.2,"Utilized",NA
"Africa","Senegal",2021,17.2,"Actual",NA
"Africa","Senegal",2021,17.2,"Utilized",NA
"Africa","Seychelles",2021,0.1,"Actual",NA
"Africa","Seychelles",2021,0.1,"Utilized",NA
"Africa","Sierra Leone",2021,8.1,"Actual",NA
"Africa","Sierra Leone",2021,8.1,"Utilized",NA
"Eastern Mediterranean","Somalia",2021,16.4,"Actual",NA
"Eastern Mediterranean","Somalia",2021,16.4,"Utilized",NA
"Eastern Mediterranean","South Sudan",2021,11.4,"Actual",NA
"Eastern Mediterranean","South Sudan",2021,11.4,"Utilized",NA
"Africa","South Africa",2021,60,"Actual",NA
"Africa","South Africa",2021,60,"Utilized",NA
"America","Suriname",2021,0.6,"Actual",NA
"America","Suriname",2021,0.6,"Utilized",NA
"Africa","United Republic of Tanzania",2021,61.5,"Actual",NA
"Africa","United Republic of Tanzania",2021,61.5,"Utilized",NA
"Europe","Tajikistan",2021,9.7,"Actual",NA
"Europe","Tajikistan",2021,9.7,"Utilized",NA
"South-East Asia","Timor-Leste",2021,1.3,"Actual",NA
"South-East Asia","Timor-Leste",2021,1.3,"Utilized",NA
"Africa","Togo",2021,8.5,"Actual",NA
"Africa","Togo",2021,8.5,"Utilized",NA
"Western Pacific","Tonga",2021,0.1,"Actual",NA
"Western Pacific","Tonga",2021,0.1,"Utilized",NA
"Eastern Mediterranean","Tunisia",2021,11.9,"Actual",NA
"Eastern Mediterranean","Tunisia",2021,11.9,"Utilized",NA
"Europe","Turkmenistan",2021,6.1,"Actual",NA
"Europe","Turkmenistan",2021,6.1,"Utilized",NA
"Western Pacific","Tuvalu",2021,0,"Actual",NA
"Western Pacific","Tuvalu",2021,0,"Utilized",NA
"Europe","San Marino",2021,0,"Actual",NA
"Europe","San Marino",2021,0,"Utilized",NA
"Africa","Uganda",2021,47.1,"Actual",NA
"Africa","Uganda",2021,47.1,"Utilized",NA
"Europe","Ukraine",2021,43.5,"Actual",NA
"Europe","Ukraine",2021,43.5,"Utilized",NA
"Europe","Uzbekistan",2021,33.9,"Actual",NA
"Europe","Uzbekistan",2021,33.9,"Utilized",NA
"Western Pacific","Vanuatu",2021,0.3,"Actual",NA
"Western Pacific","Vanuatu",2021,0.3,"Utilized",NA
"America","Venezuela (Bolivarian Republic of)",2021,28.7,"Actual",NA
"America","Venezuela (Bolivarian Republic of)",2021,28.7,"Utilized",NA
"Western Pacific","Viet Nam",2021,98.2,"Actual",NA
"Western Pacific","Viet Nam",2021,98.2,"Utilized",NA
"Eastern Mediterranean","Yemen",2021,30.5,"Actual",NA
"Eastern Mediterranean","Yemen",2021,30.5,"Utilized",NA
"Africa","Zambia",2021,18.9,"Actual",NA
"Africa","Zambia",2021,18.9,"Utilized",NA
"Africa","Zimbabwe",2021,15.1,"Actual",NA
"Africa","Zimbabwe",2021,15.1,"Utilized",NA
"Europe","Andorra",2021,0.1,"Actual",NA
"Europe","Andorra",2021,0.1,"Utilized",NA
"Western Pacific","Cook Islands",2021,0,"Actual",NA
"Western Pacific","Cook Islands",2021,0,"Utilized",NA
"Western Pacific","Marshall Islands",2021,0,"Actual",NA
"Western Pacific","Marshall Islands",2021,0,"Utilized",NA
"Europe","Monaco",2021,0,"Actual",NA
"Europe","Monaco",2021,0,"Utilized",NA
"Western Pacific","Nauru",2021,0,"Actual",NA
"Western Pacific","Nauru",2021,0,"Utilized",NA
"Western Pacific","Niue",2021,0,"Actual",NA
"Western Pacific","Niue",2021,0,"Utilized",NA
"Western Pacific","Palau",2021,0,"Actual",NA
"Western Pacific","Palau",2021,0,"Utilized",NA
"Western Pacific","Solomon Islands",2021,0.7,"Actual",NA
"Western Pacific","Solomon Islands",2021,0.7,"Utilized",NA
"Western Pacific","Republic of Korea",2021,51.3,"Actual",442
"Western Pacific","Republic of Korea",2021,51.3,"Utilized",442
"Europe","Republic of North Macedonia",2021,2.1,"Actual",NA
"Europe","Republic of North Macedonia",2021,2.1,"Utilized",NA
"Eastern Mediterranean","Qatar",2022,3,"Actual",10
"Eastern Mediterranean","Qatar",2022,3,"Utilized",10
"South-East Asia","Thailand",2022,70.1,"Actual",303
"South-East Asia","Thailand",2022,70.1,"Utilized",291
"Eastern Mediterranean","Oman",2022,5.3,"Actual",1
"Eastern Mediterranean","Oman",2022,5.3,"Utilized",1
"Europe","Albania",2022,2.9,"Actual",0
"Europe","Albania",2022,2.9,"Utilized",0
"America","Jamaica",2022,3,"Actual",0
"America","Jamaica",2022,3,"Utilized",0
"Western Pacific","Japan",2022,125.6,"Actual",108
"Western Pacific","Japan",2022,125.6,"Utilized",108
"Western Pacific","Mongolia",2022,3.4,"Actual",3
"Western Pacific","Mongolia",2022,3.4,"Utilized",2
"Eastern Mediterranean","Saudi Arabia",2022,35.8,"Actual",118
"Eastern Mediterranean","Saudi Arabia",2022,35.8,"Utilized",112
"Eastern Mediterranean","Syrian Arab Republic",2022,19.4,"Actual",0
"Eastern Mediterranean","Syrian Arab Republic",2022,19.4,"Utilized",0
"South-East Asia","Bangladesh",2022,167.9,"Actual",0
"South-East Asia","Bangladesh",2022,167.9,"Utilized",0
"Africa","Ethiopia",2022,120.8,"Actual",0
"Africa","Ethiopia",2022,120.8,"Utilized",0
"Europe","Kazakhstan",2022,19.2,"Actual",4
"Europe","Kazakhstan",2022,19.2,"Utilized",4
"Western Pacific","China",2022,1456.8,"Actual",5628
"Western Pacific","China",2022,1456.8,"Utilized",5594
"Eastern Mediterranean","Kuwait",2022,4.4,"Actual",32
"Eastern Mediterranean","Kuwait",2022,4.4,"Utilized",30
"Africa","Kenya",2022,56.2,"Actual",0
"Africa","Kenya",2022,56.2,"Utilized",0
"Europe","Germany",2022,83.9,"Actual",869
"Europe","Germany",2022,83.9,"Utilized",842
"Europe","Belgium",2022,11.7,"Actual",342
"Europe","Belgium",2022,11.7,"Utilized",342
"Europe","Bulgaria",2022,6.8,"Actual",14
"Europe","Bulgaria",2022,6.8,"Utilized",14
"Europe","Cyprus",2022,1.2,"Actual",4
"Europe","Cyprus",2022,1.2,"Utilized",4
"Europe","Croatia",2022,4.1,"Actual",95
"Europe","Croatia",2022,4.1,"Utilized",91
"Europe","Denmark",2022,5.8,"Actual",84
"Europe","Denmark",2022,5.8,"Utilized",82
"Europe","Estonia",2022,1.3,"Actual",25
"Europe","Estonia",2022,1.3,"Utilized",25
"Europe","Finland",2022,5.6,"Actual",114
"Europe","Finland",2022,5.6,"Utilized",113
"Europe","France",2022,65.6,"Actual",1694
"Europe","France",2022,65.6,"Utilized",1660
"Europe","Hungary",2022,9.6,"Actual",122
"Europe","Hungary",2022,9.6,"Utilized",119
"Europe","Ireland",2022,5,"Actual",86
"Europe","Ireland",2022,5,"Utilized",82
"Europe","Italy",2022,60.3,"Actual",1509
"Europe","Italy",2022,60.3,"Utilized",1460
"Europe","Luxembourg",2022,0.6,"Actual",8
"Europe","Luxembourg",2022,0.6,"Utilized",8
"Europe","Netherlands",2022,17.2,"Actual",293
"Europe","Netherlands",2022,17.2,"Utilized",285
"Europe","Poland",2022,37.7,"Actual",445
"Europe","Poland",2022,37.7,"Utilized",436
"Europe","Czech Republic",2022,10.7,"Actual",298
"Europe","Czech Republic",2022,10.7,"Utilized",266
"Europe","Slovenia",2022,2.1,"Actual",54
"Europe","Slovenia",2022,2.1,"Utilized",49
"Europe","Spain",2022,46.7,"Actual",2196
"Europe","Spain",2022,46.7,"Utilized",1949
"Europe","Sweden",2022,10.2,"Actual",213
"Europe","Sweden",2022,10.2,"Utilized",206
"Europe","Austria",2022,9.1,"Actual",222
"Europe","Austria",2022,9.1,"Utilized",198
"Europe","Georgia",2022,4,"Actual",0
"Europe","Georgia",2022,4,"Utilized",0
"Europe","Iceland",2022,0.3,"Actual",10
"Europe","Iceland",2022,0.3,"Utilized",10
"Europe","Republic of Moldova",2022,4,"Actual",3
"Europe","Republic of Moldova",2022,4,"Utilized",3
"Europe","Norway",2022,5.5,"Actual",111
"Europe","Norway",2022,5.5,"Utilized",109
"Europe","Serbia",2022,8.7,"Actual",2
"Europe","Serbia",2022,8.7,"Utilized",2
"Europe","United Kingdom",2022,68.5,"Actual",1413
"Europe","United Kingdom",2022,68.5,"Utilized",1345
"Europe","Armenia",2022,3,"Actual",0
"Europe","Armenia",2022,3,"Utilized",0
"Eastern Mediterranean","Afghanistan",2022,40.8,"Actual",0
"Eastern Mediterranean","Afghanistan",2022,40.8,"Utilized",0
"America","Brazil",2022,215.4,"Actual",3266
"America","Brazil",2022,215.4,"Utilized",2897
"America","Chile",2022,19.3,"Actual",171
"America","Chile",2022,19.3,"Utilized",163
"America","Costa Rica",2022,5.2,"Actual",27
"America","Costa Rica",2022,5.2,"Utilized",27
"America","Dominican Republic",2022,11.1,"Actual",10
"America","Dominican Republic",2022,11.1,"Utilized",10
"America","El Salvador",2022,6.6,"Actual",0
"America","El Salvador",2022,6.6,"Utilized",0
"America","Ecuador",2022,18.1,"Actual",91
"America","Ecuador",2022,18.1,"Utilized",85
"America","Mexico",2022,131.6,"Actual",398
"America","Mexico",2022,131.6,"Utilized",392
"America","Panama",2022,4.4,"Actual",18
"America","Panama",2022,4.4,"Utilized",18
"America","Paraguay",2022,7.3,"Actual",15
"America","Paraguay",2022,7.3,"Utilized",15
"America","Colombia",2022,51.5,"Actual",332
"America","Colombia",2022,51.5,"Utilized",331
"America","Uruguay",2022,3.5,"Actual",75
"America","Uruguay",2022,3.5,"Utilized",73
"America","Argentina",2022,46,"Actual",767
"America","Argentina",2022,46,"Utilized",689
"Europe","Romania",2022,19,"Actual",85
"Europe","Romania",2022,19,"Utilized",85
"Europe","Israel",2022,8.9,"Actual",102
"Europe","Israel",2022,8.9,"Utilized",99
"America","Barbados",2022,0.3,"Actual",0
"America","Barbados",2022,0.3,"Utilized",0
"Eastern Mediterranean","State of Libya",2022,7,"Actual",0
"Eastern Mediterranean","State of Libya",2022,7,"Utilized",0
"Africa","Nigeria",2022,216.7,"Actual",0
"Africa","Nigeria",2022,216.7,"Utilized",0
"Eastern Mediterranean","Pakistan",2022,229.5,"Actual",0
"Eastern Mediterranean","Pakistan",2022,229.5,"Utilized",0
"Western Pacific","Philippines",2022,112.5,"Actual",20
"Western Pacific","Philippines",2022,112.5,"Utilized",20
"Western Pacific","Republic of Korea",2022,51.3,"Actual",405
"Western Pacific","Republic of Korea",2022,51.3,"Utilized",405
"Eastern Mediterranean","Tunisia",2022,12,"Actual",19
"Eastern Mediterranean","Tunisia",2022,12,"Utilized",19
"Europe","Greece",2022,10.3,"Actual",69
"Europe","Greece",2022,10.3,"Utilized",66
"Europe","Latvia",2022,1.8,"Actual",24
"Europe","Latvia",2022,1.8,"Utilized",22
"Europe","Lithuania",2022,2.7,"Actual",46
"Europe","Lithuania",2022,2.7,"Utilized",45
"Europe","Malta",2022,0.4,"Actual",5
"Europe","Malta",2022,0.4,"Utilized",5
"Europe","Portugal",2022,10.1,"Actual",318
"Europe","Portugal",2022,10.1,"Utilized",277
"Europe","Slovakia",2022,5.5,"Actual",71
"Europe","Slovakia",2022,5.5,"Utilized",69
"Western Pacific","Australia",2022,26.1,"Actual",454
"Western Pacific","Australia",2022,26.1,"Utilized",433
"Europe","Belarus",2022,9.4,"Actual",241
"Europe","Belarus",2022,9.4,"Utilized",235
"Europe","Bosnia and Herzegovina",2022,3.2,"Actual",0
"Europe","Bosnia and Herzegovina",2022,3.2,"Utilized",0
"America","Canada",2022,38.4,"Actual",NA
"America","Canada",2022,38.4,"Utilized",823
"Western Pacific","New Zealand",2022,4.9,"Actual",63
"Western Pacific","New Zealand",2022,4.9,"Utilized",59
"Europe","Switzerland",2022,8.8,"Actual",164
"Europe","Switzerland",2022,8.8,"Utilized",157
"Europe","Türkiye",2022,85.6,"Actual",289
"Europe","Türkiye",2022,85.6,"Utilized",176
"America","United States of America",2022,334.8,"Actual",14905
"America","United States of America",2022,334.8,"Utilized",13104
"Europe","Republic of North Macedonia",2022,2.1,"Actual",5
"Europe","Republic of North Macedonia",2022,2.1,"Utilized",5
"America","Bolivia (Plurinational State of)",2022,12,"Actual",0
"America","Bolivia (Plurinational State of)",2022,12,"Utilized",0
"Eastern Mediterranean","Iran (Islamic Republic of)",2022,86,"Actual",1016
"Eastern Mediterranean","Iran (Islamic Republic of)",2022,86,"Utilized",1000
"America","Cuba",2022,11.3,"Actual",5
"America","Cuba",2022,11.3,"Utilized",5
"America","Honduras",2022,10.2,"Actual",0
"America","Honduras",2022,10.2,"Utilized",0
"South-East Asia","India",2022,1406.6,"Actual",941
"South-East Asia","India",2022,1406.6,"Utilized",920
"America","Peru",2022,33.7,"Actual",42
"America","Peru",2022,33.7,"Utilized",41
"America","Guatemala",2022,18.6,"Actual",0
"America","Guatemala",2022,18.6,"Utilized",0
"Eastern Mediterranean","United Arab Emirates",2022,10.1,"Actual",55
"Eastern Mediterranean","United Arab Emirates",2022,10.1,"Utilized",55
"Western Pacific","Singapore",2022,5.9,"Actual",21
"Western Pacific","Singapore",2022,5.9,"Utilized",21
"Eastern Mediterranean","Jordan",2022,10.3,"Actual",0
"Eastern Mediterranean","Jordan",2022,10.3,"Utilized",0
"Europe","Azerbaijan",2022,10.3,"Actual",0
"Europe","Azerbaijan",2022,10.3,"Utilized",0
"America","Trinidad and Tobago",2022,1.4,"Actual",1
"America","Trinidad and Tobago",2022,1.4,"Utilized",1
"Europe","Andorra",2022,0.1,"Actual",NA
"Europe","Andorra",2022,0.1,"Utilized",NA
"Africa","Algeria",2022,45.4,"Actual",NA
"Africa","Algeria",2022,45.4,"Utilized",NA
"Africa","Angola",2022,35,"Actual",NA
"Africa","Angola",2022,35,"Utilized",NA
"America","Antigua and Barbuda",2022,0.1,"Actual",NA
"America","Antigua and Barbuda",2022,0.1,"Utilized",NA
"America","Bahamas",2022,0.4,"Actual",NA
"America","Bahamas",2022,0.4,"Utilized",NA
"Eastern Mediterranean","Bahrain",2022,1.8,"Actual",NA
"Eastern Mediterranean","Bahrain",2022,1.8,"Utilized",NA
"America","Belize",2022,0.4,"Actual",NA
"America","Belize",2022,0.4,"Utilized",NA
"Africa","Benin",2022,12.8,"Actual",NA
"Africa","Benin",2022,12.8,"Utilized",NA
"South-East Asia","Bhutan",2022,0.8,"Actual",NA
"South-East Asia","Bhutan",2022,0.8,"Utilized",NA
"Africa","Botswana",2022,2.4,"Actual",NA
"Africa","Botswana",2022,2.4,"Utilized",NA
"Western Pacific","Brunei Darussalam",2022,0.4,"Actual",NA
"Western Pacific","Brunei Darussalam",2022,0.4,"Utilized",NA
"Africa","Burkina Faso",2022,22.1,"Actual",NA
"Africa","Burkina Faso",2022,22.1,"Utilized",NA
"Africa","Burundi",2022,12.6,"Actual",NA
"Africa","Burundi",2022,12.6,"Utilized",NA
"Western Pacific","Cambodia",2022,17.2,"Actual",NA
"Western Pacific","Cambodia",2022,17.2,"Utilized",NA
"Africa","Cameroon",2022,27.9,"Actual",NA
"Africa","Cameroon",2022,27.9,"Utilized",NA
"Africa","Cape Verde",2022,0.6,"Actual",NA
"Africa","Cape Verde",2022,0.6,"Utilized",NA
"Africa","Central African Republic",2022,229,"Actual",NA
"Africa","Central African Republic",2022,229,"Utilized",NA
"Africa","Chad",2022,17.4,"Actual",NA
"Africa","Chad",2022,17.4,"Utilized",NA
"Africa","Comoros",2022,0.9,"Actual",NA
"Africa","Comoros",2022,0.9,"Utilized",NA
"Africa","Congo",2022,5.8,"Actual",NA
"Africa","Congo",2022,5.8,"Utilized",NA
"Western Pacific","Cook Islands",2022,0,"Actual",NA
"Western Pacific","Cook Islands",2022,0,"Utilized",NA
"Africa","Côte d’Ivoire",2022,27.7,"Actual",NA
"Africa","Côte d’Ivoire",2022,27.7,"Utilized",NA
"Africa","Madagascar",2022,29.2,"Actual",NA
"Africa","Madagascar",2022,29.2,"Utilized",NA
"Africa","Malawi",2022,20.2,"Actual",NA
"Africa","Malawi",2022,20.2,"Utilized",NA
"Western Pacific","Malaysia",2022,33.2,"Actual",NA
"Western Pacific","Malaysia",2022,33.2,"Utilized",NA
"South-East Asia","Maldives",2022,0.5,"Actual",NA
"South-East Asia","Maldives",2022,0.5,"Utilized",NA
"Africa","Mali",2022,21.5,"Actual",NA
"Africa","Mali",2022,21.5,"Utilized",NA
"Western Pacific","Marshall Islands",2022,0,"Actual",NA
"Western Pacific","Marshall Islands",2022,0,"Utilized",NA
"Africa","Mauritania",2022,4.9,"Actual",NA
"Africa","Mauritania",2022,4.9,"Utilized",NA
"Africa","Mauritius",2022,1.3,"Actual",NA
"Africa","Mauritius",2022,1.3,"Utilized",NA
"Western Pacific","Micronesia (Federated States of)",2022,0,"Actual",NA
"Western Pacific","Micronesia (Federated States of)",2022,0,"Utilized",NA
"Europe","Montenegro",2022,0.6,"Actual",NA
"Europe","Montenegro",2022,0.6,"Utilized",NA
"Eastern Mediterranean","Morocco",2022,37.8,"Actual",NA
"Eastern Mediterranean","Morocco",2022,37.8,"Utilized",NA
"Africa","Mozambique",2022,33.1,"Actual",NA
"Africa","Mozambique",2022,33.1,"Utilized",NA
"South-East Asia","Myanmar",2022,55.2,"Actual",NA
"South-East Asia","Myanmar",2022,55.2,"Utilized",NA
"Africa","Namibia",2022,2.6,"Actual",NA
"Africa","Namibia",2022,2.6,"Utilized",NA
"Western Pacific","Nauru",2022,0,"Actual",NA
"Western Pacific","Nauru",2022,0,"Utilized",NA
"South-East Asia","Nepal",2022,30.2,"Actual",NA
"South-East Asia","Nepal",2022,30.2,"Utilized",NA
"America","Nicaragua",2022,6.8,"Actual",NA
"America","Nicaragua",2022,6.8,"Utilized",NA
"Africa","Niger",2022,26.1,"Actual",NA
"Africa","Niger",2022,26.1,"Utilized",NA
"Western Pacific","Niue",2022,0,"Actual",NA
"Western Pacific","Niue",2022,0,"Utilized",NA
"Western Pacific","Palau",2022,0,"Actual",NA
"Western Pacific","Palau",2022,0,"Utilized",NA
"Western Pacific","Papua New Guinea",2022,9.3,"Actual",NA
"Western Pacific","Papua New Guinea",2022,9.3,"Utilized",NA
"Europe","Russian Federation",2022,145.8,"Actual",NA
"Europe","Russian Federation",2022,145.8,"Utilized",NA
"Africa","Rwanda",2022,13.6,"Actual",NA
"Africa","Rwanda",2022,13.6,"Utilized",NA
"America","Saint Kitts and Nevis",2022,0.1,"Actual",NA
"America","Saint Kitts and Nevis",2022,0.1,"Utilized",NA
"South-East Asia","Democratic People's Republic of Korea",2022,26,"Actual",NA
"South-East Asia","Democratic People's Republic of Korea",2022,26,"Utilized",NA
"Africa","Democratic Republic of The Congo",2022,95.2,"Actual",NA
"Africa","Democratic Republic of The Congo",2022,95.2,"Utilized",NA
"Eastern Mediterranean","Djibouti",2022,1,"Actual",NA
"Eastern Mediterranean","Djibouti",2022,1,"Utilized",NA
"America","Dominica",2022,0.1,"Actual",NA
"America","Dominica",2022,0.1,"Utilized",NA
"Eastern Mediterranean","Egypt",2022,106.2,"Actual",NA
"Eastern Mediterranean","Egypt",2022,106.2,"Utilized",NA
"Africa","Equatorial Guinea",2022,1.5,"Actual",NA
"Africa","Equatorial Guinea",2022,1.5,"Utilized",NA
"Africa","Eritrea",2022,3.7,"Actual",NA
"Africa","Eritrea",2022,3.7,"Utilized",NA
"Africa","Eswatini",2022,1.2,"Actual",NA
"Africa","Eswatini",2022,1.2,"Utilized",NA
"Western Pacific","Fiji",2022,0.9,"Actual",NA
"Western Pacific","Fiji",2022,0.9,"Utilized",NA
"Africa","Gabon",2022,2.3,"Actual",NA
"Africa","Gabon",2022,2.3,"Utilized",NA
"Africa","Gambia",2022,2.6,"Actual",NA
"Africa","Gambia",2022,2.6,"Utilized",NA
"Africa","Ghana",2022,32.4,"Actual",NA
"Africa","Ghana",2022,32.4,"Utilized",NA
"America","Grenada",2022,0.1,"Actual",NA
"America","Grenada",2022,0.1,"Utilized",NA
"Africa","Guinea",2022,13.9,"Actual",NA
"Africa","Guinea",2022,13.9,"Utilized",NA
"Africa","Guinea-Bissau",2022,2.1,"Actual",NA
"Africa","Guinea-Bissau",2022,2.1,"Utilized",NA
"America","Guyana",2022,0.8,"Actual",NA
"America","Guyana",2022,0.8,"Utilized",NA
"America","Haiti",2022,11.7,"Actual",NA
"America","Haiti",2022,11.7,"Utilized",NA
"South-East Asia","Indonesia",2022,279.1,"Actual",NA
"South-East Asia","Indonesia",2022,279.1,"Utilized",NA
"Eastern Mediterranean","Iraq",2022,42.2,"Actual",NA
"Eastern Mediterranean","Iraq",2022,42.2,"Utilized",NA
"America","Saint Lucia",2022,0.2,"Actual",NA
"America","Saint Lucia",2022,0.2,"Utilized",NA
"America","Saint Vincent and the Grenadines",2022,0.1,"Actual",NA
"America","Saint Vincent and the Grenadines",2022,0.1,"Utilized",NA
"Western Pacific","Samoa",2022,0.2,"Actual",NA
"Western Pacific","Samoa",2022,0.2,"Utilized",NA
"Europe","San Marino",2022,0,"Actual",NA
"Europe","San Marino",2022,0,"Utilized",NA
"Africa","Sao Tome and Principe",2022,0.2,"Actual",NA
"Africa","Sao Tome and Principe",2022,0.2,"Utilized",NA
"Africa","Senegal",2022,17.7,"Actual",NA
"Africa","Senegal",2022,17.7,"Utilized",NA
"Africa","Seychelles",2022,0.1,"Actual",NA
"Africa","Seychelles",2022,0.1,"Utilized",NA
"Africa","Sierra Leone",2022,8.3,"Actual",NA
"Africa","Sierra Leone",2022,8.3,"Utilized",NA
"Western Pacific","Solomon Islands",2022,0.7,"Actual",NA
"Western Pacific","Solomon Islands",2022,0.7,"Utilized",NA
"Eastern Mediterranean","Somalia",2022,16.8,"Actual",NA
"Eastern Mediterranean","Somalia",2022,16.8,"Utilized",NA
"Africa","South Africa",2022,60.8,"Actual",NA
"Africa","South Africa",2022,60.8,"Utilized",NA
"Eastern Mediterranean","South Sudan",2022,11.6,"Actual",NA
"Eastern Mediterranean","South Sudan",2022,11.6,"Utilized",NA
"South-East Asia","Sri Lanka",2022,21.6,"Actual",NA
"South-East Asia","Sri Lanka",2022,21.6,"Utilized",NA
"Eastern Mediterranean","Sudan",2022,46,"Actual",NA
"Eastern Mediterranean","Sudan",2022,46,"Utilized",NA
"America","Suriname",2022,0.6,"Actual",NA
"America","Suriname",2022,0.6,"Utilized",NA
"Europe","Tajikistan",2022,10,"Actual",NA
"Europe","Tajikistan",2022,10,"Utilized",NA
"South-East Asia","Timor-Leste",2022,1.4,"Actual",NA
"South-East Asia","Timor-Leste",2022,1.4,"Utilized",NA
"Africa","Togo",2022,8.7,"Actual",NA
"Africa","Togo",2022,8.7,"Utilized",NA
"Western Pacific","Tonga",2022,0.1,"Actual",NA
"Western Pacific","Tonga",2022,0.1,"Utilized",NA
"Europe","Turkmenistan",2022,6.2,"Actual",NA
"Europe","Turkmenistan",2022,6.2,"Utilized",NA
"Africa","Uganda",2022,48.4,"Actual",NA
"Africa","Uganda",2022,48.4,"Utilized",NA
"Europe","Ukraine",2022,43.2,"Actual",NA
"Europe","Ukraine",2022,43.2,"Utilized",NA
"Africa","United Republic of Tanzania",2022,63.3,"Actual",NA
"Africa","United Republic of Tanzania",2022,63.3,"Utilized",NA
"Europe","Uzbekistan",2022,34.4,"Actual",NA
"Europe","Uzbekistan",2022,34.4,"Utilized",NA
"Western Pacific","Vanuatu",2022,0.3,"Actual",NA
"Western Pacific","Vanuatu",2022,0.3,"Utilized",NA
"America","Venezuela (Bolivarian Republic of)",2022,29.3,"Actual",0
"America","Venezuela (Bolivarian Republic of)",2022,29.3,"Utilized",0
"Western Pacific","Viet Nam",2022,99,"Actual",NA
"Western Pacific","Viet Nam",2022,99,"Utilized",NA
"Eastern Mediterranean","Yemen",2022,31.2,"Actual",NA
"Eastern Mediterranean","Yemen",2022,31.2,"Utilized",NA
"Europe","Kyrgyzstan",2022,6.7,"Actual",NA
"Europe","Kyrgyzstan",2022,6.7,"Utilized",NA
"Western Pacific","Lao People's Democratic Republic",2022,7.5,"Actual",NA
"Western Pacific","Lao People's Democratic Republic",2022,7.5,"Utilized",NA
"Eastern Mediterranean","Lebanon",2022,6.7,"Actual",NA
"Eastern Mediterranean","Lebanon",2022,6.7,"Utilized",NA
"Africa","Lesotho",2022,2.2,"Actual",NA
"Africa","Lesotho",2022,2.2,"Utilized",NA
"Africa","Liberia",2022,5.3,"Actual",NA
"Africa","Liberia",2022,5.3,"Utilized",NA
"Africa","Zambia",2022,19.5,"Actual",NA
"Africa","Zambia",2022,19.5,"Utilized",NA
"Africa","Zimbabwe",2022,15.3,"Actual",NA
"Africa","Zimbabwe",2022,15.3,"Utilized",NA
"America","El Salvador",2005,6,"Actual",NA
"America","El Salvador",2005,6,"Utilized",NA
"Eastern Mediterranean","Qatar",2023,2.7,"Actual",20
"Eastern Mediterranean","Qatar",2023,2.7,"Utilized",18
"Western Pacific","Mongolia",2023,3.4,"Actual",2
"Western Pacific","Mongolia",2023,3.4,"Utilized",2
"Eastern Mediterranean","Syrian Arab Republic",2023,23.2,"Actual",0
"Eastern Mediterranean","Syrian Arab Republic",2023,23.2,"Utilized",0
"South-East Asia","Bangladesh",2023,173,"Actual",1
"South-East Asia","Bangladesh",2023,173,"Utilized",1
"Eastern Mediterranean","State of Libya",2023,6.9,"Actual",0
"Eastern Mediterranean","State of Libya",2023,6.9,"Utilized",0
"Eastern Mediterranean","Pakistan",2023,240.5,"Actual",2
"Eastern Mediterranean","Pakistan",2023,240.5,"Utilized",2
"Western Pacific","Philippines",2023,117.3,"Actual",15
"Western Pacific","Philippines",2023,117.3,"Utilized",15
"Eastern Mediterranean","Kuwait",2023,4.3,"Actual",33
"Eastern Mediterranean","Kuwait",2023,4.3,"Utilized",33
"Eastern Mediterranean","Tunisia",2023,12.5,"Actual",17
"Eastern Mediterranean","Tunisia",2023,12.5,"Utilized",16
"America","Trinidad and Tobago",2023,1.5,"Actual",0
"America","Trinidad and Tobago",2023,1.5,"Utilized",0
"South-East Asia","Thailand",2023,71.8,"Actual",446
"South-East Asia","Thailand",2023,71.8,"Utilized",430
"Eastern Mediterranean","Oman",2023,4.6,"Actual",2
"Eastern Mediterranean","Oman",2023,4.6,"Utilized",2
"Europe","Albania",2023,2.8,"Actual",0
"Europe","Albania",2023,2.8,"Utilized",0
"America","Barbados",2023,0.3,"Actual",0
"America","Barbados",2023,0.3,"Utilized",0
"Europe","Armenia",2023,2.8,"Actual",0
"Europe","Armenia",2023,2.8,"Utilized",0
"Western Pacific","Australia",2023,26.4,"Actual",513
"Western Pacific","Australia",2023,26.4,"Utilized",490
"Europe","Belarus",2023,9.5,"Actual",240
"Europe","Belarus",2023,9.5,"Utilized",236
"Europe","Bosnia and Herzegovina",2023,3.2,"Actual",2
"Europe","Bosnia and Herzegovina",2023,3.2,"Utilized",2
"America","Canada",2023,38.8,"Actual",NA
"America","Canada",2023,38.8,"Utilized",952
"Europe","Georgia",2023,3.7,"Actual",0
"Europe","Georgia",2023,3.7,"Utilized",0
"Western Pacific","China",2023,1433.9,"Actual",6454
"Western Pacific","China",2023,1433.9,"Utilized",6401
"Europe","Kazakhstan",2023,19.6,"Actual",7
"Europe","Kazakhstan",2023,19.6,"Utilized",7
"Eastern Mediterranean","Afghanistan",2023,42.2,"Actual",0
"Eastern Mediterranean","Afghanistan",2023,42.2,"Utilized",0
"Africa","Kenya",2023,55.1,"Actual",0
"Africa","Kenya",2023,55.1,"Utilized",0
"Western Pacific","Japan",2023,123.3,"Actual",145
"Western Pacific","Japan",2023,123.3,"Utilized",145
"Western Pacific","Republic of Korea",2023,51.8,"Actual",483
"Western Pacific","Republic of Korea",2023,51.8,"Utilized",483
"Eastern Mediterranean","Saudi Arabia",2023,36.9,"Actual",146
"Eastern Mediterranean","Saudi Arabia",2023,36.9,"Utilized",138
"Africa","Nigeria",2023,223.8,"Actual",0
"Africa","Nigeria",2023,223.8,"Utilized",0
"Africa","Ethiopia",2023,126.5,"Actual",0
"Africa","Ethiopia",2023,126.5,"Utilized",0
"Europe","Iceland",2023,0.4,"Actual",10
"Europe","Iceland",2023,0.4,"Utilized",10
"Europe","Israel",2023,9.2,"Actual",107
"Europe","Israel",2023,9.2,"Utilized",98
"Europe","Republic of North Macedonia",2023,2.1,"Actual",4
"Europe","Republic of North Macedonia",2023,2.1,"Utilized",3
"Europe","Republic of Moldova",2023,3.4,"Actual",1
"Europe","Republic of Moldova",2023,3.4,"Utilized",1
"Western Pacific","New Zealand",2023,5.2,"Actual",64
"Western Pacific","New Zealand",2023,5.2,"Utilized",63
"Europe","Norway",2023,5.5,"Actual",122
"Europe","Norway",2023,5.5,"Utilized",119
"Europe","Serbia",2023,7.1,"Actual",13
"Europe","Serbia",2023,7.1,"Utilized",13
"Europe","Switzerland",2023,8.8,"Actual",200
"Europe","Switzerland",2023,8.8,"Utilized",185
"Europe","Türkiye",2023,85.8,"Actual",305
"Europe","Türkiye",2023,85.8,"Utilized",190
"Europe","Ukraine",2023,36.7,"Actual",149
"Europe","Ukraine",2023,36.7,"Utilized",135
"Europe","United Kingdom",2023,67.7,"Actual",1513
"Europe","United Kingdom",2023,67.7,"Utilized",1423
"Europe","Austria",2023,9,"Actual",188
"Europe","Austria",2023,9,"Utilized",160
"Europe","Belgium",2023,11.7,"Actual",383
"Europe","Belgium",2023,11.7,"Utilized",369
"Europe","Bulgaria",2023,6.7,"Actual",22
"Europe","Bulgaria",2023,6.7,"Utilized",22
"Europe","Croatia",2023,4,"Actual",116
"Europe","Croatia",2023,4,"Utilized",110
"Europe","Cyprus",2023,1.3,"Actual",9
"Europe","Cyprus",2023,1.3,"Utilized",9
"Europe","Czech Republic",2023,10.5,"Actual",299
"Europe","Czech Republic",2023,10.5,"Utilized",269
"Europe","Denmark",2023,5.9,"Actual",113
"Europe","Denmark",2023,5.9,"Utilized",111
"Europe","Estonia",2023,1.3,"Actual",30
"Europe","Estonia",2023,1.3,"Utilized",30
"Europe","Finland",2023,5.5,"Actual",155
"Europe","Finland",2023,5.5,"Utilized",150
"Europe","France",2023,64.8,"Actual",1791
"Europe","France",2023,64.8,"Utilized",1764
"Europe","Germany",2023,83.3,"Actual",965
"Europe","Germany",2023,83.3,"Utilized",931
"Europe","Greece",2023,10.3,"Actual",87
"Europe","Greece",2023,10.3,"Utilized",80
"Europe","Hungary",2023,10.2,"Actual",131
"Europe","Hungary",2023,10.2,"Utilized",125
"Europe","Ireland",2023,5.1,"Actual",95
"Europe","Ireland",2023,5.1,"Utilized",91
"Europe","Italy",2023,58.9,"Actual",1731
"Europe","Italy",2023,58.9,"Utilized",1667
"Europe","Latvia",2023,1.8,"Actual",25
"Europe","Latvia",2023,1.8,"Utilized",24
"Europe","Lithuania",2023,2.7,"Actual",53
"Europe","Lithuania",2023,2.7,"Utilized",52
"Europe","Luxembourg",2023,0.7,"Actual",7
"Europe","Luxembourg",2023,0.7,"Utilized",7
"Europe","Malta",2023,0.5,"Actual",1
"Europe","Malta",2023,0.5,"Utilized",1
"Europe","Netherlands",2023,17.6,"Actual",304
"Europe","Netherlands",2023,17.6,"Utilized",292
"Europe","Poland",2023,41,"Actual",566
"Europe","Poland",2023,41,"Utilized",556
"Europe","Portugal",2023,10.2,"Actual",375
"Europe","Portugal",2023,10.2,"Utilized",345
"Europe","Romania",2023,19.9,"Actual",82
"Europe","Romania",2023,19.9,"Utilized",82
"Europe","Slovakia",2023,5.8,"Actual",68
"Europe","Slovakia",2023,5.8,"Utilized",64
"Europe","Slovenia",2023,2.1,"Actual",64
"Europe","Slovenia",2023,2.1,"Utilized",58
"Europe","Spain",2023,47.5,"Actual",2346
"Europe","Spain",2023,47.5,"Utilized",2076
"Europe","Sweden",2023,10.6,"Actual",267
"Europe","Sweden",2023,10.6,"Utilized",258
"America","United States of America",2023,340,"Actual",16336
"America","United States of America",2023,340,"Utilized",14332
"America","Argentina",2023,45.8,"Actual",816
"America","Argentina",2023,45.8,"Utilized",740
"America","Bolivia (Plurinational State of)",2023,12.4,"Actual",4
"America","Bolivia (Plurinational State of)",2023,12.4,"Utilized",4
"America","Brazil",2023,216.4,"Actual",3759
"America","Brazil",2023,216.4,"Utilized",3299
"America","Chile",2023,19.6,"Actual",192
"America","Chile",2023,19.6,"Utilized",190
"America","Colombia",2023,52.1,"Actual",388
"America","Colombia",2023,52.1,"Utilized",385
"America","Costa Rica",2023,5.2,"Actual",21
"America","Costa Rica",2023,5.2,"Utilized",21
"America","Cuba",2023,11.2,"Actual",7
"America","Cuba",2023,11.2,"Utilized",7
"America","Dominican Republic",2023,11.3,"Actual",8
"America","Dominican Republic",2023,11.3,"Utilized",8
"America","Ecuador",2023,18.2,"Actual",88
"America","Ecuador",2023,18.2,"Utilized",88
"America","Jamaica",2023,2.8,"Actual",0
"America","Jamaica",2023,2.8,"Utilized",0
"America","El Salvador",2023,6.4,"Actual",0
"America","El Salvador",2023,6.4,"Utilized",0
"America","Guatemala",2023,18.1,"Actual",7
"America","Guatemala",2023,18.1,"Utilized",7
"America","Mexico",2023,128.5,"Actual",513
"America","Mexico",2023,128.5,"Utilized",504
"America","Panama",2023,4.5,"Actual",12
"America","Panama",2023,4.5,"Utilized",12
"America","Paraguay",2023,6.9,"Actual",21
"America","Paraguay",2023,6.9,"Utilized",19
"America","Peru",2023,34.4,"Actual",50
"America","Peru",2023,34.4,"Utilized",49
"America","Uruguay",2023,3.4,"Actual",67
"America","Uruguay",2023,3.4,"Utilized",65
"America","Venezuela (Bolivarian Republic of)",2023,28.8,"Actual",0
"America","Venezuela (Bolivarian Republic of)",2023,28.8,"Utilized",0
"Eastern Mediterranean","United Arab Emirates",2023,9.5,"Actual",87
"Eastern Mediterranean","United Arab Emirates",2023,9.5,"Utilized",85
"South-East Asia","India",2023,1428.6,"Actual",1099
"South-East Asia","India",2023,1428.6,"Utilized",1022
"Western Pacific","Malaysia",2023,34.3,"Actual",43
"Western Pacific","Malaysia",2023,34.3,"Utilized",43
"Western Pacific","Singapore",2023,6,"Actual",28
"Western Pacific","Singapore",2023,6,"Utilized",28
"America","Guyana",2023,0.8,"Actual",0
"America","Guyana",2023,0.8,"Utilized",0
"Eastern Mediterranean","Jordan",2023,11.3,"Actual",0
"Eastern Mediterranean","Jordan",2023,11.3,"Utilized",0
"South-East Asia","Sri Lanka",2023,21.9,"Actual",74
"South-East Asia","Sri Lanka",2023,21.9,"Utilized",35
"America","Bolivia (Plurinational State of)",2024,12.6,"Actual",4
"America","Bolivia (Plurinational State of)",2024,12.6,"Utilized",4
"America","Brazil",2024,217.6,"Actual",3771
"America","Brazil",2024,217.6,"Utilized",3380
"America","Colombia",2024,52.3,"Actual",388
"America","Colombia",2024,52.3,"Utilized",385
"America","Costa Rica",2024,5.2,"Actual",29
"America","Costa Rica",2024,5.2,"Utilized",29
"America","Chile",2024,19.7,"Actual",213
"America","Chile",2024,19.7,"Utilized",207
"America","Dominican Republic",2024,11.4,"Actual",24
"America","Dominican Republic",2024,11.4,"Utilized",22
"America","Ecuador",2024,18.4,"Actual",72
"America","Ecuador",2024,18.4,"Utilized",67
"America","El Salvador",2024,6.4,"Actual",0
"America","El Salvador",2024,6.4,"Utilized",0
"America","Guatemala",2024,18.4,"Actual",10
"America","Guatemala",2024,18.4,"Utilized",10
"America","Panama",2024,4.5,"Actual",15
"America","Panama",2024,4.5,"Utilized",15
"America","Paraguay",2024,6.9,"Actual",26
"America","Paraguay",2024,6.9,"Utilized",25
"America","Mexico",2024,129.4,"Actual",545
"America","Mexico",2024,129.4,"Utilized",533
"America","Peru",2024,34.7,"Actual",51
"America","Peru",2024,34.7,"Utilized",50
"America","Uruguay",2024,3.4,"Actual",67
"America","Uruguay",2024,3.4,"Utilized",66
"America","Trinidad and Tobago",2024,1.5,"Actual",0
"America","Trinidad and Tobago",2024,1.5,"Utilized",0
"Eastern Mediterranean","State of Libya",2024,7,"Actual",0
"Eastern Mediterranean","State of Libya",2024,7,"Utilized",0
"Europe","Kazakhstan",2024,19.8,"Actual",6
"Europe","Kazakhstan",2024,19.8,"Utilized",6
"America","Barbados",2024,0.3,"Actual",0
"America","Barbados",2024,0.3,"Utilized",0
"South-East Asia","Bangladesh",2024,174.7,"Actual",1
"South-East Asia","Bangladesh",2024,174.7,"Utilized",1
"Eastern Mediterranean","Qatar",2024,2.7,"Actual",22
"Eastern Mediterranean","Qatar",2024,2.7,"Utilized",18
"Europe","Albania",2024,2.8,"Actual",0
"Europe","Albania",2024,2.8,"Utilized",0
"America","Argentina",2024,46.1,"Actual",803
"America","Argentina",2024,46.1,"Utilized",725
"Africa","Nigeria",2024,229.2,"Actual",0
"Africa","Nigeria",2024,229.2,"Utilized",0
"Eastern Mediterranean","Oman",2024,4.7,"Actual",5
"Eastern Mediterranean","Oman",2024,4.7,"Utilized",5
"Eastern Mediterranean","Tunisia",2024,12.6,"Actual",8
"Eastern Mediterranean","Tunisia",2024,12.6,"Utilized",8
"Africa","Kenya",2024,56.2,"Actual",0
"Africa","Kenya",2024,56.2,"Utilized",0
"Eastern Mediterranean","Syrian Arab Republic",2024,24.3,"Actual",0
"Eastern Mediterranean","Syrian Arab Republic",2024,24.3,"Utilized",0
"Western Pacific","Japan",2024,122.6,"Actual",138
"Western Pacific","Japan",2024,122.6,"Utilized",138
"Western Pacific","Mongolia",2024,3.5,"Actual",5
"Western Pacific","Mongolia",2024,3.5,"Utilized",5
"Western Pacific","China",2024,1433.4,"Actual",6744
"Western Pacific","China",2024,1433.4,"Utilized",6662
"Eastern Mediterranean","Kuwait",2024,4.3,"Actual",48
"Eastern Mediterranean","Kuwait",2024,4.3,"Utilized",44
"South-East Asia","Sri Lanka",2024,21.9,"Actual",70
"South-East Asia","Sri Lanka",2024,21.9,"Utilized",44
"Eastern Mediterranean","Pakistan",2024,245.2,"Actual",1
"Eastern Mediterranean","Pakistan",2024,245.2,"Utilized",1
"America","Cuba",2024,11.2,"Actual",5
"America","Cuba",2024,11.2,"Utilized",4
"America","Honduras",2024,10.8,"Actual",0
"America","Honduras",2024,10.8,"Utilized",0
"America","Jamaica",2024,2.8,"Actual",0
"America","Jamaica",2024,2.8,"Utilized",0
"Africa","Ethiopia",2024,129.7,"Actual",0
"Africa","Ethiopia",2024,129.7,"Utilized",0
"Eastern Mediterranean","United Arab Emirates",2024,9.6,"Actual",111
"Eastern Mediterranean","United Arab Emirates",2024,9.6,"Utilized",110
"Western Pacific","Republic of Korea",2024,51.7,"Actual",397
"Western Pacific","Republic of Korea",2024,51.7,"Utilized",397
"South-East Asia","Thailand",2024,71.9,"Actual",436
"South-East Asia","Thailand",2024,71.9,"Utilized",416
"Western Pacific","Malaysia",2024,34.7,"Actual",45
"Western Pacific","Malaysia",2024,34.7,"Utilized",44
"Europe","Armenia",2024,2.8,"Actual",0
"Europe","Armenia",2024,2.8,"Utilized",0
"Western Pacific","Australia",2024,26.7,"Actual",527
"Western Pacific","Australia",2024,26.7,"Utilized",492
"Europe","Belarus",2024,9.5,"Actual",242
"Europe","Belarus",2024,9.5,"Utilized",238
"Europe","Georgia",2024,3.7,"Actual",0
"Europe","Georgia",2024,3.7,"Utilized",0
"Europe","Iceland",2024,0.4,"Actual",3
"Europe","Iceland",2024,0.4,"Utilized",3
"Europe","Republic of North Macedonia",2024,2.1,"Actual",2
"Europe","Republic of North Macedonia",2024,2.1,"Utilized",2
"Western Pacific","New Zealand",2024,5.3,"Actual",70
"Western Pacific","New Zealand",2024,5.3,"Utilized",68
"Europe","Norway",2024,5.5,"Actual",113
"Europe","Norway",2024,5.5,"Utilized",105
"Europe","Republic of Moldova",2024,3.3,"Actual",2
"Europe","Republic of Moldova",2024,3.3,"Utilized",2
"Europe","Serbia",2024,7.1,"Actual",9
"Europe","Serbia",2024,7.1,"Utilized",9
"Europe","Switzerland",2024,8.9,"Actual",187
"Europe","Switzerland",2024,8.9,"Utilized",174
"Europe","Ukraine",2024,37.9,"Actual",130
"Europe","Ukraine",2024,37.9,"Utilized",118
"Europe","Türkiye",2024,86.3,"Actual",364
"Europe","Türkiye",2024,86.3,"Utilized",227
"Europe","Israel",2024,9.3,"Actual",97
"Europe","Israel",2024,9.3,"Utilized",96
"Europe","United Kingdom",2024,68,"Actual",1385
"Europe","United Kingdom",2024,68,"Utilized",1307
"Europe","Belgium",2024,11.7,"Actual",381
"Europe","Belgium",2024,11.7,"Utilized",371
"Europe","Croatia",2024,4,"Actual",121
"Europe","Croatia",2024,4,"Utilized",119
"Europe","Czech Republic",2024,10.5,"Actual",360
"Europe","Czech Republic",2024,10.5,"Utilized",336
"Europe","Denmark",2024,5.9,"Actual",125
"Europe","Denmark",2024,5.9,"Utilized",117
"Europe","Estonia",2024,1.3,"Actual",19
"Europe","Estonia",2024,1.3,"Utilized",17
"Western Pacific","Singapore",2024,6.1,"Actual",29
"Western Pacific","Singapore",2024,6.1,"Utilized",29
"Europe","Finland",2024,5.5,"Actual",159
"Europe","Finland",2024,5.5,"Utilized",156
"Europe","France",2024,64.9,"Actual",1856
"Europe","France",2024,64.9,"Utilized",1835
"Europe","Germany",2024,83.3,"Actual",953
"Europe","Germany",2024,83.3,"Utilized",911
"Europe","Greece",2024,10.3,"Actual",111
"Europe","Greece",2024,10.3,"Utilized",102
"Europe","Hungary",2024,10,"Actual",157
"Europe","Hungary",2024,10,"Utilized",154
"Europe","Ireland",2024,5.1,"Actual",84
"Europe","Ireland",2024,5.1,"Utilized",80
"Europe","Italy",2024,58.7,"Actual",1795
"Europe","Italy",2024,58.7,"Utilized",1730
"Europe","Latvia",2024,1.8,"Actual",30
"Europe","Latvia",2024,1.8,"Utilized",30
"Europe","Lithuania",2024,2.7,"Actual",67
"Europe","Lithuania",2024,2.7,"Utilized",67
"Europe","Luxembourg",2024,0.7,"Actual",7
"Europe","Luxembourg",2024,0.7,"Utilized",7
"Europe","Netherlands",2024,17.7,"Actual",373
"Europe","Netherlands",2024,17.7,"Utilized",360
"Europe","Slovenia",2024,2.1,"Actual",43
"Europe","Slovenia",2024,2.1,"Utilized",42
"Europe","Spain",2024,47.5,"Actual",2562
"Europe","Spain",2024,47.5,"Utilized",2278
"Europe","Poland",2024,40.2,"Actual",667
"Europe","Poland",2024,40.2,"Utilized",661
"Europe","Portugal",2024,10.2,"Actual",374
"Europe","Portugal",2024,10.2,"Utilized",342
"Europe","Romania",2024,19.6,"Actual",73
"Europe","Romania",2024,19.6,"Utilized",73
"Europe","Sweden",2024,10.7,"Actual",243
"Europe","Sweden",2024,10.7,"Utilized",233
"Europe","Austria",2024,9,"Actual",187
"Europe","Austria",2024,9,"Utilized",166
"Europe","Bulgaria",2024,6.6,"Actual",16
"Europe","Bulgaria",2024,6.6,"Utilized",16
"Europe","Cyprus",2024,1.3,"Actual",12
"Europe","Cyprus",2024,1.3,"Utilized",12
"Europe","Malta",2024,0.5,"Actual",6
"Europe","Malta",2024,0.5,"Utilized",6
"Europe","Slovakia",2024,5.7,"Actual",66
"Europe","Slovakia",2024,5.7,"Utilized",63
"America","United States of America",2024,341.8,"Actual",16989
"America","United States of America",2024,341.8,"Utilized",14908
"America","Canada",2024,39.1,"Actual",NA
"America","Canada",2024,39.1,"Utilized",894
"Western Pacific","Philippines",2024,119.1,"Actual",8
"Western Pacific","Philippines",2024,119.1,"Utilized",8
"Eastern Mediterranean","Jordan",2024,11.4,"Actual",1
"Eastern Mediterranean","Jordan",2024,11.4,"Utilized",1
"Africa","South Africa",2023,60.4,"Actual",NA
"Africa","South Africa",2023,60.4,"Utilized",NA
"Africa","South Africa",2024,61,"Actual",87
"Africa","South Africa",2024,61,"Utilized",80
"South-East Asia","India",2024,1441.7,"Actual",1128
"South-East Asia","India",2024,1441.7,"Utilized",1128
"America","Guyana",2024,0.8,"Actual",0
"America","Guyana",2024,0.8,"Utilized",0
"Europe","Bosnia and Herzegovina",2024,3.2,"Actual",6
"Europe","Bosnia and Herzegovina",2024,3.2,"Utilized",6
